sgRNA,Rank,Region,Entropy
sgRNA_1,rank01,SL1,0.8728251121076234
sgRNA_1,rank01,SL2,1.9355440414507772
sgRNA_1,rank01,SL3,0.0
sgRNA_1,rank01,TL,-0.336734693877551
sgRNA_1,rank01,spacer,1.6830699088145897
sgRNA_1,rank02,SL1,0.8728251121076234
sgRNA_1,rank02,SL2,1.9355440414507772
sgRNA_1,rank02,SL3,0.0
sgRNA_1,rank02,TL,-0.336734693877551
sgRNA_1,rank02,spacer,1.6830699088145897
sgRNA_1,rank03,SL1,0.8728251121076234
sgRNA_1,rank03,SL2,1.9355440414507772
sgRNA_1,rank03,SL3,0.0
sgRNA_1,rank03,TL,-0.336734693877551
sgRNA_1,rank03,spacer,1.6830699088145897
sgRNA_1,rank04,SL1,0.8728251121076234
sgRNA_1,rank04,SL2,1.9355440414507772
sgRNA_1,rank04,SL3,0.0
sgRNA_1,rank04,TL,-0.336734693877551
sgRNA_1,rank04,spacer,1.6830699088145897
sgRNA_1,rank05,SL1,0.8728251121076234
sgRNA_1,rank05,SL2,1.9355440414507772
sgRNA_1,rank05,SL3,0.0
sgRNA_1,rank05,TL,-0.336734693877551
sgRNA_1,rank05,spacer,1.6830699088145897
sgRNA_1,rank06,SL1,0.8728251121076234
sgRNA_1,rank06,SL2,1.9355440414507772
sgRNA_1,rank06,SL3,0.0
sgRNA_1,rank06,TL,-0.336734693877551
sgRNA_1,rank06,spacer,1.6830699088145897
sgRNA_1,rank07,SL1,0.8728251121076234
sgRNA_1,rank07,SL2,1.9355440414507772
sgRNA_1,rank07,SL3,0.0
sgRNA_1,rank07,TL,-0.336734693877551
sgRNA_1,rank07,spacer,1.6830699088145897
sgRNA_10,rank01,SL1,1.924708520179372
sgRNA_10,rank01,SL2,1.6788082901554404
sgRNA_10,rank01,SL3,0.35340206185567014
sgRNA_10,rank01,TL,1.8873469387755102
sgRNA_10,rank01,spacer,1.4266356589147287
sgRNA_10,rank02,SL1,1.924708520179372
sgRNA_10,rank02,SL2,1.6788082901554404
sgRNA_10,rank02,SL3,0.35340206185567014
sgRNA_10,rank02,TL,1.8873469387755102
sgRNA_10,rank02,spacer,1.4266356589147287
sgRNA_10,rank03,SL1,1.924708520179372
sgRNA_10,rank03,SL2,1.6788082901554404
sgRNA_10,rank03,SL3,0.35340206185567014
sgRNA_10,rank03,TL,1.8873469387755102
sgRNA_10,rank03,spacer,1.4266356589147287
sgRNA_10,rank04,SL1,1.924708520179372
sgRNA_10,rank04,SL2,1.6788082901554404
sgRNA_10,rank04,SL3,0.35340206185567014
sgRNA_10,rank04,TL,1.8873469387755102
sgRNA_10,rank04,spacer,1.4266356589147287
sgRNA_10,rank05,SL1,1.924708520179372
sgRNA_10,rank05,SL2,1.6788082901554404
sgRNA_10,rank05,SL3,0.35340206185567014
sgRNA_10,rank05,TL,1.8873469387755102
sgRNA_10,rank05,spacer,1.4266356589147287
sgRNA_10,rank06,SL1,1.924708520179372
sgRNA_10,rank06,SL2,1.6788082901554404
sgRNA_10,rank06,SL3,0.35340206185567014
sgRNA_10,rank06,TL,1.8873469387755102
sgRNA_10,rank06,spacer,1.4266356589147287
sgRNA_10,rank07,SL1,1.924708520179372
sgRNA_10,rank07,SL2,1.6788082901554404
sgRNA_10,rank07,SL3,0.35340206185567014
sgRNA_10,rank07,TL,1.8873469387755102
sgRNA_10,rank07,spacer,1.4266356589147287
sgRNA_10,rank08,SL1,1.924708520179372
sgRNA_10,rank08,SL2,1.6788082901554404
sgRNA_10,rank08,SL3,0.35340206185567014
sgRNA_10,rank08,TL,1.8873469387755102
sgRNA_10,rank08,spacer,1.4266356589147287
sgRNA_100,rank01,SL1,1.5994618834080718
sgRNA_100,rank01,SL2,2.123937823834197
sgRNA_100,rank01,SL3,1.0686597938144329
sgRNA_100,rank01,TL,1.3058163265306122
sgRNA_100,rank01,spacer,1.3176755070202808
sgRNA_100,rank02,SL1,1.5994618834080718
sgRNA_100,rank02,SL2,2.123937823834197
sgRNA_100,rank02,SL3,1.0686597938144329
sgRNA_100,rank02,TL,1.3058163265306122
sgRNA_100,rank02,spacer,1.3176755070202808
sgRNA_100,rank03,SL1,1.5994618834080718
sgRNA_100,rank03,SL2,2.123937823834197
sgRNA_100,rank03,SL3,1.0686597938144329
sgRNA_100,rank03,TL,1.3058163265306122
sgRNA_100,rank03,spacer,1.3176755070202808
sgRNA_100,rank04,SL1,1.5994618834080718
sgRNA_100,rank04,SL2,2.123937823834197
sgRNA_100,rank04,SL3,1.0686597938144329
sgRNA_100,rank04,TL,1.3058163265306122
sgRNA_100,rank04,spacer,1.3176755070202808
sgRNA_100,rank05,SL1,1.5994618834080718
sgRNA_100,rank05,SL2,2.123937823834197
sgRNA_100,rank05,SL3,1.0686597938144329
sgRNA_100,rank05,TL,1.3058163265306122
sgRNA_100,rank05,spacer,1.3176755070202808
sgRNA_100,rank06,SL1,1.5994618834080718
sgRNA_100,rank06,SL2,2.123937823834197
sgRNA_100,rank06,SL3,1.0686597938144329
sgRNA_100,rank06,TL,1.3058163265306122
sgRNA_100,rank06,spacer,1.3176755070202808
sgRNA_100,rank07,SL1,1.5994618834080718
sgRNA_100,rank07,SL2,2.123937823834197
sgRNA_100,rank07,SL3,1.0686597938144329
sgRNA_100,rank07,TL,1.3058163265306122
sgRNA_100,rank07,spacer,1.3176755070202808
sgRNA_100,rank08,SL1,1.5994618834080718
sgRNA_100,rank08,SL2,2.123937823834197
sgRNA_100,rank08,SL3,1.0686597938144329
sgRNA_100,rank08,TL,1.3058163265306122
sgRNA_100,rank08,spacer,1.3176755070202808
sgRNA_100,rank09,SL1,1.5994618834080718
sgRNA_100,rank09,SL2,2.123937823834197
sgRNA_100,rank09,SL3,1.0686597938144329
sgRNA_100,rank09,TL,1.3058163265306122
sgRNA_100,rank09,spacer,1.3176755070202808
sgRNA_100,rank10,SL1,1.5994618834080718
sgRNA_100,rank10,SL2,2.123937823834197
sgRNA_100,rank10,SL3,1.0686597938144329
sgRNA_100,rank10,TL,1.3058163265306122
sgRNA_100,rank10,spacer,1.3176755070202808
sgRNA_100,rank11,SL1,1.5994618834080718
sgRNA_100,rank11,SL2,2.123937823834197
sgRNA_100,rank11,SL3,1.0686597938144329
sgRNA_100,rank11,TL,1.3058163265306122
sgRNA_100,rank11,spacer,1.3176755070202808
sgRNA_100,rank12,SL1,1.5994618834080718
sgRNA_100,rank12,SL2,2.123937823834197
sgRNA_100,rank12,SL3,1.0686597938144329
sgRNA_100,rank12,TL,1.3058163265306122
sgRNA_100,rank12,spacer,1.3176755070202808
sgRNA_101,rank01,SL1,1.3942152466367714
sgRNA_101,rank01,SL2,1.4701554404145079
sgRNA_101,rank01,SL3,0.4639175257731959
sgRNA_101,rank01,TL,0.284234693877551
sgRNA_101,rank01,spacer,1.42202875399361
sgRNA_101,rank02,SL1,1.3942152466367714
sgRNA_101,rank02,SL2,1.4701554404145079
sgRNA_101,rank02,SL3,0.4639175257731959
sgRNA_101,rank02,TL,0.284234693877551
sgRNA_101,rank02,spacer,1.42202875399361
sgRNA_101,rank03,SL1,1.3942152466367714
sgRNA_101,rank03,SL2,1.4701554404145079
sgRNA_101,rank03,SL3,0.4639175257731959
sgRNA_101,rank03,TL,0.284234693877551
sgRNA_101,rank03,spacer,1.42202875399361
sgRNA_101,rank04,SL1,1.3942152466367714
sgRNA_101,rank04,SL2,1.4701554404145079
sgRNA_101,rank04,SL3,0.4639175257731959
sgRNA_101,rank04,TL,0.284234693877551
sgRNA_101,rank04,spacer,1.42202875399361
sgRNA_101,rank05,SL1,1.3942152466367714
sgRNA_101,rank05,SL2,1.4701554404145079
sgRNA_101,rank05,SL3,0.4639175257731959
sgRNA_101,rank05,TL,0.284234693877551
sgRNA_101,rank05,spacer,1.42202875399361
sgRNA_101,rank06,SL1,1.3942152466367714
sgRNA_101,rank06,SL2,1.4701554404145079
sgRNA_101,rank06,SL3,0.4639175257731959
sgRNA_101,rank06,TL,0.284234693877551
sgRNA_101,rank06,spacer,1.42202875399361
sgRNA_101,rank07,SL1,1.3942152466367714
sgRNA_101,rank07,SL2,1.4701554404145079
sgRNA_101,rank07,SL3,0.4639175257731959
sgRNA_101,rank07,TL,0.284234693877551
sgRNA_101,rank07,spacer,1.42202875399361
sgRNA_101,rank08,SL1,1.3942152466367714
sgRNA_101,rank08,SL2,1.4701554404145079
sgRNA_101,rank08,SL3,0.4639175257731959
sgRNA_101,rank08,TL,0.284234693877551
sgRNA_101,rank08,spacer,1.42202875399361
sgRNA_101,rank09,SL1,1.3942152466367714
sgRNA_101,rank09,SL2,1.4701554404145079
sgRNA_101,rank09,SL3,0.4639175257731959
sgRNA_101,rank09,TL,0.284234693877551
sgRNA_101,rank09,spacer,1.42202875399361
sgRNA_102,rank01,SL1,0.5735874439461883
sgRNA_102,rank01,SL2,1.2473056994818652
sgRNA_102,rank01,SL3,0.23402061855670106
sgRNA_102,rank01,TL,1.794030612244898
sgRNA_102,rank01,spacer,2.2612057877813507
sgRNA_102,rank02,SL1,0.5735874439461883
sgRNA_102,rank02,SL2,1.2473056994818652
sgRNA_102,rank02,SL3,0.23402061855670106
sgRNA_102,rank02,TL,1.794030612244898
sgRNA_102,rank02,spacer,2.2612057877813507
sgRNA_102,rank03,SL1,0.5735874439461883
sgRNA_102,rank03,SL2,1.2473056994818652
sgRNA_102,rank03,SL3,0.23402061855670106
sgRNA_102,rank03,TL,1.794030612244898
sgRNA_102,rank03,spacer,2.2612057877813507
sgRNA_102,rank04,SL1,0.5735874439461883
sgRNA_102,rank04,SL2,1.2473056994818652
sgRNA_102,rank04,SL3,0.23402061855670106
sgRNA_102,rank04,TL,1.794030612244898
sgRNA_102,rank04,spacer,2.2612057877813507
sgRNA_102,rank05,SL1,0.5735874439461883
sgRNA_102,rank05,SL2,1.2473056994818652
sgRNA_102,rank05,SL3,0.23402061855670106
sgRNA_102,rank05,TL,1.794030612244898
sgRNA_102,rank05,spacer,2.2612057877813507
sgRNA_102,rank06,SL1,0.5735874439461883
sgRNA_102,rank06,SL2,1.2473056994818652
sgRNA_102,rank06,SL3,0.23402061855670106
sgRNA_102,rank06,TL,1.794030612244898
sgRNA_102,rank06,spacer,2.2612057877813507
sgRNA_102,rank07,SL1,0.5735874439461883
sgRNA_102,rank07,SL2,1.2473056994818652
sgRNA_102,rank07,SL3,0.23402061855670106
sgRNA_102,rank07,TL,1.794030612244898
sgRNA_102,rank07,spacer,2.2612057877813507
sgRNA_102,rank08,SL1,0.5735874439461883
sgRNA_102,rank08,SL2,1.2473056994818652
sgRNA_102,rank08,SL3,0.23402061855670106
sgRNA_102,rank08,TL,1.794030612244898
sgRNA_102,rank08,spacer,2.2612057877813507
sgRNA_102,rank09,SL1,0.5735874439461883
sgRNA_102,rank09,SL2,1.2473056994818652
sgRNA_102,rank09,SL3,0.23402061855670106
sgRNA_102,rank09,TL,1.794030612244898
sgRNA_102,rank09,spacer,2.2612057877813507
sgRNA_103,rank01,SL1,2.051659192825112
sgRNA_103,rank01,SL2,1.8195854922279793
sgRNA_103,rank01,SL3,-0.0037113402061855795
sgRNA_103,rank01,TL,1.3556632653061227
sgRNA_103,rank01,spacer,1.9192812499999998
sgRNA_103,rank02,SL1,2.051659192825112
sgRNA_103,rank02,SL2,1.8195854922279793
sgRNA_103,rank02,SL3,-0.0037113402061855795
sgRNA_103,rank02,TL,1.3556632653061227
sgRNA_103,rank02,spacer,1.9192812499999998
sgRNA_103,rank03,SL1,2.051659192825112
sgRNA_103,rank03,SL2,1.8195854922279793
sgRNA_103,rank03,SL3,-0.0037113402061855795
sgRNA_103,rank03,TL,1.3556632653061227
sgRNA_103,rank03,spacer,1.9192812499999998
sgRNA_103,rank04,SL1,2.051659192825112
sgRNA_103,rank04,SL2,1.8195854922279793
sgRNA_103,rank04,SL3,-0.0037113402061855795
sgRNA_103,rank04,TL,1.3556632653061227
sgRNA_103,rank04,spacer,1.9192812499999998
sgRNA_103,rank05,SL1,2.051659192825112
sgRNA_103,rank05,SL2,1.8195854922279793
sgRNA_103,rank05,SL3,-0.0037113402061855795
sgRNA_103,rank05,TL,1.3556632653061227
sgRNA_103,rank05,spacer,1.9192812499999998
sgRNA_103,rank06,SL1,2.051659192825112
sgRNA_103,rank06,SL2,1.8195854922279793
sgRNA_103,rank06,SL3,-0.0037113402061855795
sgRNA_103,rank06,TL,1.3556632653061227
sgRNA_103,rank06,spacer,1.9192812499999998
sgRNA_103,rank07,SL1,2.051659192825112
sgRNA_103,rank07,SL2,1.8195854922279793
sgRNA_103,rank07,SL3,-0.0037113402061855795
sgRNA_103,rank07,TL,1.3556632653061227
sgRNA_103,rank07,spacer,1.9192812499999998
sgRNA_103,rank08,SL1,2.051659192825112
sgRNA_103,rank08,SL2,1.8195854922279793
sgRNA_103,rank08,SL3,-0.0037113402061855795
sgRNA_103,rank08,TL,1.3556632653061227
sgRNA_103,rank08,spacer,1.9192812499999998
sgRNA_103,rank09,SL1,2.051659192825112
sgRNA_103,rank09,SL2,1.8195854922279793
sgRNA_103,rank09,SL3,-0.0037113402061855795
sgRNA_103,rank09,TL,1.3556632653061227
sgRNA_103,rank09,spacer,1.9192812499999998
sgRNA_103,rank10,SL1,2.051659192825112
sgRNA_103,rank10,SL2,1.8195854922279793
sgRNA_103,rank10,SL3,-0.0037113402061855795
sgRNA_103,rank10,TL,1.3556632653061227
sgRNA_103,rank10,spacer,1.9192812499999998
sgRNA_103,rank11,SL1,2.051659192825112
sgRNA_103,rank11,SL2,1.8195854922279793
sgRNA_103,rank11,SL3,-0.0037113402061855795
sgRNA_103,rank11,TL,1.3556632653061227
sgRNA_103,rank11,spacer,1.9192812499999998
sgRNA_104,rank01,SL1,1.9537219730941704
sgRNA_104,rank01,SL2,2.08300518134715
sgRNA_104,rank01,SL3,0.010309278350515464
sgRNA_104,rank01,TL,0.6449489795918367
sgRNA_104,rank01,spacer,1.8413056835637482
sgRNA_104,rank02,SL1,1.9537219730941704
sgRNA_104,rank02,SL2,2.08300518134715
sgRNA_104,rank02,SL3,0.010309278350515464
sgRNA_104,rank02,TL,0.6449489795918367
sgRNA_104,rank02,spacer,1.8413056835637482
sgRNA_104,rank03,SL1,1.9537219730941704
sgRNA_104,rank03,SL2,2.08300518134715
sgRNA_104,rank03,SL3,0.010309278350515464
sgRNA_104,rank03,TL,0.6449489795918367
sgRNA_104,rank03,spacer,1.8413056835637482
sgRNA_104,rank04,SL1,1.9537219730941704
sgRNA_104,rank04,SL2,2.08300518134715
sgRNA_104,rank04,SL3,0.010309278350515464
sgRNA_104,rank04,TL,0.6449489795918367
sgRNA_104,rank04,spacer,1.8413056835637482
sgRNA_104,rank05,SL1,1.9537219730941704
sgRNA_104,rank05,SL2,2.08300518134715
sgRNA_104,rank05,SL3,0.010309278350515464
sgRNA_104,rank05,TL,0.6449489795918367
sgRNA_104,rank05,spacer,1.8413056835637482
sgRNA_104,rank06,SL1,1.9537219730941704
sgRNA_104,rank06,SL2,2.08300518134715
sgRNA_104,rank06,SL3,0.010309278350515464
sgRNA_104,rank06,TL,0.6449489795918367
sgRNA_104,rank06,spacer,1.8413056835637482
sgRNA_104,rank07,SL1,1.9537219730941704
sgRNA_104,rank07,SL2,2.08300518134715
sgRNA_104,rank07,SL3,0.010309278350515464
sgRNA_104,rank07,TL,0.6449489795918367
sgRNA_104,rank07,spacer,1.8413056835637482
sgRNA_105,rank01,SL1,1.8898206278026906
sgRNA_105,rank01,SL2,1.8707772020725388
sgRNA_105,rank01,SL3,0.33999999999999997
sgRNA_105,rank01,TL,0.24474489795918367
sgRNA_105,rank01,spacer,1.5718309859154929
sgRNA_105,rank02,SL1,1.8898206278026906
sgRNA_105,rank02,SL2,1.8707772020725388
sgRNA_105,rank02,SL3,0.33999999999999997
sgRNA_105,rank02,TL,0.24474489795918367
sgRNA_105,rank02,spacer,1.5718309859154929
sgRNA_105,rank03,SL1,1.8898206278026906
sgRNA_105,rank03,SL2,1.8707772020725388
sgRNA_105,rank03,SL3,0.33999999999999997
sgRNA_105,rank03,TL,0.24474489795918367
sgRNA_105,rank03,spacer,1.5718309859154929
sgRNA_105,rank04,SL1,1.8898206278026906
sgRNA_105,rank04,SL2,1.8707772020725388
sgRNA_105,rank04,SL3,0.33999999999999997
sgRNA_105,rank04,TL,0.24474489795918367
sgRNA_105,rank04,spacer,1.5718309859154929
sgRNA_105,rank05,SL1,1.8898206278026906
sgRNA_105,rank05,SL2,1.8707772020725388
sgRNA_105,rank05,SL3,0.33999999999999997
sgRNA_105,rank05,TL,0.24474489795918367
sgRNA_105,rank05,spacer,1.5718309859154929
sgRNA_105,rank06,SL1,1.8898206278026906
sgRNA_105,rank06,SL2,1.8707772020725388
sgRNA_105,rank06,SL3,0.33999999999999997
sgRNA_105,rank06,TL,0.24474489795918367
sgRNA_105,rank06,spacer,1.5718309859154929
sgRNA_105,rank07,SL1,1.8898206278026906
sgRNA_105,rank07,SL2,1.8707772020725388
sgRNA_105,rank07,SL3,0.33999999999999997
sgRNA_105,rank07,TL,0.24474489795918367
sgRNA_105,rank07,spacer,1.5718309859154929
sgRNA_105,rank08,SL1,1.8898206278026906
sgRNA_105,rank08,SL2,1.8707772020725388
sgRNA_105,rank08,SL3,0.33999999999999997
sgRNA_105,rank08,TL,0.24474489795918367
sgRNA_105,rank08,spacer,1.5718309859154929
sgRNA_105,rank09,SL1,1.8898206278026906
sgRNA_105,rank09,SL2,1.8707772020725388
sgRNA_105,rank09,SL3,0.33999999999999997
sgRNA_105,rank09,TL,0.24474489795918367
sgRNA_105,rank09,spacer,1.5718309859154929
sgRNA_105,rank10,SL1,1.8898206278026906
sgRNA_105,rank10,SL2,1.8707772020725388
sgRNA_105,rank10,SL3,0.33999999999999997
sgRNA_105,rank10,TL,0.24474489795918367
sgRNA_105,rank10,spacer,1.5718309859154929
sgRNA_105,rank11,SL1,1.8898206278026906
sgRNA_105,rank11,SL2,1.8707772020725388
sgRNA_105,rank11,SL3,0.33999999999999997
sgRNA_105,rank11,TL,0.24474489795918367
sgRNA_105,rank11,spacer,1.5718309859154929
sgRNA_106,rank01,SL1,1.4769058295964126
sgRNA_106,rank01,SL2,1.4726943005181348
sgRNA_106,rank01,SL3,1.4180412371134021
sgRNA_106,rank01,TL,2.450408163265306
sgRNA_106,rank01,spacer,2.181390205371248
sgRNA_106,rank02,SL1,1.4769058295964126
sgRNA_106,rank02,SL2,1.4726943005181348
sgRNA_106,rank02,SL3,1.4180412371134021
sgRNA_106,rank02,TL,2.450408163265306
sgRNA_106,rank02,spacer,2.181390205371248
sgRNA_106,rank03,SL1,1.4769058295964126
sgRNA_106,rank03,SL2,1.4726943005181348
sgRNA_106,rank03,SL3,1.4180412371134021
sgRNA_106,rank03,TL,2.450408163265306
sgRNA_106,rank03,spacer,2.181390205371248
sgRNA_106,rank04,SL1,1.4769058295964126
sgRNA_106,rank04,SL2,1.4726943005181348
sgRNA_106,rank04,SL3,1.4180412371134021
sgRNA_106,rank04,TL,2.450408163265306
sgRNA_106,rank04,spacer,2.181390205371248
sgRNA_106,rank05,SL1,1.4769058295964126
sgRNA_106,rank05,SL2,1.4726943005181348
sgRNA_106,rank05,SL3,1.4180412371134021
sgRNA_106,rank05,TL,2.450408163265306
sgRNA_106,rank05,spacer,2.181390205371248
sgRNA_106,rank06,SL1,1.4769058295964126
sgRNA_106,rank06,SL2,1.4726943005181348
sgRNA_106,rank06,SL3,1.4180412371134021
sgRNA_106,rank06,TL,2.450408163265306
sgRNA_106,rank06,spacer,2.181390205371248
sgRNA_106,rank07,SL1,1.4769058295964126
sgRNA_106,rank07,SL2,1.4726943005181348
sgRNA_106,rank07,SL3,1.4180412371134021
sgRNA_106,rank07,TL,2.450408163265306
sgRNA_106,rank07,spacer,2.181390205371248
sgRNA_106,rank08,SL1,1.4769058295964126
sgRNA_106,rank08,SL2,1.4726943005181348
sgRNA_106,rank08,SL3,1.4180412371134021
sgRNA_106,rank08,TL,2.450408163265306
sgRNA_106,rank08,spacer,2.181390205371248
sgRNA_106,rank09,SL1,1.4769058295964126
sgRNA_106,rank09,SL2,1.4726943005181348
sgRNA_106,rank09,SL3,1.4180412371134021
sgRNA_106,rank09,TL,2.450408163265306
sgRNA_106,rank09,spacer,2.181390205371248
sgRNA_106,rank10,SL1,1.4769058295964126
sgRNA_106,rank10,SL2,1.4726943005181348
sgRNA_106,rank10,SL3,1.4180412371134021
sgRNA_106,rank10,TL,2.450408163265306
sgRNA_106,rank10,spacer,2.181390205371248
sgRNA_106,rank11,SL1,1.4769058295964126
sgRNA_106,rank11,SL2,1.4726943005181348
sgRNA_106,rank11,SL3,1.4180412371134021
sgRNA_106,rank11,TL,2.450408163265306
sgRNA_106,rank11,spacer,2.181390205371248
sgRNA_106,rank12,SL1,1.4769058295964126
sgRNA_106,rank12,SL2,1.4726943005181348
sgRNA_106,rank12,SL3,1.4180412371134021
sgRNA_106,rank12,TL,2.450408163265306
sgRNA_106,rank12,spacer,2.181390205371248
sgRNA_106,rank13,SL1,1.4769058295964126
sgRNA_106,rank13,SL2,1.4726943005181348
sgRNA_106,rank13,SL3,1.4180412371134021
sgRNA_106,rank13,TL,2.450408163265306
sgRNA_106,rank13,spacer,2.181390205371248
sgRNA_107,rank01,SL1,1.2286547085201793
sgRNA_107,rank01,SL2,1.346476683937824
sgRNA_107,rank01,SL3,0.6154639175257732
sgRNA_107,rank01,TL,1.2530612244897958
sgRNA_107,rank01,spacer,1.2149361022364218
sgRNA_107,rank02,SL1,1.2286547085201793
sgRNA_107,rank02,SL2,1.346476683937824
sgRNA_107,rank02,SL3,0.6154639175257732
sgRNA_107,rank02,TL,1.2530612244897958
sgRNA_107,rank02,spacer,1.2149361022364218
sgRNA_107,rank03,SL1,1.2286547085201793
sgRNA_107,rank03,SL2,1.346476683937824
sgRNA_107,rank03,SL3,0.6154639175257732
sgRNA_107,rank03,TL,1.2530612244897958
sgRNA_107,rank03,spacer,1.2149361022364218
sgRNA_107,rank04,SL1,1.2286547085201793
sgRNA_107,rank04,SL2,1.346476683937824
sgRNA_107,rank04,SL3,0.6154639175257732
sgRNA_107,rank04,TL,1.2530612244897958
sgRNA_107,rank04,spacer,1.2149361022364218
sgRNA_107,rank05,SL1,1.2286547085201793
sgRNA_107,rank05,SL2,1.346476683937824
sgRNA_107,rank05,SL3,0.6154639175257732
sgRNA_107,rank05,TL,1.2530612244897958
sgRNA_107,rank05,spacer,1.2149361022364218
sgRNA_107,rank06,SL1,1.2286547085201793
sgRNA_107,rank06,SL2,1.346476683937824
sgRNA_107,rank06,SL3,0.6154639175257732
sgRNA_107,rank06,TL,1.2530612244897958
sgRNA_107,rank06,spacer,1.2149361022364218
sgRNA_107,rank07,SL1,1.2286547085201793
sgRNA_107,rank07,SL2,1.346476683937824
sgRNA_107,rank07,SL3,0.6154639175257732
sgRNA_107,rank07,TL,1.2530612244897958
sgRNA_107,rank07,spacer,1.2149361022364218
sgRNA_107,rank08,SL1,1.2286547085201793
sgRNA_107,rank08,SL2,1.346476683937824
sgRNA_107,rank08,SL3,0.6154639175257732
sgRNA_107,rank08,TL,1.2530612244897958
sgRNA_107,rank08,spacer,1.2149361022364218
sgRNA_108,rank01,SL1,1.436322869955157
sgRNA_108,rank01,SL2,1.1776683937823833
sgRNA_108,rank01,SL3,-0.6597938144329897
sgRNA_108,rank01,TL,2.4131632653061224
sgRNA_108,rank01,spacer,2.1872380952380954
sgRNA_108,rank02,SL1,1.436322869955157
sgRNA_108,rank02,SL2,1.1776683937823833
sgRNA_108,rank02,SL3,-0.6597938144329897
sgRNA_108,rank02,TL,2.4131632653061224
sgRNA_108,rank02,spacer,2.1872380952380954
sgRNA_108,rank03,SL1,1.436322869955157
sgRNA_108,rank03,SL2,1.1776683937823833
sgRNA_108,rank03,SL3,-0.6597938144329897
sgRNA_108,rank03,TL,2.4131632653061224
sgRNA_108,rank03,spacer,2.1872380952380954
sgRNA_108,rank04,SL1,1.436322869955157
sgRNA_108,rank04,SL2,1.1776683937823833
sgRNA_108,rank04,SL3,-0.6597938144329897
sgRNA_108,rank04,TL,2.4131632653061224
sgRNA_108,rank04,spacer,2.1872380952380954
sgRNA_108,rank05,SL1,1.436322869955157
sgRNA_108,rank05,SL2,1.1776683937823833
sgRNA_108,rank05,SL3,-0.6597938144329897
sgRNA_108,rank05,TL,2.4131632653061224
sgRNA_108,rank05,spacer,2.1872380952380954
sgRNA_108,rank06,SL1,1.436322869955157
sgRNA_108,rank06,SL2,1.1776683937823833
sgRNA_108,rank06,SL3,-0.6597938144329897
sgRNA_108,rank06,TL,2.4131632653061224
sgRNA_108,rank06,spacer,2.1872380952380954
sgRNA_108,rank07,SL1,1.436322869955157
sgRNA_108,rank07,SL2,1.1776683937823833
sgRNA_108,rank07,SL3,-0.6597938144329897
sgRNA_108,rank07,TL,2.4131632653061224
sgRNA_108,rank07,spacer,2.1872380952380954
sgRNA_108,rank08,SL1,1.436322869955157
sgRNA_108,rank08,SL2,1.1776683937823833
sgRNA_108,rank08,SL3,-0.6597938144329897
sgRNA_108,rank08,TL,2.4131632653061224
sgRNA_108,rank08,spacer,2.1872380952380954
sgRNA_108,rank09,SL1,1.436322869955157
sgRNA_108,rank09,SL2,1.1776683937823833
sgRNA_108,rank09,SL3,-0.6597938144329897
sgRNA_108,rank09,TL,2.4131632653061224
sgRNA_108,rank09,spacer,2.1872380952380954
sgRNA_108,rank10,SL1,1.436322869955157
sgRNA_108,rank10,SL2,1.1776683937823833
sgRNA_108,rank10,SL3,-0.6597938144329897
sgRNA_108,rank10,TL,2.4131632653061224
sgRNA_108,rank10,spacer,2.1872380952380954
sgRNA_108,rank11,SL1,1.436322869955157
sgRNA_108,rank11,SL2,1.1776683937823833
sgRNA_108,rank11,SL3,-0.6597938144329897
sgRNA_108,rank11,TL,2.4131632653061224
sgRNA_108,rank11,spacer,2.1872380952380954
sgRNA_109,rank01,SL1,1.1106726457399103
sgRNA_109,rank01,SL2,1.418082901554404
sgRNA_109,rank01,SL3,0.13814432989690723
sgRNA_109,rank01,TL,0.15551020408163263
sgRNA_109,rank01,spacer,1.4568954758190327
sgRNA_109,rank02,SL1,1.1106726457399103
sgRNA_109,rank02,SL2,1.418082901554404
sgRNA_109,rank02,SL3,0.13814432989690723
sgRNA_109,rank02,TL,0.15551020408163263
sgRNA_109,rank02,spacer,1.4568954758190327
sgRNA_109,rank03,SL1,1.1106726457399103
sgRNA_109,rank03,SL2,1.418082901554404
sgRNA_109,rank03,SL3,0.13814432989690723
sgRNA_109,rank03,TL,0.15551020408163263
sgRNA_109,rank03,spacer,1.4568954758190327
sgRNA_109,rank04,SL1,1.1106726457399103
sgRNA_109,rank04,SL2,1.418082901554404
sgRNA_109,rank04,SL3,0.13814432989690723
sgRNA_109,rank04,TL,0.15551020408163263
sgRNA_109,rank04,spacer,1.4568954758190327
sgRNA_109,rank05,SL1,1.1106726457399103
sgRNA_109,rank05,SL2,1.418082901554404
sgRNA_109,rank05,SL3,0.13814432989690723
sgRNA_109,rank05,TL,0.15551020408163263
sgRNA_109,rank05,spacer,1.4568954758190327
sgRNA_109,rank06,SL1,1.1106726457399103
sgRNA_109,rank06,SL2,1.418082901554404
sgRNA_109,rank06,SL3,0.13814432989690723
sgRNA_109,rank06,TL,0.15551020408163263
sgRNA_109,rank06,spacer,1.4568954758190327
sgRNA_109,rank07,SL1,1.1106726457399103
sgRNA_109,rank07,SL2,1.418082901554404
sgRNA_109,rank07,SL3,0.13814432989690723
sgRNA_109,rank07,TL,0.15551020408163263
sgRNA_109,rank07,spacer,1.4568954758190327
sgRNA_11,rank01,SL1,1.6980269058295965
sgRNA_11,rank01,SL2,2.023937823834197
sgRNA_11,rank01,SL3,0.31948453608247424
sgRNA_11,rank01,TL,1.2821428571428573
sgRNA_11,rank01,spacer,1.9131999999999998
sgRNA_11,rank02,SL1,1.6980269058295965
sgRNA_11,rank02,SL2,2.023937823834197
sgRNA_11,rank02,SL3,0.31948453608247424
sgRNA_11,rank02,TL,1.2821428571428573
sgRNA_11,rank02,spacer,1.9131999999999998
sgRNA_11,rank03,SL1,1.6980269058295965
sgRNA_11,rank03,SL2,2.023937823834197
sgRNA_11,rank03,SL3,0.31948453608247424
sgRNA_11,rank03,TL,1.2821428571428573
sgRNA_11,rank03,spacer,1.9131999999999998
sgRNA_11,rank04,SL1,1.6980269058295965
sgRNA_11,rank04,SL2,2.023937823834197
sgRNA_11,rank04,SL3,0.31948453608247424
sgRNA_11,rank04,TL,1.2821428571428573
sgRNA_11,rank04,spacer,1.9131999999999998
sgRNA_11,rank05,SL1,1.6980269058295965
sgRNA_11,rank05,SL2,2.023937823834197
sgRNA_11,rank05,SL3,0.31948453608247424
sgRNA_11,rank05,TL,1.2821428571428573
sgRNA_11,rank05,spacer,1.9131999999999998
sgRNA_11,rank06,SL1,1.6980269058295965
sgRNA_11,rank06,SL2,2.023937823834197
sgRNA_11,rank06,SL3,0.31948453608247424
sgRNA_11,rank06,TL,1.2821428571428573
sgRNA_11,rank06,spacer,1.9131999999999998
sgRNA_11,rank07,SL1,1.6980269058295965
sgRNA_11,rank07,SL2,2.023937823834197
sgRNA_11,rank07,SL3,0.31948453608247424
sgRNA_11,rank07,TL,1.2821428571428573
sgRNA_11,rank07,spacer,1.9131999999999998
sgRNA_110,rank01,SL1,1.6595515695067264
sgRNA_110,rank01,SL2,1.2758549222797928
sgRNA_110,rank01,SL3,0.1755670103092784
sgRNA_110,rank01,TL,1.0311734693877552
sgRNA_110,rank01,spacer,1.5394786729857821
sgRNA_110,rank02,SL1,1.6595515695067264
sgRNA_110,rank02,SL2,1.2758549222797928
sgRNA_110,rank02,SL3,0.1755670103092784
sgRNA_110,rank02,TL,1.0311734693877552
sgRNA_110,rank02,spacer,1.5394786729857821
sgRNA_110,rank03,SL1,1.6595515695067264
sgRNA_110,rank03,SL2,1.2758549222797928
sgRNA_110,rank03,SL3,0.1755670103092784
sgRNA_110,rank03,TL,1.0311734693877552
sgRNA_110,rank03,spacer,1.5394786729857821
sgRNA_110,rank04,SL1,1.6595515695067264
sgRNA_110,rank04,SL2,1.2758549222797928
sgRNA_110,rank04,SL3,0.1755670103092784
sgRNA_110,rank04,TL,1.0311734693877552
sgRNA_110,rank04,spacer,1.5394786729857821
sgRNA_110,rank05,SL1,1.6595515695067264
sgRNA_110,rank05,SL2,1.2758549222797928
sgRNA_110,rank05,SL3,0.1755670103092784
sgRNA_110,rank05,TL,1.0311734693877552
sgRNA_110,rank05,spacer,1.5394786729857821
sgRNA_110,rank06,SL1,1.6595515695067264
sgRNA_110,rank06,SL2,1.2758549222797928
sgRNA_110,rank06,SL3,0.1755670103092784
sgRNA_110,rank06,TL,1.0311734693877552
sgRNA_110,rank06,spacer,1.5394786729857821
sgRNA_110,rank07,SL1,1.6595515695067264
sgRNA_110,rank07,SL2,1.2758549222797928
sgRNA_110,rank07,SL3,0.1755670103092784
sgRNA_110,rank07,TL,1.0311734693877552
sgRNA_110,rank07,spacer,1.5394786729857821
sgRNA_110,rank08,SL1,1.6595515695067264
sgRNA_110,rank08,SL2,1.2758549222797928
sgRNA_110,rank08,SL3,0.1755670103092784
sgRNA_110,rank08,TL,1.0311734693877552
sgRNA_110,rank08,spacer,1.5394786729857821
sgRNA_111,rank01,SL1,1.3207623318385648
sgRNA_111,rank01,SL2,1.2525906735751295
sgRNA_111,rank01,SL3,-0.04742268041237114
sgRNA_111,rank01,TL,0.480969387755102
sgRNA_111,rank01,spacer,1.5227472527472528
sgRNA_111,rank02,SL1,1.3207623318385648
sgRNA_111,rank02,SL2,1.2525906735751295
sgRNA_111,rank02,SL3,-0.04742268041237114
sgRNA_111,rank02,TL,0.480969387755102
sgRNA_111,rank02,spacer,1.5227472527472528
sgRNA_111,rank03,SL1,1.3207623318385648
sgRNA_111,rank03,SL2,1.2525906735751295
sgRNA_111,rank03,SL3,-0.04742268041237114
sgRNA_111,rank03,TL,0.480969387755102
sgRNA_111,rank03,spacer,1.5227472527472528
sgRNA_111,rank04,SL1,1.3207623318385648
sgRNA_111,rank04,SL2,1.2525906735751295
sgRNA_111,rank04,SL3,-0.04742268041237114
sgRNA_111,rank04,TL,0.480969387755102
sgRNA_111,rank04,spacer,1.5227472527472528
sgRNA_111,rank05,SL1,1.3207623318385648
sgRNA_111,rank05,SL2,1.2525906735751295
sgRNA_111,rank05,SL3,-0.04742268041237114
sgRNA_111,rank05,TL,0.480969387755102
sgRNA_111,rank05,spacer,1.5227472527472528
sgRNA_111,rank06,SL1,1.3207623318385648
sgRNA_111,rank06,SL2,1.2525906735751295
sgRNA_111,rank06,SL3,-0.04742268041237114
sgRNA_111,rank06,TL,0.480969387755102
sgRNA_111,rank06,spacer,1.5227472527472528
sgRNA_112,rank01,SL1,2.115560538116592
sgRNA_112,rank01,SL2,1.8210362694300517
sgRNA_112,rank01,SL3,-0.6907216494845361
sgRNA_112,rank01,TL,2.5897448979591835
sgRNA_112,rank01,spacer,1.76
sgRNA_112,rank02,SL1,2.115560538116592
sgRNA_112,rank02,SL2,1.8210362694300517
sgRNA_112,rank02,SL3,-0.6907216494845361
sgRNA_112,rank02,TL,2.5897448979591835
sgRNA_112,rank02,spacer,1.76
sgRNA_112,rank03,SL1,2.115560538116592
sgRNA_112,rank03,SL2,1.8210362694300517
sgRNA_112,rank03,SL3,-0.6907216494845361
sgRNA_112,rank03,TL,2.5897448979591835
sgRNA_112,rank03,spacer,1.76
sgRNA_112,rank04,SL1,2.115560538116592
sgRNA_112,rank04,SL2,1.8210362694300517
sgRNA_112,rank04,SL3,-0.6907216494845361
sgRNA_112,rank04,TL,2.5897448979591835
sgRNA_112,rank04,spacer,1.76
sgRNA_112,rank05,SL1,2.115560538116592
sgRNA_112,rank05,SL2,1.8210362694300517
sgRNA_112,rank05,SL3,-0.6907216494845361
sgRNA_112,rank05,TL,2.5897448979591835
sgRNA_112,rank05,spacer,1.76
sgRNA_112,rank06,SL1,2.115560538116592
sgRNA_112,rank06,SL2,1.8210362694300517
sgRNA_112,rank06,SL3,-0.6907216494845361
sgRNA_112,rank06,TL,2.5897448979591835
sgRNA_112,rank06,spacer,1.76
sgRNA_112,rank07,SL1,2.115560538116592
sgRNA_112,rank07,SL2,1.8210362694300517
sgRNA_112,rank07,SL3,-0.6907216494845361
sgRNA_112,rank07,TL,2.5897448979591835
sgRNA_112,rank07,spacer,1.76
sgRNA_112,rank08,SL1,2.115560538116592
sgRNA_112,rank08,SL2,1.8210362694300517
sgRNA_112,rank08,SL3,-0.6907216494845361
sgRNA_112,rank08,TL,2.5897448979591835
sgRNA_112,rank08,spacer,1.76
sgRNA_112,rank09,SL1,2.115560538116592
sgRNA_112,rank09,SL2,1.8210362694300517
sgRNA_112,rank09,SL3,-0.6907216494845361
sgRNA_112,rank09,TL,2.5897448979591835
sgRNA_112,rank09,spacer,1.76
sgRNA_112,rank10,SL1,2.115560538116592
sgRNA_112,rank10,SL2,1.8210362694300517
sgRNA_112,rank10,SL3,-0.6907216494845361
sgRNA_112,rank10,TL,2.5897448979591835
sgRNA_112,rank10,spacer,1.76
sgRNA_112,rank11,SL1,2.115560538116592
sgRNA_112,rank11,SL2,1.8210362694300517
sgRNA_112,rank11,SL3,-0.6907216494845361
sgRNA_112,rank11,TL,2.5897448979591835
sgRNA_112,rank11,spacer,1.76
sgRNA_112,rank12,SL1,2.115560538116592
sgRNA_112,rank12,SL2,1.8210362694300517
sgRNA_112,rank12,SL3,-0.6907216494845361
sgRNA_112,rank12,TL,2.5897448979591835
sgRNA_112,rank12,spacer,1.76
sgRNA_112,rank13,SL1,2.115560538116592
sgRNA_112,rank13,SL2,1.8210362694300517
sgRNA_112,rank13,SL3,-0.6907216494845361
sgRNA_112,rank13,TL,2.5897448979591835
sgRNA_112,rank13,spacer,1.76
sgRNA_113,rank01,SL1,1.6643497757847536
sgRNA_113,rank01,SL2,2.545958549222798
sgRNA_113,rank01,SL3,1.3780412371134023
sgRNA_113,rank01,TL,1.453673469387755
sgRNA_113,rank01,spacer,2.4090171606864277
sgRNA_113,rank02,SL1,1.6643497757847536
sgRNA_113,rank02,SL2,2.545958549222798
sgRNA_113,rank02,SL3,1.3780412371134023
sgRNA_113,rank02,TL,1.453673469387755
sgRNA_113,rank02,spacer,2.4090171606864277
sgRNA_113,rank03,SL1,1.6643497757847536
sgRNA_113,rank03,SL2,2.545958549222798
sgRNA_113,rank03,SL3,1.3780412371134023
sgRNA_113,rank03,TL,1.453673469387755
sgRNA_113,rank03,spacer,2.4090171606864277
sgRNA_113,rank04,SL1,1.6643497757847536
sgRNA_113,rank04,SL2,2.545958549222798
sgRNA_113,rank04,SL3,1.3780412371134023
sgRNA_113,rank04,TL,1.453673469387755
sgRNA_113,rank04,spacer,2.4090171606864277
sgRNA_113,rank05,SL1,1.6643497757847536
sgRNA_113,rank05,SL2,2.545958549222798
sgRNA_113,rank05,SL3,1.3780412371134023
sgRNA_113,rank05,TL,1.453673469387755
sgRNA_113,rank05,spacer,2.4090171606864277
sgRNA_113,rank06,SL1,1.6643497757847536
sgRNA_113,rank06,SL2,2.545958549222798
sgRNA_113,rank06,SL3,1.3780412371134023
sgRNA_113,rank06,TL,1.453673469387755
sgRNA_113,rank06,spacer,2.4090171606864277
sgRNA_113,rank07,SL1,1.6643497757847536
sgRNA_113,rank07,SL2,2.545958549222798
sgRNA_113,rank07,SL3,1.3780412371134023
sgRNA_113,rank07,TL,1.453673469387755
sgRNA_113,rank07,spacer,2.4090171606864277
sgRNA_113,rank08,SL1,1.6643497757847536
sgRNA_113,rank08,SL2,2.545958549222798
sgRNA_113,rank08,SL3,1.3780412371134023
sgRNA_113,rank08,TL,1.453673469387755
sgRNA_113,rank08,spacer,2.4090171606864277
sgRNA_113,rank09,SL1,1.6643497757847536
sgRNA_113,rank09,SL2,2.545958549222798
sgRNA_113,rank09,SL3,1.3780412371134023
sgRNA_113,rank09,TL,1.453673469387755
sgRNA_113,rank09,spacer,2.4090171606864277
sgRNA_113,rank10,SL1,1.6643497757847536
sgRNA_113,rank10,SL2,2.545958549222798
sgRNA_113,rank10,SL3,1.3780412371134023
sgRNA_113,rank10,TL,1.453673469387755
sgRNA_113,rank10,spacer,2.4090171606864277
sgRNA_113,rank11,SL1,1.6643497757847536
sgRNA_113,rank11,SL2,2.545958549222798
sgRNA_113,rank11,SL3,1.3780412371134023
sgRNA_113,rank11,TL,1.453673469387755
sgRNA_113,rank11,spacer,2.4090171606864277
sgRNA_113,rank12,SL1,1.6643497757847536
sgRNA_113,rank12,SL2,2.545958549222798
sgRNA_113,rank12,SL3,1.3780412371134023
sgRNA_113,rank12,TL,1.453673469387755
sgRNA_113,rank12,spacer,2.4090171606864277
sgRNA_113,rank13,SL1,1.6643497757847536
sgRNA_113,rank13,SL2,2.545958549222798
sgRNA_113,rank13,SL3,1.3780412371134023
sgRNA_113,rank13,TL,1.453673469387755
sgRNA_113,rank13,spacer,2.4090171606864277
sgRNA_114,rank01,SL1,1.6267264573991032
sgRNA_114,rank01,SL2,1.8050777202072539
sgRNA_114,rank01,SL3,0.22577319587628863
sgRNA_114,rank01,TL,1.411377551020408
sgRNA_114,rank01,spacer,1.6562870514820593
sgRNA_114,rank02,SL1,1.6267264573991032
sgRNA_114,rank02,SL2,1.8050777202072539
sgRNA_114,rank02,SL3,0.22577319587628863
sgRNA_114,rank02,TL,1.411377551020408
sgRNA_114,rank02,spacer,1.6562870514820593
sgRNA_114,rank03,SL1,1.6267264573991032
sgRNA_114,rank03,SL2,1.8050777202072539
sgRNA_114,rank03,SL3,0.22577319587628863
sgRNA_114,rank03,TL,1.411377551020408
sgRNA_114,rank03,spacer,1.6562870514820593
sgRNA_114,rank04,SL1,1.6267264573991032
sgRNA_114,rank04,SL2,1.8050777202072539
sgRNA_114,rank04,SL3,0.22577319587628863
sgRNA_114,rank04,TL,1.411377551020408
sgRNA_114,rank04,spacer,1.6562870514820593
sgRNA_114,rank05,SL1,1.6267264573991032
sgRNA_114,rank05,SL2,1.8050777202072539
sgRNA_114,rank05,SL3,0.22577319587628863
sgRNA_114,rank05,TL,1.411377551020408
sgRNA_114,rank05,spacer,1.6562870514820593
sgRNA_114,rank06,SL1,1.6267264573991032
sgRNA_114,rank06,SL2,1.8050777202072539
sgRNA_114,rank06,SL3,0.22577319587628863
sgRNA_114,rank06,TL,1.411377551020408
sgRNA_114,rank06,spacer,1.6562870514820593
sgRNA_114,rank07,SL1,1.6267264573991032
sgRNA_114,rank07,SL2,1.8050777202072539
sgRNA_114,rank07,SL3,0.22577319587628863
sgRNA_114,rank07,TL,1.411377551020408
sgRNA_114,rank07,spacer,1.6562870514820593
sgRNA_114,rank08,SL1,1.6267264573991032
sgRNA_114,rank08,SL2,1.8050777202072539
sgRNA_114,rank08,SL3,0.22577319587628863
sgRNA_114,rank08,TL,1.411377551020408
sgRNA_114,rank08,spacer,1.6562870514820593
sgRNA_114,rank09,SL1,1.6267264573991032
sgRNA_114,rank09,SL2,1.8050777202072539
sgRNA_114,rank09,SL3,0.22577319587628863
sgRNA_114,rank09,TL,1.411377551020408
sgRNA_114,rank09,spacer,1.6562870514820593
sgRNA_114,rank10,SL1,1.6267264573991032
sgRNA_114,rank10,SL2,1.8050777202072539
sgRNA_114,rank10,SL3,0.22577319587628863
sgRNA_114,rank10,TL,1.411377551020408
sgRNA_114,rank10,spacer,1.6562870514820593
sgRNA_115,rank01,SL1,0.3482959641255605
sgRNA_115,rank01,SL2,2.2787046632124355
sgRNA_115,rank01,SL3,0.5969072164948453
sgRNA_115,rank01,TL,0.09744897959183672
sgRNA_115,rank01,spacer,1.2529793977812995
sgRNA_115,rank02,SL1,0.3482959641255605
sgRNA_115,rank02,SL2,2.2787046632124355
sgRNA_115,rank02,SL3,0.5969072164948453
sgRNA_115,rank02,TL,0.09744897959183672
sgRNA_115,rank02,spacer,1.2529793977812995
sgRNA_115,rank03,SL1,0.3482959641255605
sgRNA_115,rank03,SL2,2.2787046632124355
sgRNA_115,rank03,SL3,0.5969072164948453
sgRNA_115,rank03,TL,0.09744897959183672
sgRNA_115,rank03,spacer,1.2529793977812995
sgRNA_115,rank04,SL1,0.3482959641255605
sgRNA_115,rank04,SL2,2.2787046632124355
sgRNA_115,rank04,SL3,0.5969072164948453
sgRNA_115,rank04,TL,0.09744897959183672
sgRNA_115,rank04,spacer,1.2529793977812995
sgRNA_115,rank05,SL1,0.3482959641255605
sgRNA_115,rank05,SL2,2.2787046632124355
sgRNA_115,rank05,SL3,0.5969072164948453
sgRNA_115,rank05,TL,0.09744897959183672
sgRNA_115,rank05,spacer,1.2529793977812995
sgRNA_115,rank06,SL1,0.3482959641255605
sgRNA_115,rank06,SL2,2.2787046632124355
sgRNA_115,rank06,SL3,0.5969072164948453
sgRNA_115,rank06,TL,0.09744897959183672
sgRNA_115,rank06,spacer,1.2529793977812995
sgRNA_115,rank07,SL1,0.3482959641255605
sgRNA_115,rank07,SL2,2.2787046632124355
sgRNA_115,rank07,SL3,0.5969072164948453
sgRNA_115,rank07,TL,0.09744897959183672
sgRNA_115,rank07,spacer,1.2529793977812995
sgRNA_115,rank08,SL1,0.3482959641255605
sgRNA_115,rank08,SL2,2.2787046632124355
sgRNA_115,rank08,SL3,0.5969072164948453
sgRNA_115,rank08,TL,0.09744897959183672
sgRNA_115,rank08,spacer,1.2529793977812995
sgRNA_115,rank09,SL1,0.3482959641255605
sgRNA_115,rank09,SL2,2.2787046632124355
sgRNA_115,rank09,SL3,0.5969072164948453
sgRNA_115,rank09,TL,0.09744897959183672
sgRNA_115,rank09,spacer,1.2529793977812995
sgRNA_115,rank10,SL1,0.3482959641255605
sgRNA_115,rank10,SL2,2.2787046632124355
sgRNA_115,rank10,SL3,0.5969072164948453
sgRNA_115,rank10,TL,0.09744897959183672
sgRNA_115,rank10,spacer,1.2529793977812995
sgRNA_116,rank01,SL1,1.47847533632287
sgRNA_116,rank01,SL2,2.2331088082901553
sgRNA_116,rank01,SL3,0.010309278350515464
sgRNA_116,rank01,TL,0.6456122448979592
sgRNA_116,rank01,spacer,1.926820987654321
sgRNA_116,rank02,SL1,1.47847533632287
sgRNA_116,rank02,SL2,2.2331088082901553
sgRNA_116,rank02,SL3,0.010309278350515464
sgRNA_116,rank02,TL,0.6456122448979592
sgRNA_116,rank02,spacer,1.926820987654321
sgRNA_116,rank03,SL1,1.47847533632287
sgRNA_116,rank03,SL2,2.2331088082901553
sgRNA_116,rank03,SL3,0.010309278350515464
sgRNA_116,rank03,TL,0.6456122448979592
sgRNA_116,rank03,spacer,1.926820987654321
sgRNA_116,rank04,SL1,1.47847533632287
sgRNA_116,rank04,SL2,2.2331088082901553
sgRNA_116,rank04,SL3,0.010309278350515464
sgRNA_116,rank04,TL,0.6456122448979592
sgRNA_116,rank04,spacer,1.926820987654321
sgRNA_116,rank05,SL1,1.47847533632287
sgRNA_116,rank05,SL2,2.2331088082901553
sgRNA_116,rank05,SL3,0.010309278350515464
sgRNA_116,rank05,TL,0.6456122448979592
sgRNA_116,rank05,spacer,1.926820987654321
sgRNA_116,rank06,SL1,1.47847533632287
sgRNA_116,rank06,SL2,2.2331088082901553
sgRNA_116,rank06,SL3,0.010309278350515464
sgRNA_116,rank06,TL,0.6456122448979592
sgRNA_116,rank06,spacer,1.926820987654321
sgRNA_116,rank07,SL1,1.47847533632287
sgRNA_116,rank07,SL2,2.2331088082901553
sgRNA_116,rank07,SL3,0.010309278350515464
sgRNA_116,rank07,TL,0.6456122448979592
sgRNA_116,rank07,spacer,1.926820987654321
sgRNA_116,rank08,SL1,1.47847533632287
sgRNA_116,rank08,SL2,2.2331088082901553
sgRNA_116,rank08,SL3,0.010309278350515464
sgRNA_116,rank08,TL,0.6456122448979592
sgRNA_116,rank08,spacer,1.926820987654321
sgRNA_116,rank09,SL1,1.47847533632287
sgRNA_116,rank09,SL2,2.2331088082901553
sgRNA_116,rank09,SL3,0.010309278350515464
sgRNA_116,rank09,TL,0.6456122448979592
sgRNA_116,rank09,spacer,1.926820987654321
sgRNA_116,rank10,SL1,1.47847533632287
sgRNA_116,rank10,SL2,2.2331088082901553
sgRNA_116,rank10,SL3,0.010309278350515464
sgRNA_116,rank10,TL,0.6456122448979592
sgRNA_116,rank10,spacer,1.926820987654321
sgRNA_116,rank11,SL1,1.47847533632287
sgRNA_116,rank11,SL2,2.2331088082901553
sgRNA_116,rank11,SL3,0.010309278350515464
sgRNA_116,rank11,TL,0.6456122448979592
sgRNA_116,rank11,spacer,1.926820987654321
sgRNA_116,rank12,SL1,1.47847533632287
sgRNA_116,rank12,SL2,2.2331088082901553
sgRNA_116,rank12,SL3,0.010309278350515464
sgRNA_116,rank12,TL,0.6456122448979592
sgRNA_116,rank12,spacer,1.926820987654321
sgRNA_116,rank13,SL1,1.47847533632287
sgRNA_116,rank13,SL2,2.2331088082901553
sgRNA_116,rank13,SL3,0.010309278350515464
sgRNA_116,rank13,TL,0.6456122448979592
sgRNA_116,rank13,spacer,1.926820987654321
sgRNA_117,rank01,SL1,2.0159641255605383
sgRNA_117,rank01,SL2,1.6424870466321244
sgRNA_117,rank01,SL3,-0.35051546391752575
sgRNA_117,rank01,TL,0.1075
sgRNA_117,rank01,spacer,2.6842367601246107
sgRNA_117,rank02,SL1,2.0159641255605383
sgRNA_117,rank02,SL2,1.6424870466321244
sgRNA_117,rank02,SL3,-0.35051546391752575
sgRNA_117,rank02,TL,0.1075
sgRNA_117,rank02,spacer,2.6842367601246107
sgRNA_117,rank03,SL1,2.0159641255605383
sgRNA_117,rank03,SL2,1.6424870466321244
sgRNA_117,rank03,SL3,-0.35051546391752575
sgRNA_117,rank03,TL,0.1075
sgRNA_117,rank03,spacer,2.6842367601246107
sgRNA_117,rank04,SL1,2.0159641255605383
sgRNA_117,rank04,SL2,1.6424870466321244
sgRNA_117,rank04,SL3,-0.35051546391752575
sgRNA_117,rank04,TL,0.1075
sgRNA_117,rank04,spacer,2.6842367601246107
sgRNA_117,rank05,SL1,2.0159641255605383
sgRNA_117,rank05,SL2,1.6424870466321244
sgRNA_117,rank05,SL3,-0.35051546391752575
sgRNA_117,rank05,TL,0.1075
sgRNA_117,rank05,spacer,2.6842367601246107
sgRNA_117,rank06,SL1,2.0159641255605383
sgRNA_117,rank06,SL2,1.6424870466321244
sgRNA_117,rank06,SL3,-0.35051546391752575
sgRNA_117,rank06,TL,0.1075
sgRNA_117,rank06,spacer,2.6842367601246107
sgRNA_117,rank07,SL1,2.0159641255605383
sgRNA_117,rank07,SL2,1.6424870466321244
sgRNA_117,rank07,SL3,-0.35051546391752575
sgRNA_117,rank07,TL,0.1075
sgRNA_117,rank07,spacer,2.6842367601246107
sgRNA_117,rank08,SL1,2.0159641255605383
sgRNA_117,rank08,SL2,1.6424870466321244
sgRNA_117,rank08,SL3,-0.35051546391752575
sgRNA_117,rank08,TL,0.1075
sgRNA_117,rank08,spacer,2.6842367601246107
sgRNA_117,rank09,SL1,2.0159641255605383
sgRNA_117,rank09,SL2,1.6424870466321244
sgRNA_117,rank09,SL3,-0.35051546391752575
sgRNA_117,rank09,TL,0.1075
sgRNA_117,rank09,spacer,2.6842367601246107
sgRNA_117,rank10,SL1,2.0159641255605383
sgRNA_117,rank10,SL2,1.6424870466321244
sgRNA_117,rank10,SL3,-0.35051546391752575
sgRNA_117,rank10,TL,0.1075
sgRNA_117,rank10,spacer,2.6842367601246107
sgRNA_117,rank11,SL1,2.0159641255605383
sgRNA_117,rank11,SL2,1.6424870466321244
sgRNA_117,rank11,SL3,-0.35051546391752575
sgRNA_117,rank11,TL,0.1075
sgRNA_117,rank11,spacer,2.6842367601246107
sgRNA_117,rank12,SL1,2.0159641255605383
sgRNA_117,rank12,SL2,1.6424870466321244
sgRNA_117,rank12,SL3,-0.35051546391752575
sgRNA_117,rank12,TL,0.1075
sgRNA_117,rank12,spacer,2.6842367601246107
sgRNA_117,rank13,SL1,2.0159641255605383
sgRNA_117,rank13,SL2,1.6424870466321244
sgRNA_117,rank13,SL3,-0.35051546391752575
sgRNA_117,rank13,TL,0.1075
sgRNA_117,rank13,spacer,2.6842367601246107
sgRNA_117,rank14,SL1,2.0159641255605383
sgRNA_117,rank14,SL2,1.6424870466321244
sgRNA_117,rank14,SL3,-0.35051546391752575
sgRNA_117,rank14,TL,0.1075
sgRNA_117,rank14,spacer,2.6842367601246107
sgRNA_117,rank15,SL1,2.0159641255605383
sgRNA_117,rank15,SL2,1.6424870466321244
sgRNA_117,rank15,SL3,-0.35051546391752575
sgRNA_117,rank15,TL,0.1075
sgRNA_117,rank15,spacer,2.6842367601246107
sgRNA_117,rank16,SL1,2.0159641255605383
sgRNA_117,rank16,SL2,1.6424870466321244
sgRNA_117,rank16,SL3,-0.35051546391752575
sgRNA_117,rank16,TL,0.1075
sgRNA_117,rank16,spacer,2.6842367601246107
sgRNA_118,rank01,SL1,1.595560538116592
sgRNA_118,rank01,SL2,0.9258549222797927
sgRNA_118,rank01,SL3,-0.0690721649484536
sgRNA_118,rank01,TL,0.3913775510204082
sgRNA_118,rank01,spacer,1.2711023622047244
sgRNA_118,rank02,SL1,1.595560538116592
sgRNA_118,rank02,SL2,0.9258549222797927
sgRNA_118,rank02,SL3,-0.0690721649484536
sgRNA_118,rank02,TL,0.3913775510204082
sgRNA_118,rank02,spacer,1.2711023622047244
sgRNA_118,rank03,SL1,1.595560538116592
sgRNA_118,rank03,SL2,0.9258549222797927
sgRNA_118,rank03,SL3,-0.0690721649484536
sgRNA_118,rank03,TL,0.3913775510204082
sgRNA_118,rank03,spacer,1.2711023622047244
sgRNA_118,rank04,SL1,1.595560538116592
sgRNA_118,rank04,SL2,0.9258549222797927
sgRNA_118,rank04,SL3,-0.0690721649484536
sgRNA_118,rank04,TL,0.3913775510204082
sgRNA_118,rank04,spacer,1.2711023622047244
sgRNA_118,rank05,SL1,1.595560538116592
sgRNA_118,rank05,SL2,0.9258549222797927
sgRNA_118,rank05,SL3,-0.0690721649484536
sgRNA_118,rank05,TL,0.3913775510204082
sgRNA_118,rank05,spacer,1.2711023622047244
sgRNA_118,rank06,SL1,1.595560538116592
sgRNA_118,rank06,SL2,0.9258549222797927
sgRNA_118,rank06,SL3,-0.0690721649484536
sgRNA_118,rank06,TL,0.3913775510204082
sgRNA_118,rank06,spacer,1.2711023622047244
sgRNA_118,rank07,SL1,1.595560538116592
sgRNA_118,rank07,SL2,0.9258549222797927
sgRNA_118,rank07,SL3,-0.0690721649484536
sgRNA_118,rank07,TL,0.3913775510204082
sgRNA_118,rank07,spacer,1.2711023622047244
sgRNA_118,rank08,SL1,1.595560538116592
sgRNA_118,rank08,SL2,0.9258549222797927
sgRNA_118,rank08,SL3,-0.0690721649484536
sgRNA_118,rank08,TL,0.3913775510204082
sgRNA_118,rank08,spacer,1.2711023622047244
sgRNA_119,rank01,SL1,2.231255605381166
sgRNA_119,rank01,SL2,1.3486528497409327
sgRNA_119,rank01,SL3,0.7063917525773196
sgRNA_119,rank01,TL,1.1397448979591835
sgRNA_119,rank01,spacer,1.6515109034267912
sgRNA_119,rank02,SL1,2.231255605381166
sgRNA_119,rank02,SL2,1.3486528497409327
sgRNA_119,rank02,SL3,0.7063917525773196
sgRNA_119,rank02,TL,1.1397448979591835
sgRNA_119,rank02,spacer,1.6515109034267912
sgRNA_119,rank03,SL1,2.231255605381166
sgRNA_119,rank03,SL2,1.3486528497409327
sgRNA_119,rank03,SL3,0.7063917525773196
sgRNA_119,rank03,TL,1.1397448979591835
sgRNA_119,rank03,spacer,1.6515109034267912
sgRNA_119,rank04,SL1,2.231255605381166
sgRNA_119,rank04,SL2,1.3486528497409327
sgRNA_119,rank04,SL3,0.7063917525773196
sgRNA_119,rank04,TL,1.1397448979591835
sgRNA_119,rank04,spacer,1.6515109034267912
sgRNA_119,rank05,SL1,2.231255605381166
sgRNA_119,rank05,SL2,1.3486528497409327
sgRNA_119,rank05,SL3,0.7063917525773196
sgRNA_119,rank05,TL,1.1397448979591835
sgRNA_119,rank05,spacer,1.6515109034267912
sgRNA_119,rank06,SL1,2.231255605381166
sgRNA_119,rank06,SL2,1.3486528497409327
sgRNA_119,rank06,SL3,0.7063917525773196
sgRNA_119,rank06,TL,1.1397448979591835
sgRNA_119,rank06,spacer,1.6515109034267912
sgRNA_119,rank07,SL1,2.231255605381166
sgRNA_119,rank07,SL2,1.3486528497409327
sgRNA_119,rank07,SL3,0.7063917525773196
sgRNA_119,rank07,TL,1.1397448979591835
sgRNA_119,rank07,spacer,1.6515109034267912
sgRNA_119,rank08,SL1,2.231255605381166
sgRNA_119,rank08,SL2,1.3486528497409327
sgRNA_119,rank08,SL3,0.7063917525773196
sgRNA_119,rank08,TL,1.1397448979591835
sgRNA_119,rank08,spacer,1.6515109034267912
sgRNA_119,rank09,SL1,2.231255605381166
sgRNA_119,rank09,SL2,1.3486528497409327
sgRNA_119,rank09,SL3,0.7063917525773196
sgRNA_119,rank09,TL,1.1397448979591835
sgRNA_119,rank09,spacer,1.6515109034267912
sgRNA_119,rank10,SL1,2.231255605381166
sgRNA_119,rank10,SL2,1.3486528497409327
sgRNA_119,rank10,SL3,0.7063917525773196
sgRNA_119,rank10,TL,1.1397448979591835
sgRNA_119,rank10,spacer,1.6515109034267912
sgRNA_119,rank11,SL1,2.231255605381166
sgRNA_119,rank11,SL2,1.3486528497409327
sgRNA_119,rank11,SL3,0.7063917525773196
sgRNA_119,rank11,TL,1.1397448979591835
sgRNA_119,rank11,spacer,1.6515109034267912
sgRNA_119,rank12,SL1,2.231255605381166
sgRNA_119,rank12,SL2,1.3486528497409327
sgRNA_119,rank12,SL3,0.7063917525773196
sgRNA_119,rank12,TL,1.1397448979591835
sgRNA_119,rank12,spacer,1.6515109034267912
sgRNA_119,rank13,SL1,2.231255605381166
sgRNA_119,rank13,SL2,1.3486528497409327
sgRNA_119,rank13,SL3,0.7063917525773196
sgRNA_119,rank13,TL,1.1397448979591835
sgRNA_119,rank13,spacer,1.6515109034267912
sgRNA_12,rank01,SL1,1.7671300448430494
sgRNA_12,rank01,SL2,1.3283419689119171
sgRNA_12,rank01,SL3,0.5903092783505155
sgRNA_12,rank01,TL,1.7167346938775512
sgRNA_12,rank01,spacer,0.5423100775193799
sgRNA_12,rank02,SL1,1.7671300448430494
sgRNA_12,rank02,SL2,1.3283419689119171
sgRNA_12,rank02,SL3,0.5903092783505155
sgRNA_12,rank02,TL,1.7167346938775512
sgRNA_12,rank02,spacer,0.5423100775193799
sgRNA_12,rank03,SL1,1.7671300448430494
sgRNA_12,rank03,SL2,1.3283419689119171
sgRNA_12,rank03,SL3,0.5903092783505155
sgRNA_12,rank03,TL,1.7167346938775512
sgRNA_12,rank03,spacer,0.5423100775193799
sgRNA_12,rank04,SL1,1.7671300448430494
sgRNA_12,rank04,SL2,1.3283419689119171
sgRNA_12,rank04,SL3,0.5903092783505155
sgRNA_12,rank04,TL,1.7167346938775512
sgRNA_12,rank04,spacer,0.5423100775193799
sgRNA_12,rank05,SL1,1.7671300448430494
sgRNA_12,rank05,SL2,1.3283419689119171
sgRNA_12,rank05,SL3,0.5903092783505155
sgRNA_12,rank05,TL,1.7167346938775512
sgRNA_12,rank05,spacer,0.5423100775193799
sgRNA_12,rank06,SL1,1.7671300448430494
sgRNA_12,rank06,SL2,1.3283419689119171
sgRNA_12,rank06,SL3,0.5903092783505155
sgRNA_12,rank06,TL,1.7167346938775512
sgRNA_12,rank06,spacer,0.5423100775193799
sgRNA_12,rank07,SL1,1.7671300448430494
sgRNA_12,rank07,SL2,1.3283419689119171
sgRNA_12,rank07,SL3,0.5903092783505155
sgRNA_12,rank07,TL,1.7167346938775512
sgRNA_12,rank07,spacer,0.5423100775193799
sgRNA_12,rank08,SL1,1.7671300448430494
sgRNA_12,rank08,SL2,1.3283419689119171
sgRNA_12,rank08,SL3,0.5903092783505155
sgRNA_12,rank08,TL,1.7167346938775512
sgRNA_12,rank08,spacer,0.5423100775193799
sgRNA_12,rank09,SL1,1.7671300448430494
sgRNA_12,rank09,SL2,1.3283419689119171
sgRNA_12,rank09,SL3,0.5903092783505155
sgRNA_12,rank09,TL,1.7167346938775512
sgRNA_12,rank09,spacer,0.5423100775193799
sgRNA_12,rank10,SL1,1.7671300448430494
sgRNA_12,rank10,SL2,1.3283419689119171
sgRNA_12,rank10,SL3,0.5903092783505155
sgRNA_12,rank10,TL,1.7167346938775512
sgRNA_12,rank10,spacer,0.5423100775193799
sgRNA_120,rank01,SL1,1.832017937219731
sgRNA_120,rank01,SL2,2.2390673575129534
sgRNA_120,rank01,SL3,0.6689690721649485
sgRNA_120,rank01,TL,0.24566326530612245
sgRNA_120,rank01,spacer,1.6347603833865816
sgRNA_120,rank02,SL1,1.832017937219731
sgRNA_120,rank02,SL2,2.2390673575129534
sgRNA_120,rank02,SL3,0.6689690721649485
sgRNA_120,rank02,TL,0.24566326530612245
sgRNA_120,rank02,spacer,1.6347603833865816
sgRNA_120,rank03,SL1,1.832017937219731
sgRNA_120,rank03,SL2,2.2390673575129534
sgRNA_120,rank03,SL3,0.6689690721649485
sgRNA_120,rank03,TL,0.24566326530612245
sgRNA_120,rank03,spacer,1.6347603833865816
sgRNA_120,rank04,SL1,1.832017937219731
sgRNA_120,rank04,SL2,2.2390673575129534
sgRNA_120,rank04,SL3,0.6689690721649485
sgRNA_120,rank04,TL,0.24566326530612245
sgRNA_120,rank04,spacer,1.6347603833865816
sgRNA_120,rank05,SL1,1.832017937219731
sgRNA_120,rank05,SL2,2.2390673575129534
sgRNA_120,rank05,SL3,0.6689690721649485
sgRNA_120,rank05,TL,0.24566326530612245
sgRNA_120,rank05,spacer,1.6347603833865816
sgRNA_120,rank06,SL1,1.832017937219731
sgRNA_120,rank06,SL2,2.2390673575129534
sgRNA_120,rank06,SL3,0.6689690721649485
sgRNA_120,rank06,TL,0.24566326530612245
sgRNA_120,rank06,spacer,1.6347603833865816
sgRNA_120,rank07,SL1,1.832017937219731
sgRNA_120,rank07,SL2,2.2390673575129534
sgRNA_120,rank07,SL3,0.6689690721649485
sgRNA_120,rank07,TL,0.24566326530612245
sgRNA_120,rank07,spacer,1.6347603833865816
sgRNA_120,rank08,SL1,1.832017937219731
sgRNA_120,rank08,SL2,2.2390673575129534
sgRNA_120,rank08,SL3,0.6689690721649485
sgRNA_120,rank08,TL,0.24566326530612245
sgRNA_120,rank08,spacer,1.6347603833865816
sgRNA_120,rank09,SL1,1.832017937219731
sgRNA_120,rank09,SL2,2.2390673575129534
sgRNA_120,rank09,SL3,0.6689690721649485
sgRNA_120,rank09,TL,0.24566326530612245
sgRNA_120,rank09,spacer,1.6347603833865816
sgRNA_121,rank01,SL1,1.3886547085201795
sgRNA_121,rank01,SL2,2.0493782383419687
sgRNA_121,rank01,SL3,0.6150515463917525
sgRNA_121,rank01,TL,0.0016326530612244868
sgRNA_121,rank01,spacer,1.3045031055900622
sgRNA_121,rank02,SL1,1.3886547085201795
sgRNA_121,rank02,SL2,2.0493782383419687
sgRNA_121,rank02,SL3,0.6150515463917525
sgRNA_121,rank02,TL,0.0016326530612244868
sgRNA_121,rank02,spacer,1.3045031055900622
sgRNA_121,rank03,SL1,1.3886547085201795
sgRNA_121,rank03,SL2,2.0493782383419687
sgRNA_121,rank03,SL3,0.6150515463917525
sgRNA_121,rank03,TL,0.0016326530612244868
sgRNA_121,rank03,spacer,1.3045031055900622
sgRNA_121,rank04,SL1,1.3886547085201795
sgRNA_121,rank04,SL2,2.0493782383419687
sgRNA_121,rank04,SL3,0.6150515463917525
sgRNA_121,rank04,TL,0.0016326530612244868
sgRNA_121,rank04,spacer,1.3045031055900622
sgRNA_121,rank05,SL1,1.3886547085201795
sgRNA_121,rank05,SL2,2.0493782383419687
sgRNA_121,rank05,SL3,0.6150515463917525
sgRNA_121,rank05,TL,0.0016326530612244868
sgRNA_121,rank05,spacer,1.3045031055900622
sgRNA_121,rank06,SL1,1.3886547085201795
sgRNA_121,rank06,SL2,2.0493782383419687
sgRNA_121,rank06,SL3,0.6150515463917525
sgRNA_121,rank06,TL,0.0016326530612244868
sgRNA_121,rank06,spacer,1.3045031055900622
sgRNA_121,rank07,SL1,1.3886547085201795
sgRNA_121,rank07,SL2,2.0493782383419687
sgRNA_121,rank07,SL3,0.6150515463917525
sgRNA_121,rank07,TL,0.0016326530612244868
sgRNA_121,rank07,spacer,1.3045031055900622
sgRNA_122,rank01,SL1,2.135112107623318
sgRNA_122,rank01,SL2,1.3150777202072539
sgRNA_122,rank01,SL3,1.0842268041237113
sgRNA_122,rank01,TL,2.4628061224489795
sgRNA_122,rank01,spacer,0.7529037267080746
sgRNA_122,rank02,SL1,2.135112107623318
sgRNA_122,rank02,SL2,1.3150777202072539
sgRNA_122,rank02,SL3,1.0842268041237113
sgRNA_122,rank02,TL,2.4628061224489795
sgRNA_122,rank02,spacer,0.7529037267080746
sgRNA_122,rank03,SL1,2.135112107623318
sgRNA_122,rank03,SL2,1.3150777202072539
sgRNA_122,rank03,SL3,1.0842268041237113
sgRNA_122,rank03,TL,2.4628061224489795
sgRNA_122,rank03,spacer,0.7529037267080746
sgRNA_122,rank04,SL1,2.135112107623318
sgRNA_122,rank04,SL2,1.3150777202072539
sgRNA_122,rank04,SL3,1.0842268041237113
sgRNA_122,rank04,TL,2.4628061224489795
sgRNA_122,rank04,spacer,0.7529037267080746
sgRNA_122,rank05,SL1,2.135112107623318
sgRNA_122,rank05,SL2,1.3150777202072539
sgRNA_122,rank05,SL3,1.0842268041237113
sgRNA_122,rank05,TL,2.4628061224489795
sgRNA_122,rank05,spacer,0.7529037267080746
sgRNA_122,rank06,SL1,2.135112107623318
sgRNA_122,rank06,SL2,1.3150777202072539
sgRNA_122,rank06,SL3,1.0842268041237113
sgRNA_122,rank06,TL,2.4628061224489795
sgRNA_122,rank06,spacer,0.7529037267080746
sgRNA_122,rank07,SL1,2.135112107623318
sgRNA_122,rank07,SL2,1.3150777202072539
sgRNA_122,rank07,SL3,1.0842268041237113
sgRNA_122,rank07,TL,2.4628061224489795
sgRNA_122,rank07,spacer,0.7529037267080746
sgRNA_122,rank08,SL1,2.135112107623318
sgRNA_122,rank08,SL2,1.3150777202072539
sgRNA_122,rank08,SL3,1.0842268041237113
sgRNA_122,rank08,TL,2.4628061224489795
sgRNA_122,rank08,spacer,0.7529037267080746
sgRNA_122,rank09,SL1,2.135112107623318
sgRNA_122,rank09,SL2,1.3150777202072539
sgRNA_122,rank09,SL3,1.0842268041237113
sgRNA_122,rank09,TL,2.4628061224489795
sgRNA_122,rank09,spacer,0.7529037267080746
sgRNA_122,rank10,SL1,2.135112107623318
sgRNA_122,rank10,SL2,1.3150777202072539
sgRNA_122,rank10,SL3,1.0842268041237113
sgRNA_122,rank10,TL,2.4628061224489795
sgRNA_122,rank10,spacer,0.7529037267080746
sgRNA_122,rank11,SL1,2.135112107623318
sgRNA_122,rank11,SL2,1.3150777202072539
sgRNA_122,rank11,SL3,1.0842268041237113
sgRNA_122,rank11,TL,2.4628061224489795
sgRNA_122,rank11,spacer,0.7529037267080746
sgRNA_123,rank01,SL1,2.3135426008968607
sgRNA_123,rank01,SL2,1.4909844559585492
sgRNA_123,rank01,SL3,0.7624742268041238
sgRNA_123,rank01,TL,1.455765306122449
sgRNA_123,rank01,spacer,1.56253125
sgRNA_123,rank02,SL1,2.3135426008968607
sgRNA_123,rank02,SL2,1.4909844559585492
sgRNA_123,rank02,SL3,0.7624742268041238
sgRNA_123,rank02,TL,1.455765306122449
sgRNA_123,rank02,spacer,1.56253125
sgRNA_123,rank03,SL1,2.3135426008968607
sgRNA_123,rank03,SL2,1.4909844559585492
sgRNA_123,rank03,SL3,0.7624742268041238
sgRNA_123,rank03,TL,1.455765306122449
sgRNA_123,rank03,spacer,1.56253125
sgRNA_123,rank04,SL1,2.3135426008968607
sgRNA_123,rank04,SL2,1.4909844559585492
sgRNA_123,rank04,SL3,0.7624742268041238
sgRNA_123,rank04,TL,1.455765306122449
sgRNA_123,rank04,spacer,1.56253125
sgRNA_123,rank05,SL1,2.3135426008968607
sgRNA_123,rank05,SL2,1.4909844559585492
sgRNA_123,rank05,SL3,0.7624742268041238
sgRNA_123,rank05,TL,1.455765306122449
sgRNA_123,rank05,spacer,1.56253125
sgRNA_123,rank06,SL1,2.3135426008968607
sgRNA_123,rank06,SL2,1.4909844559585492
sgRNA_123,rank06,SL3,0.7624742268041238
sgRNA_123,rank06,TL,1.455765306122449
sgRNA_123,rank06,spacer,1.56253125
sgRNA_123,rank07,SL1,2.3135426008968607
sgRNA_123,rank07,SL2,1.4909844559585492
sgRNA_123,rank07,SL3,0.7624742268041238
sgRNA_123,rank07,TL,1.455765306122449
sgRNA_123,rank07,spacer,1.56253125
sgRNA_123,rank08,SL1,2.3135426008968607
sgRNA_123,rank08,SL2,1.4909844559585492
sgRNA_123,rank08,SL3,0.7624742268041238
sgRNA_123,rank08,TL,1.455765306122449
sgRNA_123,rank08,spacer,1.56253125
sgRNA_123,rank09,SL1,2.3135426008968607
sgRNA_123,rank09,SL2,1.4909844559585492
sgRNA_123,rank09,SL3,0.7624742268041238
sgRNA_123,rank09,TL,1.455765306122449
sgRNA_123,rank09,spacer,1.56253125
sgRNA_123,rank10,SL1,2.3135426008968607
sgRNA_123,rank10,SL2,1.4909844559585492
sgRNA_123,rank10,SL3,0.7624742268041238
sgRNA_123,rank10,TL,1.455765306122449
sgRNA_123,rank10,spacer,1.56253125
sgRNA_123,rank11,SL1,2.3135426008968607
sgRNA_123,rank11,SL2,1.4909844559585492
sgRNA_123,rank11,SL3,0.7624742268041238
sgRNA_123,rank11,TL,1.455765306122449
sgRNA_123,rank11,spacer,1.56253125
sgRNA_123,rank12,SL1,2.3135426008968607
sgRNA_123,rank12,SL2,1.4909844559585492
sgRNA_123,rank12,SL3,0.7624742268041238
sgRNA_123,rank12,TL,1.455765306122449
sgRNA_123,rank12,spacer,1.56253125
sgRNA_124,rank01,SL1,0.9918834080717489
sgRNA_124,rank01,SL2,1.5135751295336788
sgRNA_124,rank01,SL3,-0.6907216494845361
sgRNA_124,rank01,TL,1.8556632653061222
sgRNA_124,rank01,spacer,1.148632075471698
sgRNA_124,rank02,SL1,0.9918834080717489
sgRNA_124,rank02,SL2,1.5135751295336788
sgRNA_124,rank02,SL3,-0.6907216494845361
sgRNA_124,rank02,TL,1.8556632653061222
sgRNA_124,rank02,spacer,1.148632075471698
sgRNA_124,rank03,SL1,0.9918834080717489
sgRNA_124,rank03,SL2,1.5135751295336788
sgRNA_124,rank03,SL3,-0.6907216494845361
sgRNA_124,rank03,TL,1.8556632653061222
sgRNA_124,rank03,spacer,1.148632075471698
sgRNA_124,rank04,SL1,0.9918834080717489
sgRNA_124,rank04,SL2,1.5135751295336788
sgRNA_124,rank04,SL3,-0.6907216494845361
sgRNA_124,rank04,TL,1.8556632653061222
sgRNA_124,rank04,spacer,1.148632075471698
sgRNA_124,rank05,SL1,0.9918834080717489
sgRNA_124,rank05,SL2,1.5135751295336788
sgRNA_124,rank05,SL3,-0.6907216494845361
sgRNA_124,rank05,TL,1.8556632653061222
sgRNA_124,rank05,spacer,1.148632075471698
sgRNA_124,rank06,SL1,0.9918834080717489
sgRNA_124,rank06,SL2,1.5135751295336788
sgRNA_124,rank06,SL3,-0.6907216494845361
sgRNA_124,rank06,TL,1.8556632653061222
sgRNA_124,rank06,spacer,1.148632075471698
sgRNA_124,rank07,SL1,0.9918834080717489
sgRNA_124,rank07,SL2,1.5135751295336788
sgRNA_124,rank07,SL3,-0.6907216494845361
sgRNA_124,rank07,TL,1.8556632653061222
sgRNA_124,rank07,spacer,1.148632075471698
sgRNA_124,rank08,SL1,0.9918834080717489
sgRNA_124,rank08,SL2,1.5135751295336788
sgRNA_124,rank08,SL3,-0.6907216494845361
sgRNA_124,rank08,TL,1.8556632653061222
sgRNA_124,rank08,spacer,1.148632075471698
sgRNA_124,rank09,SL1,0.9918834080717489
sgRNA_124,rank09,SL2,1.5135751295336788
sgRNA_124,rank09,SL3,-0.6907216494845361
sgRNA_124,rank09,TL,1.8556632653061222
sgRNA_124,rank09,spacer,1.148632075471698
sgRNA_124,rank10,SL1,0.9918834080717489
sgRNA_124,rank10,SL2,1.5135751295336788
sgRNA_124,rank10,SL3,-0.6907216494845361
sgRNA_124,rank10,TL,1.8556632653061222
sgRNA_124,rank10,spacer,1.148632075471698
sgRNA_125,rank01,SL1,1.679865470852018
sgRNA_125,rank01,SL2,1.3650777202072537
sgRNA_125,rank01,SL3,-0.02350515463917527
sgRNA_125,rank01,TL,2.3888775510204083
sgRNA_125,rank01,spacer,2.2543800322061194
sgRNA_125,rank02,SL1,1.679865470852018
sgRNA_125,rank02,SL2,1.3650777202072537
sgRNA_125,rank02,SL3,-0.02350515463917527
sgRNA_125,rank02,TL,2.3888775510204083
sgRNA_125,rank02,spacer,2.2543800322061194
sgRNA_125,rank03,SL1,1.679865470852018
sgRNA_125,rank03,SL2,1.3650777202072537
sgRNA_125,rank03,SL3,-0.02350515463917527
sgRNA_125,rank03,TL,2.3888775510204083
sgRNA_125,rank03,spacer,2.2543800322061194
sgRNA_125,rank04,SL1,1.679865470852018
sgRNA_125,rank04,SL2,1.3650777202072537
sgRNA_125,rank04,SL3,-0.02350515463917527
sgRNA_125,rank04,TL,2.3888775510204083
sgRNA_125,rank04,spacer,2.2543800322061194
sgRNA_125,rank05,SL1,1.679865470852018
sgRNA_125,rank05,SL2,1.3650777202072537
sgRNA_125,rank05,SL3,-0.02350515463917527
sgRNA_125,rank05,TL,2.3888775510204083
sgRNA_125,rank05,spacer,2.2543800322061194
sgRNA_125,rank06,SL1,1.679865470852018
sgRNA_125,rank06,SL2,1.3650777202072537
sgRNA_125,rank06,SL3,-0.02350515463917527
sgRNA_125,rank06,TL,2.3888775510204083
sgRNA_125,rank06,spacer,2.2543800322061194
sgRNA_125,rank07,SL1,1.679865470852018
sgRNA_125,rank07,SL2,1.3650777202072537
sgRNA_125,rank07,SL3,-0.02350515463917527
sgRNA_125,rank07,TL,2.3888775510204083
sgRNA_125,rank07,spacer,2.2543800322061194
sgRNA_125,rank08,SL1,1.679865470852018
sgRNA_125,rank08,SL2,1.3650777202072537
sgRNA_125,rank08,SL3,-0.02350515463917527
sgRNA_125,rank08,TL,2.3888775510204083
sgRNA_125,rank08,spacer,2.2543800322061194
sgRNA_125,rank09,SL1,1.679865470852018
sgRNA_125,rank09,SL2,1.3650777202072537
sgRNA_125,rank09,SL3,-0.02350515463917527
sgRNA_125,rank09,TL,2.3888775510204083
sgRNA_125,rank09,spacer,2.2543800322061194
sgRNA_125,rank10,SL1,1.679865470852018
sgRNA_125,rank10,SL2,1.3650777202072537
sgRNA_125,rank10,SL3,-0.02350515463917527
sgRNA_125,rank10,TL,2.3888775510204083
sgRNA_125,rank10,spacer,2.2543800322061194
sgRNA_125,rank11,SL1,1.679865470852018
sgRNA_125,rank11,SL2,1.3650777202072537
sgRNA_125,rank11,SL3,-0.02350515463917527
sgRNA_125,rank11,TL,2.3888775510204083
sgRNA_125,rank11,spacer,2.2543800322061194
sgRNA_125,rank12,SL1,1.679865470852018
sgRNA_125,rank12,SL2,1.3650777202072537
sgRNA_125,rank12,SL3,-0.02350515463917527
sgRNA_125,rank12,TL,2.3888775510204083
sgRNA_125,rank12,spacer,2.2543800322061194
sgRNA_125,rank13,SL1,1.679865470852018
sgRNA_125,rank13,SL2,1.3650777202072537
sgRNA_125,rank13,SL3,-0.02350515463917527
sgRNA_125,rank13,TL,2.3888775510204083
sgRNA_125,rank13,spacer,2.2543800322061194
sgRNA_125,rank14,SL1,1.679865470852018
sgRNA_125,rank14,SL2,1.3650777202072537
sgRNA_125,rank14,SL3,-0.02350515463917527
sgRNA_125,rank14,TL,2.3888775510204083
sgRNA_125,rank14,spacer,2.2543800322061194
sgRNA_126,rank01,SL1,1.1139013452914799
sgRNA_126,rank01,SL2,0.27979274611398963
sgRNA_126,rank01,SL3,-0.6597938144329897
sgRNA_126,rank01,TL,1.3384183673469388
sgRNA_126,rank01,spacer,0.4752
sgRNA_126,rank02,SL1,1.1139013452914799
sgRNA_126,rank02,SL2,0.27979274611398963
sgRNA_126,rank02,SL3,-0.6597938144329897
sgRNA_126,rank02,TL,1.3384183673469388
sgRNA_126,rank02,spacer,0.4752
sgRNA_126,rank03,SL1,1.1139013452914799
sgRNA_126,rank03,SL2,0.27979274611398963
sgRNA_126,rank03,SL3,-0.6597938144329897
sgRNA_126,rank03,TL,1.3384183673469388
sgRNA_126,rank03,spacer,0.4752
sgRNA_126,rank04,SL1,1.1139013452914799
sgRNA_126,rank04,SL2,0.27979274611398963
sgRNA_126,rank04,SL3,-0.6597938144329897
sgRNA_126,rank04,TL,1.3384183673469388
sgRNA_126,rank04,spacer,0.4752
sgRNA_126,rank05,SL1,1.1139013452914799
sgRNA_126,rank05,SL2,0.27979274611398963
sgRNA_126,rank05,SL3,-0.6597938144329897
sgRNA_126,rank05,TL,1.3384183673469388
sgRNA_126,rank05,spacer,0.4752
sgRNA_126,rank06,SL1,1.1139013452914799
sgRNA_126,rank06,SL2,0.27979274611398963
sgRNA_126,rank06,SL3,-0.6597938144329897
sgRNA_126,rank06,TL,1.3384183673469388
sgRNA_126,rank06,spacer,0.4752
sgRNA_127,rank01,SL1,1.2943946188340807
sgRNA_127,rank01,SL2,1.3489119170984458
sgRNA_127,rank01,SL3,-0.35051546391752575
sgRNA_127,rank01,TL,0.8210204081632653
sgRNA_127,rank01,spacer,1.6520820668693008
sgRNA_127,rank02,SL1,1.2943946188340807
sgRNA_127,rank02,SL2,1.3489119170984458
sgRNA_127,rank02,SL3,-0.35051546391752575
sgRNA_127,rank02,TL,0.8210204081632653
sgRNA_127,rank02,spacer,1.6520820668693008
sgRNA_127,rank03,SL1,1.2943946188340807
sgRNA_127,rank03,SL2,1.3489119170984458
sgRNA_127,rank03,SL3,-0.35051546391752575
sgRNA_127,rank03,TL,0.8210204081632653
sgRNA_127,rank03,spacer,1.6520820668693008
sgRNA_127,rank04,SL1,1.2943946188340807
sgRNA_127,rank04,SL2,1.3489119170984458
sgRNA_127,rank04,SL3,-0.35051546391752575
sgRNA_127,rank04,TL,0.8210204081632653
sgRNA_127,rank04,spacer,1.6520820668693008
sgRNA_127,rank05,SL1,1.2943946188340807
sgRNA_127,rank05,SL2,1.3489119170984458
sgRNA_127,rank05,SL3,-0.35051546391752575
sgRNA_127,rank05,TL,0.8210204081632653
sgRNA_127,rank05,spacer,1.6520820668693008
sgRNA_127,rank06,SL1,1.2943946188340807
sgRNA_127,rank06,SL2,1.3489119170984458
sgRNA_127,rank06,SL3,-0.35051546391752575
sgRNA_127,rank06,TL,0.8210204081632653
sgRNA_127,rank06,spacer,1.6520820668693008
sgRNA_127,rank07,SL1,1.2943946188340807
sgRNA_127,rank07,SL2,1.3489119170984458
sgRNA_127,rank07,SL3,-0.35051546391752575
sgRNA_127,rank07,TL,0.8210204081632653
sgRNA_127,rank07,spacer,1.6520820668693008
sgRNA_127,rank08,SL1,1.2943946188340807
sgRNA_127,rank08,SL2,1.3489119170984458
sgRNA_127,rank08,SL3,-0.35051546391752575
sgRNA_127,rank08,TL,0.8210204081632653
sgRNA_127,rank08,spacer,1.6520820668693008
sgRNA_128,rank01,SL1,1.4181165919282512
sgRNA_128,rank01,SL2,1.0785492227979274
sgRNA_128,rank01,SL3,-1.0
sgRNA_128,rank01,TL,-0.0745408163265306
sgRNA_128,rank01,spacer,1.8088491446345256
sgRNA_128,rank02,SL1,1.4181165919282512
sgRNA_128,rank02,SL2,1.0785492227979274
sgRNA_128,rank02,SL3,-1.0
sgRNA_128,rank02,TL,-0.0745408163265306
sgRNA_128,rank02,spacer,1.8088491446345256
sgRNA_128,rank03,SL1,1.4181165919282512
sgRNA_128,rank03,SL2,1.0785492227979274
sgRNA_128,rank03,SL3,-1.0
sgRNA_128,rank03,TL,-0.0745408163265306
sgRNA_128,rank03,spacer,1.8088491446345256
sgRNA_128,rank04,SL1,1.4181165919282512
sgRNA_128,rank04,SL2,1.0785492227979274
sgRNA_128,rank04,SL3,-1.0
sgRNA_128,rank04,TL,-0.0745408163265306
sgRNA_128,rank04,spacer,1.8088491446345256
sgRNA_128,rank05,SL1,1.4181165919282512
sgRNA_128,rank05,SL2,1.0785492227979274
sgRNA_128,rank05,SL3,-1.0
sgRNA_128,rank05,TL,-0.0745408163265306
sgRNA_128,rank05,spacer,1.8088491446345256
sgRNA_128,rank06,SL1,1.4181165919282512
sgRNA_128,rank06,SL2,1.0785492227979274
sgRNA_128,rank06,SL3,-1.0
sgRNA_128,rank06,TL,-0.0745408163265306
sgRNA_128,rank06,spacer,1.8088491446345256
sgRNA_129,rank01,SL1,2.9642152466367713
sgRNA_129,rank01,SL2,2.1686010362694303
sgRNA_129,rank01,SL3,0.47010309278350515
sgRNA_129,rank01,TL,1.4853571428571428
sgRNA_129,rank01,spacer,2.721561514195584
sgRNA_129,rank02,SL1,2.9642152466367713
sgRNA_129,rank02,SL2,2.1686010362694303
sgRNA_129,rank02,SL3,0.47010309278350515
sgRNA_129,rank02,TL,1.4853571428571428
sgRNA_129,rank02,spacer,2.721561514195584
sgRNA_129,rank03,SL1,2.9642152466367713
sgRNA_129,rank03,SL2,2.1686010362694303
sgRNA_129,rank03,SL3,0.47010309278350515
sgRNA_129,rank03,TL,1.4853571428571428
sgRNA_129,rank03,spacer,2.721561514195584
sgRNA_129,rank04,SL1,2.9642152466367713
sgRNA_129,rank04,SL2,2.1686010362694303
sgRNA_129,rank04,SL3,0.47010309278350515
sgRNA_129,rank04,TL,1.4853571428571428
sgRNA_129,rank04,spacer,2.721561514195584
sgRNA_129,rank05,SL1,2.9642152466367713
sgRNA_129,rank05,SL2,2.1686010362694303
sgRNA_129,rank05,SL3,0.47010309278350515
sgRNA_129,rank05,TL,1.4853571428571428
sgRNA_129,rank05,spacer,2.721561514195584
sgRNA_129,rank06,SL1,2.9642152466367713
sgRNA_129,rank06,SL2,2.1686010362694303
sgRNA_129,rank06,SL3,0.47010309278350515
sgRNA_129,rank06,TL,1.4853571428571428
sgRNA_129,rank06,spacer,2.721561514195584
sgRNA_129,rank07,SL1,2.9642152466367713
sgRNA_129,rank07,SL2,2.1686010362694303
sgRNA_129,rank07,SL3,0.47010309278350515
sgRNA_129,rank07,TL,1.4853571428571428
sgRNA_129,rank07,spacer,2.721561514195584
sgRNA_129,rank08,SL1,2.9642152466367713
sgRNA_129,rank08,SL2,2.1686010362694303
sgRNA_129,rank08,SL3,0.47010309278350515
sgRNA_129,rank08,TL,1.4853571428571428
sgRNA_129,rank08,spacer,2.721561514195584
sgRNA_129,rank09,SL1,2.9642152466367713
sgRNA_129,rank09,SL2,2.1686010362694303
sgRNA_129,rank09,SL3,0.47010309278350515
sgRNA_129,rank09,TL,1.4853571428571428
sgRNA_129,rank09,spacer,2.721561514195584
sgRNA_129,rank10,SL1,2.9642152466367713
sgRNA_129,rank10,SL2,2.1686010362694303
sgRNA_129,rank10,SL3,0.47010309278350515
sgRNA_129,rank10,TL,1.4853571428571428
sgRNA_129,rank10,spacer,2.721561514195584
sgRNA_129,rank11,SL1,2.9642152466367713
sgRNA_129,rank11,SL2,2.1686010362694303
sgRNA_129,rank11,SL3,0.47010309278350515
sgRNA_129,rank11,TL,1.4853571428571428
sgRNA_129,rank11,spacer,2.721561514195584
sgRNA_129,rank12,SL1,2.9642152466367713
sgRNA_129,rank12,SL2,2.1686010362694303
sgRNA_129,rank12,SL3,0.47010309278350515
sgRNA_129,rank12,TL,1.4853571428571428
sgRNA_129,rank12,spacer,2.721561514195584
sgRNA_129,rank13,SL1,2.9642152466367713
sgRNA_129,rank13,SL2,2.1686010362694303
sgRNA_129,rank13,SL3,0.47010309278350515
sgRNA_129,rank13,TL,1.4853571428571428
sgRNA_129,rank13,spacer,2.721561514195584
sgRNA_129,rank14,SL1,2.9642152466367713
sgRNA_129,rank14,SL2,2.1686010362694303
sgRNA_129,rank14,SL3,0.47010309278350515
sgRNA_129,rank14,TL,1.4853571428571428
sgRNA_129,rank14,spacer,2.721561514195584
sgRNA_129,rank15,SL1,2.9642152466367713
sgRNA_129,rank15,SL2,2.1686010362694303
sgRNA_129,rank15,SL3,0.47010309278350515
sgRNA_129,rank15,TL,1.4853571428571428
sgRNA_129,rank15,spacer,2.721561514195584
sgRNA_13,rank01,SL1,0.9538565022421525
sgRNA_13,rank01,SL2,1.5133678756476683
sgRNA_13,rank01,SL3,0.24185567010309275
sgRNA_13,rank01,TL,-0.2145918367346939
sgRNA_13,rank01,spacer,1.3956434108527134
sgRNA_13,rank02,SL1,0.9538565022421525
sgRNA_13,rank02,SL2,1.5133678756476683
sgRNA_13,rank02,SL3,0.24185567010309275
sgRNA_13,rank02,TL,-0.2145918367346939
sgRNA_13,rank02,spacer,1.3956434108527134
sgRNA_13,rank03,SL1,0.9538565022421525
sgRNA_13,rank03,SL2,1.5133678756476683
sgRNA_13,rank03,SL3,0.24185567010309275
sgRNA_13,rank03,TL,-0.2145918367346939
sgRNA_13,rank03,spacer,1.3956434108527134
sgRNA_13,rank04,SL1,0.9538565022421525
sgRNA_13,rank04,SL2,1.5133678756476683
sgRNA_13,rank04,SL3,0.24185567010309275
sgRNA_13,rank04,TL,-0.2145918367346939
sgRNA_13,rank04,spacer,1.3956434108527134
sgRNA_13,rank05,SL1,0.9538565022421525
sgRNA_13,rank05,SL2,1.5133678756476683
sgRNA_13,rank05,SL3,0.24185567010309275
sgRNA_13,rank05,TL,-0.2145918367346939
sgRNA_13,rank05,spacer,1.3956434108527134
sgRNA_13,rank06,SL1,0.9538565022421525
sgRNA_13,rank06,SL2,1.5133678756476683
sgRNA_13,rank06,SL3,0.24185567010309275
sgRNA_13,rank06,TL,-0.2145918367346939
sgRNA_13,rank06,spacer,1.3956434108527134
sgRNA_130,rank01,SL1,1.834798206278027
sgRNA_130,rank01,SL2,1.5496891191709847
sgRNA_130,rank01,SL3,-0.35051546391752575
sgRNA_130,rank01,TL,0.2837755102040816
sgRNA_130,rank01,spacer,1.9796273291925468
sgRNA_130,rank02,SL1,1.834798206278027
sgRNA_130,rank02,SL2,1.5496891191709847
sgRNA_130,rank02,SL3,-0.35051546391752575
sgRNA_130,rank02,TL,0.2837755102040816
sgRNA_130,rank02,spacer,1.9796273291925468
sgRNA_130,rank03,SL1,1.834798206278027
sgRNA_130,rank03,SL2,1.5496891191709847
sgRNA_130,rank03,SL3,-0.35051546391752575
sgRNA_130,rank03,TL,0.2837755102040816
sgRNA_130,rank03,spacer,1.9796273291925468
sgRNA_130,rank04,SL1,1.834798206278027
sgRNA_130,rank04,SL2,1.5496891191709847
sgRNA_130,rank04,SL3,-0.35051546391752575
sgRNA_130,rank04,TL,0.2837755102040816
sgRNA_130,rank04,spacer,1.9796273291925468
sgRNA_130,rank05,SL1,1.834798206278027
sgRNA_130,rank05,SL2,1.5496891191709847
sgRNA_130,rank05,SL3,-0.35051546391752575
sgRNA_130,rank05,TL,0.2837755102040816
sgRNA_130,rank05,spacer,1.9796273291925468
sgRNA_130,rank06,SL1,1.834798206278027
sgRNA_130,rank06,SL2,1.5496891191709847
sgRNA_130,rank06,SL3,-0.35051546391752575
sgRNA_130,rank06,TL,0.2837755102040816
sgRNA_130,rank06,spacer,1.9796273291925468
sgRNA_131,rank01,SL1,1.6723766816143497
sgRNA_131,rank01,SL2,1.2267875647668394
sgRNA_131,rank01,SL3,1.5042268041237112
sgRNA_131,rank01,TL,2.196326530612245
sgRNA_131,rank01,spacer,1.7996159999999999
sgRNA_131,rank02,SL1,1.6723766816143497
sgRNA_131,rank02,SL2,1.2267875647668394
sgRNA_131,rank02,SL3,1.5042268041237112
sgRNA_131,rank02,TL,2.196326530612245
sgRNA_131,rank02,spacer,1.7996159999999999
sgRNA_131,rank03,SL1,1.6723766816143497
sgRNA_131,rank03,SL2,1.2267875647668394
sgRNA_131,rank03,SL3,1.5042268041237112
sgRNA_131,rank03,TL,2.196326530612245
sgRNA_131,rank03,spacer,1.7996159999999999
sgRNA_131,rank04,SL1,1.6723766816143497
sgRNA_131,rank04,SL2,1.2267875647668394
sgRNA_131,rank04,SL3,1.5042268041237112
sgRNA_131,rank04,TL,2.196326530612245
sgRNA_131,rank04,spacer,1.7996159999999999
sgRNA_131,rank05,SL1,1.6723766816143497
sgRNA_131,rank05,SL2,1.2267875647668394
sgRNA_131,rank05,SL3,1.5042268041237112
sgRNA_131,rank05,TL,2.196326530612245
sgRNA_131,rank05,spacer,1.7996159999999999
sgRNA_131,rank06,SL1,1.6723766816143497
sgRNA_131,rank06,SL2,1.2267875647668394
sgRNA_131,rank06,SL3,1.5042268041237112
sgRNA_131,rank06,TL,2.196326530612245
sgRNA_131,rank06,spacer,1.7996159999999999
sgRNA_131,rank07,SL1,1.6723766816143497
sgRNA_131,rank07,SL2,1.2267875647668394
sgRNA_131,rank07,SL3,1.5042268041237112
sgRNA_131,rank07,TL,2.196326530612245
sgRNA_131,rank07,spacer,1.7996159999999999
sgRNA_131,rank08,SL1,1.6723766816143497
sgRNA_131,rank08,SL2,1.2267875647668394
sgRNA_131,rank08,SL3,1.5042268041237112
sgRNA_131,rank08,TL,2.196326530612245
sgRNA_131,rank08,spacer,1.7996159999999999
sgRNA_131,rank09,SL1,1.6723766816143497
sgRNA_131,rank09,SL2,1.2267875647668394
sgRNA_131,rank09,SL3,1.5042268041237112
sgRNA_131,rank09,TL,2.196326530612245
sgRNA_131,rank09,spacer,1.7996159999999999
sgRNA_131,rank10,SL1,1.6723766816143497
sgRNA_131,rank10,SL2,1.2267875647668394
sgRNA_131,rank10,SL3,1.5042268041237112
sgRNA_131,rank10,TL,2.196326530612245
sgRNA_131,rank10,spacer,1.7996159999999999
sgRNA_131,rank11,SL1,1.6723766816143497
sgRNA_131,rank11,SL2,1.2267875647668394
sgRNA_131,rank11,SL3,1.5042268041237112
sgRNA_131,rank11,TL,2.196326530612245
sgRNA_131,rank11,spacer,1.7996159999999999
sgRNA_132,rank01,SL1,1.8760089686098653
sgRNA_132,rank01,SL2,0.999637305699482
sgRNA_132,rank01,SL3,0.3608247422680412
sgRNA_132,rank01,TL,2.166122448979592
sgRNA_132,rank01,spacer,2.067480680061824
sgRNA_132,rank02,SL1,1.8760089686098653
sgRNA_132,rank02,SL2,0.999637305699482
sgRNA_132,rank02,SL3,0.3608247422680412
sgRNA_132,rank02,TL,2.166122448979592
sgRNA_132,rank02,spacer,2.067480680061824
sgRNA_132,rank03,SL1,1.8760089686098653
sgRNA_132,rank03,SL2,0.999637305699482
sgRNA_132,rank03,SL3,0.3608247422680412
sgRNA_132,rank03,TL,2.166122448979592
sgRNA_132,rank03,spacer,2.067480680061824
sgRNA_132,rank04,SL1,1.8760089686098653
sgRNA_132,rank04,SL2,0.999637305699482
sgRNA_132,rank04,SL3,0.3608247422680412
sgRNA_132,rank04,TL,2.166122448979592
sgRNA_132,rank04,spacer,2.067480680061824
sgRNA_132,rank05,SL1,1.8760089686098653
sgRNA_132,rank05,SL2,0.999637305699482
sgRNA_132,rank05,SL3,0.3608247422680412
sgRNA_132,rank05,TL,2.166122448979592
sgRNA_132,rank05,spacer,2.067480680061824
sgRNA_132,rank06,SL1,1.8760089686098653
sgRNA_132,rank06,SL2,0.999637305699482
sgRNA_132,rank06,SL3,0.3608247422680412
sgRNA_132,rank06,TL,2.166122448979592
sgRNA_132,rank06,spacer,2.067480680061824
sgRNA_132,rank07,SL1,1.8760089686098653
sgRNA_132,rank07,SL2,0.999637305699482
sgRNA_132,rank07,SL3,0.3608247422680412
sgRNA_132,rank07,TL,2.166122448979592
sgRNA_132,rank07,spacer,2.067480680061824
sgRNA_132,rank08,SL1,1.8760089686098653
sgRNA_132,rank08,SL2,0.999637305699482
sgRNA_132,rank08,SL3,0.3608247422680412
sgRNA_132,rank08,TL,2.166122448979592
sgRNA_132,rank08,spacer,2.067480680061824
sgRNA_132,rank09,SL1,1.8760089686098653
sgRNA_132,rank09,SL2,0.999637305699482
sgRNA_132,rank09,SL3,0.3608247422680412
sgRNA_132,rank09,TL,2.166122448979592
sgRNA_132,rank09,spacer,2.067480680061824
sgRNA_132,rank10,SL1,1.8760089686098653
sgRNA_132,rank10,SL2,0.999637305699482
sgRNA_132,rank10,SL3,0.3608247422680412
sgRNA_132,rank10,TL,2.166122448979592
sgRNA_132,rank10,spacer,2.067480680061824
sgRNA_132,rank11,SL1,1.8760089686098653
sgRNA_132,rank11,SL2,0.999637305699482
sgRNA_132,rank11,SL3,0.3608247422680412
sgRNA_132,rank11,TL,2.166122448979592
sgRNA_132,rank11,spacer,2.067480680061824
sgRNA_132,rank12,SL1,1.8760089686098653
sgRNA_132,rank12,SL2,0.999637305699482
sgRNA_132,rank12,SL3,0.3608247422680412
sgRNA_132,rank12,TL,2.166122448979592
sgRNA_132,rank12,spacer,2.067480680061824
sgRNA_132,rank13,SL1,1.8760089686098653
sgRNA_132,rank13,SL2,0.999637305699482
sgRNA_132,rank13,SL3,0.3608247422680412
sgRNA_132,rank13,TL,2.166122448979592
sgRNA_132,rank13,spacer,2.067480680061824
sgRNA_133,rank01,SL1,2.221614349775785
sgRNA_133,rank01,SL2,1.6686528497409328
sgRNA_133,rank01,SL3,0.687319587628866
sgRNA_133,rank01,TL,2.1235204081632655
sgRNA_133,rank01,spacer,2.498208
sgRNA_133,rank02,SL1,2.221614349775785
sgRNA_133,rank02,SL2,1.6686528497409328
sgRNA_133,rank02,SL3,0.687319587628866
sgRNA_133,rank02,TL,2.1235204081632655
sgRNA_133,rank02,spacer,2.498208
sgRNA_133,rank03,SL1,2.221614349775785
sgRNA_133,rank03,SL2,1.6686528497409328
sgRNA_133,rank03,SL3,0.687319587628866
sgRNA_133,rank03,TL,2.1235204081632655
sgRNA_133,rank03,spacer,2.498208
sgRNA_133,rank04,SL1,2.221614349775785
sgRNA_133,rank04,SL2,1.6686528497409328
sgRNA_133,rank04,SL3,0.687319587628866
sgRNA_133,rank04,TL,2.1235204081632655
sgRNA_133,rank04,spacer,2.498208
sgRNA_133,rank05,SL1,2.221614349775785
sgRNA_133,rank05,SL2,1.6686528497409328
sgRNA_133,rank05,SL3,0.687319587628866
sgRNA_133,rank05,TL,2.1235204081632655
sgRNA_133,rank05,spacer,2.498208
sgRNA_133,rank06,SL1,2.221614349775785
sgRNA_133,rank06,SL2,1.6686528497409328
sgRNA_133,rank06,SL3,0.687319587628866
sgRNA_133,rank06,TL,2.1235204081632655
sgRNA_133,rank06,spacer,2.498208
sgRNA_133,rank07,SL1,2.221614349775785
sgRNA_133,rank07,SL2,1.6686528497409328
sgRNA_133,rank07,SL3,0.687319587628866
sgRNA_133,rank07,TL,2.1235204081632655
sgRNA_133,rank07,spacer,2.498208
sgRNA_133,rank08,SL1,2.221614349775785
sgRNA_133,rank08,SL2,1.6686528497409328
sgRNA_133,rank08,SL3,0.687319587628866
sgRNA_133,rank08,TL,2.1235204081632655
sgRNA_133,rank08,spacer,2.498208
sgRNA_133,rank09,SL1,2.221614349775785
sgRNA_133,rank09,SL2,1.6686528497409328
sgRNA_133,rank09,SL3,0.687319587628866
sgRNA_133,rank09,TL,2.1235204081632655
sgRNA_133,rank09,spacer,2.498208
sgRNA_133,rank10,SL1,2.221614349775785
sgRNA_133,rank10,SL2,1.6686528497409328
sgRNA_133,rank10,SL3,0.687319587628866
sgRNA_133,rank10,TL,2.1235204081632655
sgRNA_133,rank10,spacer,2.498208
sgRNA_133,rank11,SL1,2.221614349775785
sgRNA_133,rank11,SL2,1.6686528497409328
sgRNA_133,rank11,SL3,0.687319587628866
sgRNA_133,rank11,TL,2.1235204081632655
sgRNA_133,rank11,spacer,2.498208
sgRNA_133,rank12,SL1,2.221614349775785
sgRNA_133,rank12,SL2,1.6686528497409328
sgRNA_133,rank12,SL3,0.687319587628866
sgRNA_133,rank12,TL,2.1235204081632655
sgRNA_133,rank12,spacer,2.498208
sgRNA_134,rank01,SL1,1.3128699551569505
sgRNA_134,rank01,SL2,1.3282901554404145
sgRNA_134,rank01,SL3,0.8328865979381443
sgRNA_134,rank01,TL,1.3568367346938774
sgRNA_134,rank01,spacer,0.903734375
sgRNA_134,rank02,SL1,1.3128699551569505
sgRNA_134,rank02,SL2,1.3282901554404145
sgRNA_134,rank02,SL3,0.8328865979381443
sgRNA_134,rank02,TL,1.3568367346938774
sgRNA_134,rank02,spacer,0.903734375
sgRNA_134,rank03,SL1,1.3128699551569505
sgRNA_134,rank03,SL2,1.3282901554404145
sgRNA_134,rank03,SL3,0.8328865979381443
sgRNA_134,rank03,TL,1.3568367346938774
sgRNA_134,rank03,spacer,0.903734375
sgRNA_134,rank04,SL1,1.3128699551569505
sgRNA_134,rank04,SL2,1.3282901554404145
sgRNA_134,rank04,SL3,0.8328865979381443
sgRNA_134,rank04,TL,1.3568367346938774
sgRNA_134,rank04,spacer,0.903734375
sgRNA_134,rank05,SL1,1.3128699551569505
sgRNA_134,rank05,SL2,1.3282901554404145
sgRNA_134,rank05,SL3,0.8328865979381443
sgRNA_134,rank05,TL,1.3568367346938774
sgRNA_134,rank05,spacer,0.903734375
sgRNA_134,rank06,SL1,1.3128699551569505
sgRNA_134,rank06,SL2,1.3282901554404145
sgRNA_134,rank06,SL3,0.8328865979381443
sgRNA_134,rank06,TL,1.3568367346938774
sgRNA_134,rank06,spacer,0.903734375
sgRNA_134,rank07,SL1,1.3128699551569505
sgRNA_134,rank07,SL2,1.3282901554404145
sgRNA_134,rank07,SL3,0.8328865979381443
sgRNA_134,rank07,TL,1.3568367346938774
sgRNA_134,rank07,spacer,0.903734375
sgRNA_134,rank08,SL1,1.3128699551569505
sgRNA_134,rank08,SL2,1.3282901554404145
sgRNA_134,rank08,SL3,0.8328865979381443
sgRNA_134,rank08,TL,1.3568367346938774
sgRNA_134,rank08,spacer,0.903734375
sgRNA_134,rank09,SL1,1.3128699551569505
sgRNA_134,rank09,SL2,1.3282901554404145
sgRNA_134,rank09,SL3,0.8328865979381443
sgRNA_134,rank09,TL,1.3568367346938774
sgRNA_134,rank09,spacer,0.903734375
sgRNA_134,rank10,SL1,1.3128699551569505
sgRNA_134,rank10,SL2,1.3282901554404145
sgRNA_134,rank10,SL3,0.8328865979381443
sgRNA_134,rank10,TL,1.3568367346938774
sgRNA_134,rank10,spacer,0.903734375
sgRNA_135,rank01,SL1,1.8213452914798207
sgRNA_135,rank01,SL2,2.026321243523316
sgRNA_135,rank01,SL3,0.4628865979381443
sgRNA_135,rank01,TL,0.6264795918367346
sgRNA_135,rank01,spacer,2.1884529505582138
sgRNA_135,rank02,SL1,1.8213452914798207
sgRNA_135,rank02,SL2,2.026321243523316
sgRNA_135,rank02,SL3,0.4628865979381443
sgRNA_135,rank02,TL,0.6264795918367346
sgRNA_135,rank02,spacer,2.1884529505582138
sgRNA_135,rank03,SL1,1.8213452914798207
sgRNA_135,rank03,SL2,2.026321243523316
sgRNA_135,rank03,SL3,0.4628865979381443
sgRNA_135,rank03,TL,0.6264795918367346
sgRNA_135,rank03,spacer,2.1884529505582138
sgRNA_135,rank04,SL1,1.8213452914798207
sgRNA_135,rank04,SL2,2.026321243523316
sgRNA_135,rank04,SL3,0.4628865979381443
sgRNA_135,rank04,TL,0.6264795918367346
sgRNA_135,rank04,spacer,2.1884529505582138
sgRNA_135,rank05,SL1,1.8213452914798207
sgRNA_135,rank05,SL2,2.026321243523316
sgRNA_135,rank05,SL3,0.4628865979381443
sgRNA_135,rank05,TL,0.6264795918367346
sgRNA_135,rank05,spacer,2.1884529505582138
sgRNA_135,rank06,SL1,1.8213452914798207
sgRNA_135,rank06,SL2,2.026321243523316
sgRNA_135,rank06,SL3,0.4628865979381443
sgRNA_135,rank06,TL,0.6264795918367346
sgRNA_135,rank06,spacer,2.1884529505582138
sgRNA_135,rank07,SL1,1.8213452914798207
sgRNA_135,rank07,SL2,2.026321243523316
sgRNA_135,rank07,SL3,0.4628865979381443
sgRNA_135,rank07,TL,0.6264795918367346
sgRNA_135,rank07,spacer,2.1884529505582138
sgRNA_135,rank08,SL1,1.8213452914798207
sgRNA_135,rank08,SL2,2.026321243523316
sgRNA_135,rank08,SL3,0.4628865979381443
sgRNA_135,rank08,TL,0.6264795918367346
sgRNA_135,rank08,spacer,2.1884529505582138
sgRNA_135,rank09,SL1,1.8213452914798207
sgRNA_135,rank09,SL2,2.026321243523316
sgRNA_135,rank09,SL3,0.4628865979381443
sgRNA_135,rank09,TL,0.6264795918367346
sgRNA_135,rank09,spacer,2.1884529505582138
sgRNA_135,rank10,SL1,1.8213452914798207
sgRNA_135,rank10,SL2,2.026321243523316
sgRNA_135,rank10,SL3,0.4628865979381443
sgRNA_135,rank10,TL,0.6264795918367346
sgRNA_135,rank10,spacer,2.1884529505582138
sgRNA_135,rank11,SL1,1.8213452914798207
sgRNA_135,rank11,SL2,2.026321243523316
sgRNA_135,rank11,SL3,0.4628865979381443
sgRNA_135,rank11,TL,0.6264795918367346
sgRNA_135,rank11,spacer,2.1884529505582138
sgRNA_135,rank12,SL1,1.8213452914798207
sgRNA_135,rank12,SL2,2.026321243523316
sgRNA_135,rank12,SL3,0.4628865979381443
sgRNA_135,rank12,TL,0.6264795918367346
sgRNA_135,rank12,spacer,2.1884529505582138
sgRNA_135,rank13,SL1,1.8213452914798207
sgRNA_135,rank13,SL2,2.026321243523316
sgRNA_135,rank13,SL3,0.4628865979381443
sgRNA_135,rank13,TL,0.6264795918367346
sgRNA_135,rank13,spacer,2.1884529505582138
sgRNA_136,rank01,SL1,1.4486995515695067
sgRNA_136,rank01,SL2,1.8683937823834198
sgRNA_136,rank01,SL3,-0.35051546391752575
sgRNA_136,rank01,TL,1.1632142857142858
sgRNA_136,rank01,spacer,1.5429513343799057
sgRNA_136,rank02,SL1,1.4486995515695067
sgRNA_136,rank02,SL2,1.8683937823834198
sgRNA_136,rank02,SL3,-0.35051546391752575
sgRNA_136,rank02,TL,1.1632142857142858
sgRNA_136,rank02,spacer,1.5429513343799057
sgRNA_136,rank03,SL1,1.4486995515695067
sgRNA_136,rank03,SL2,1.8683937823834198
sgRNA_136,rank03,SL3,-0.35051546391752575
sgRNA_136,rank03,TL,1.1632142857142858
sgRNA_136,rank03,spacer,1.5429513343799057
sgRNA_136,rank04,SL1,1.4486995515695067
sgRNA_136,rank04,SL2,1.8683937823834198
sgRNA_136,rank04,SL3,-0.35051546391752575
sgRNA_136,rank04,TL,1.1632142857142858
sgRNA_136,rank04,spacer,1.5429513343799057
sgRNA_136,rank05,SL1,1.4486995515695067
sgRNA_136,rank05,SL2,1.8683937823834198
sgRNA_136,rank05,SL3,-0.35051546391752575
sgRNA_136,rank05,TL,1.1632142857142858
sgRNA_136,rank05,spacer,1.5429513343799057
sgRNA_136,rank06,SL1,1.4486995515695067
sgRNA_136,rank06,SL2,1.8683937823834198
sgRNA_136,rank06,SL3,-0.35051546391752575
sgRNA_136,rank06,TL,1.1632142857142858
sgRNA_136,rank06,spacer,1.5429513343799057
sgRNA_136,rank07,SL1,1.4486995515695067
sgRNA_136,rank07,SL2,1.8683937823834198
sgRNA_136,rank07,SL3,-0.35051546391752575
sgRNA_136,rank07,TL,1.1632142857142858
sgRNA_136,rank07,spacer,1.5429513343799057
sgRNA_136,rank08,SL1,1.4486995515695067
sgRNA_136,rank08,SL2,1.8683937823834198
sgRNA_136,rank08,SL3,-0.35051546391752575
sgRNA_136,rank08,TL,1.1632142857142858
sgRNA_136,rank08,spacer,1.5429513343799057
sgRNA_136,rank09,SL1,1.4486995515695067
sgRNA_136,rank09,SL2,1.8683937823834198
sgRNA_136,rank09,SL3,-0.35051546391752575
sgRNA_136,rank09,TL,1.1632142857142858
sgRNA_136,rank09,spacer,1.5429513343799057
sgRNA_137,rank01,SL1,0.8075336322869956
sgRNA_137,rank01,SL2,1.000725388601036
sgRNA_137,rank01,SL3,-0.35051546391752575
sgRNA_137,rank01,TL,1.4856632653061224
sgRNA_137,rank01,spacer,1.930903426791277
sgRNA_137,rank02,SL1,0.8075336322869956
sgRNA_137,rank02,SL2,1.000725388601036
sgRNA_137,rank02,SL3,-0.35051546391752575
sgRNA_137,rank02,TL,1.4856632653061224
sgRNA_137,rank02,spacer,1.930903426791277
sgRNA_137,rank03,SL1,0.8075336322869956
sgRNA_137,rank03,SL2,1.000725388601036
sgRNA_137,rank03,SL3,-0.35051546391752575
sgRNA_137,rank03,TL,1.4856632653061224
sgRNA_137,rank03,spacer,1.930903426791277
sgRNA_137,rank04,SL1,0.8075336322869956
sgRNA_137,rank04,SL2,1.000725388601036
sgRNA_137,rank04,SL3,-0.35051546391752575
sgRNA_137,rank04,TL,1.4856632653061224
sgRNA_137,rank04,spacer,1.930903426791277
sgRNA_137,rank05,SL1,0.8075336322869956
sgRNA_137,rank05,SL2,1.000725388601036
sgRNA_137,rank05,SL3,-0.35051546391752575
sgRNA_137,rank05,TL,1.4856632653061224
sgRNA_137,rank05,spacer,1.930903426791277
sgRNA_137,rank06,SL1,0.8075336322869956
sgRNA_137,rank06,SL2,1.000725388601036
sgRNA_137,rank06,SL3,-0.35051546391752575
sgRNA_137,rank06,TL,1.4856632653061224
sgRNA_137,rank06,spacer,1.930903426791277
sgRNA_137,rank07,SL1,0.8075336322869956
sgRNA_137,rank07,SL2,1.000725388601036
sgRNA_137,rank07,SL3,-0.35051546391752575
sgRNA_137,rank07,TL,1.4856632653061224
sgRNA_137,rank07,spacer,1.930903426791277
sgRNA_137,rank08,SL1,0.8075336322869956
sgRNA_137,rank08,SL2,1.000725388601036
sgRNA_137,rank08,SL3,-0.35051546391752575
sgRNA_137,rank08,TL,1.4856632653061224
sgRNA_137,rank08,spacer,1.930903426791277
sgRNA_137,rank09,SL1,0.8075336322869956
sgRNA_137,rank09,SL2,1.000725388601036
sgRNA_137,rank09,SL3,-0.35051546391752575
sgRNA_137,rank09,TL,1.4856632653061224
sgRNA_137,rank09,spacer,1.930903426791277
sgRNA_138,rank01,SL1,1.7721076233183857
sgRNA_138,rank01,SL2,1.1153886010362695
sgRNA_138,rank01,SL3,-0.35051546391752575
sgRNA_138,rank01,TL,0.8257653061224489
sgRNA_138,rank01,spacer,1.465062695924765
sgRNA_138,rank02,SL1,1.7721076233183857
sgRNA_138,rank02,SL2,1.1153886010362695
sgRNA_138,rank02,SL3,-0.35051546391752575
sgRNA_138,rank02,TL,0.8257653061224489
sgRNA_138,rank02,spacer,1.465062695924765
sgRNA_138,rank03,SL1,1.7721076233183857
sgRNA_138,rank03,SL2,1.1153886010362695
sgRNA_138,rank03,SL3,-0.35051546391752575
sgRNA_138,rank03,TL,0.8257653061224489
sgRNA_138,rank03,spacer,1.465062695924765
sgRNA_138,rank04,SL1,1.7721076233183857
sgRNA_138,rank04,SL2,1.1153886010362695
sgRNA_138,rank04,SL3,-0.35051546391752575
sgRNA_138,rank04,TL,0.8257653061224489
sgRNA_138,rank04,spacer,1.465062695924765
sgRNA_138,rank05,SL1,1.7721076233183857
sgRNA_138,rank05,SL2,1.1153886010362695
sgRNA_138,rank05,SL3,-0.35051546391752575
sgRNA_138,rank05,TL,0.8257653061224489
sgRNA_138,rank05,spacer,1.465062695924765
sgRNA_138,rank06,SL1,1.7721076233183857
sgRNA_138,rank06,SL2,1.1153886010362695
sgRNA_138,rank06,SL3,-0.35051546391752575
sgRNA_138,rank06,TL,0.8257653061224489
sgRNA_138,rank06,spacer,1.465062695924765
sgRNA_138,rank07,SL1,1.7721076233183857
sgRNA_138,rank07,SL2,1.1153886010362695
sgRNA_138,rank07,SL3,-0.35051546391752575
sgRNA_138,rank07,TL,0.8257653061224489
sgRNA_138,rank07,spacer,1.465062695924765
sgRNA_138,rank08,SL1,1.7721076233183857
sgRNA_138,rank08,SL2,1.1153886010362695
sgRNA_138,rank08,SL3,-0.35051546391752575
sgRNA_138,rank08,TL,0.8257653061224489
sgRNA_138,rank08,spacer,1.465062695924765
sgRNA_139,rank01,SL1,1.2493721973094172
sgRNA_139,rank01,SL2,1.295544041450777
sgRNA_139,rank01,SL3,0.38783505154639175
sgRNA_139,rank01,TL,1.4844897959183672
sgRNA_139,rank01,spacer,0.7319230769230769
sgRNA_139,rank02,SL1,1.2493721973094172
sgRNA_139,rank02,SL2,1.295544041450777
sgRNA_139,rank02,SL3,0.38783505154639175
sgRNA_139,rank02,TL,1.4844897959183672
sgRNA_139,rank02,spacer,0.7319230769230769
sgRNA_139,rank03,SL1,1.2493721973094172
sgRNA_139,rank03,SL2,1.295544041450777
sgRNA_139,rank03,SL3,0.38783505154639175
sgRNA_139,rank03,TL,1.4844897959183672
sgRNA_139,rank03,spacer,0.7319230769230769
sgRNA_139,rank04,SL1,1.2493721973094172
sgRNA_139,rank04,SL2,1.295544041450777
sgRNA_139,rank04,SL3,0.38783505154639175
sgRNA_139,rank04,TL,1.4844897959183672
sgRNA_139,rank04,spacer,0.7319230769230769
sgRNA_139,rank05,SL1,1.2493721973094172
sgRNA_139,rank05,SL2,1.295544041450777
sgRNA_139,rank05,SL3,0.38783505154639175
sgRNA_139,rank05,TL,1.4844897959183672
sgRNA_139,rank05,spacer,0.7319230769230769
sgRNA_139,rank06,SL1,1.2493721973094172
sgRNA_139,rank06,SL2,1.295544041450777
sgRNA_139,rank06,SL3,0.38783505154639175
sgRNA_139,rank06,TL,1.4844897959183672
sgRNA_139,rank06,spacer,0.7319230769230769
sgRNA_139,rank07,SL1,1.2493721973094172
sgRNA_139,rank07,SL2,1.295544041450777
sgRNA_139,rank07,SL3,0.38783505154639175
sgRNA_139,rank07,TL,1.4844897959183672
sgRNA_139,rank07,spacer,0.7319230769230769
sgRNA_139,rank08,SL1,1.2493721973094172
sgRNA_139,rank08,SL2,1.295544041450777
sgRNA_139,rank08,SL3,0.38783505154639175
sgRNA_139,rank08,TL,1.4844897959183672
sgRNA_139,rank08,spacer,0.7319230769230769
sgRNA_139,rank09,SL1,1.2493721973094172
sgRNA_139,rank09,SL2,1.295544041450777
sgRNA_139,rank09,SL3,0.38783505154639175
sgRNA_139,rank09,TL,1.4844897959183672
sgRNA_139,rank09,spacer,0.7319230769230769
sgRNA_14,rank01,SL1,1.578878923766816
sgRNA_14,rank01,SL2,1.4296891191709844
sgRNA_14,rank01,SL3,1.1413402061855669
sgRNA_14,rank01,TL,1.0593367346938776
sgRNA_14,rank01,spacer,0.9365203761755486
sgRNA_14,rank02,SL1,1.578878923766816
sgRNA_14,rank02,SL2,1.4296891191709844
sgRNA_14,rank02,SL3,1.1413402061855669
sgRNA_14,rank02,TL,1.0593367346938776
sgRNA_14,rank02,spacer,0.9365203761755486
sgRNA_14,rank03,SL1,1.578878923766816
sgRNA_14,rank03,SL2,1.4296891191709844
sgRNA_14,rank03,SL3,1.1413402061855669
sgRNA_14,rank03,TL,1.0593367346938776
sgRNA_14,rank03,spacer,0.9365203761755486
sgRNA_14,rank04,SL1,1.578878923766816
sgRNA_14,rank04,SL2,1.4296891191709844
sgRNA_14,rank04,SL3,1.1413402061855669
sgRNA_14,rank04,TL,1.0593367346938776
sgRNA_14,rank04,spacer,0.9365203761755486
sgRNA_14,rank05,SL1,1.578878923766816
sgRNA_14,rank05,SL2,1.4296891191709844
sgRNA_14,rank05,SL3,1.1413402061855669
sgRNA_14,rank05,TL,1.0593367346938776
sgRNA_14,rank05,spacer,0.9365203761755486
sgRNA_14,rank06,SL1,1.578878923766816
sgRNA_14,rank06,SL2,1.4296891191709844
sgRNA_14,rank06,SL3,1.1413402061855669
sgRNA_14,rank06,TL,1.0593367346938776
sgRNA_14,rank06,spacer,0.9365203761755486
sgRNA_14,rank07,SL1,1.578878923766816
sgRNA_14,rank07,SL2,1.4296891191709844
sgRNA_14,rank07,SL3,1.1413402061855669
sgRNA_14,rank07,TL,1.0593367346938776
sgRNA_14,rank07,spacer,0.9365203761755486
sgRNA_14,rank08,SL1,1.578878923766816
sgRNA_14,rank08,SL2,1.4296891191709844
sgRNA_14,rank08,SL3,1.1413402061855669
sgRNA_14,rank08,TL,1.0593367346938776
sgRNA_14,rank08,spacer,0.9365203761755486
sgRNA_14,rank09,SL1,1.578878923766816
sgRNA_14,rank09,SL2,1.4296891191709844
sgRNA_14,rank09,SL3,1.1413402061855669
sgRNA_14,rank09,TL,1.0593367346938776
sgRNA_14,rank09,spacer,0.9365203761755486
sgRNA_14,rank10,SL1,1.578878923766816
sgRNA_14,rank10,SL2,1.4296891191709844
sgRNA_14,rank10,SL3,1.1413402061855669
sgRNA_14,rank10,TL,1.0593367346938776
sgRNA_14,rank10,spacer,0.9365203761755486
sgRNA_14,rank11,SL1,1.578878923766816
sgRNA_14,rank11,SL2,1.4296891191709844
sgRNA_14,rank11,SL3,1.1413402061855669
sgRNA_14,rank11,TL,1.0593367346938776
sgRNA_14,rank11,spacer,0.9365203761755486
sgRNA_140,rank01,SL1,2.6245291479820625
sgRNA_140,rank01,SL2,1.8978238341968912
sgRNA_140,rank01,SL3,0.25855670103092787
sgRNA_140,rank01,TL,2.2233673469387756
sgRNA_140,rank01,spacer,1.959409937888199
sgRNA_140,rank02,SL1,2.6245291479820625
sgRNA_140,rank02,SL2,1.8978238341968912
sgRNA_140,rank02,SL3,0.25855670103092787
sgRNA_140,rank02,TL,2.2233673469387756
sgRNA_140,rank02,spacer,1.959409937888199
sgRNA_140,rank03,SL1,2.6245291479820625
sgRNA_140,rank03,SL2,1.8978238341968912
sgRNA_140,rank03,SL3,0.25855670103092787
sgRNA_140,rank03,TL,2.2233673469387756
sgRNA_140,rank03,spacer,1.959409937888199
sgRNA_140,rank04,SL1,2.6245291479820625
sgRNA_140,rank04,SL2,1.8978238341968912
sgRNA_140,rank04,SL3,0.25855670103092787
sgRNA_140,rank04,TL,2.2233673469387756
sgRNA_140,rank04,spacer,1.959409937888199
sgRNA_140,rank05,SL1,2.6245291479820625
sgRNA_140,rank05,SL2,1.8978238341968912
sgRNA_140,rank05,SL3,0.25855670103092787
sgRNA_140,rank05,TL,2.2233673469387756
sgRNA_140,rank05,spacer,1.959409937888199
sgRNA_140,rank06,SL1,2.6245291479820625
sgRNA_140,rank06,SL2,1.8978238341968912
sgRNA_140,rank06,SL3,0.25855670103092787
sgRNA_140,rank06,TL,2.2233673469387756
sgRNA_140,rank06,spacer,1.959409937888199
sgRNA_140,rank07,SL1,2.6245291479820625
sgRNA_140,rank07,SL2,1.8978238341968912
sgRNA_140,rank07,SL3,0.25855670103092787
sgRNA_140,rank07,TL,2.2233673469387756
sgRNA_140,rank07,spacer,1.959409937888199
sgRNA_140,rank08,SL1,2.6245291479820625
sgRNA_140,rank08,SL2,1.8978238341968912
sgRNA_140,rank08,SL3,0.25855670103092787
sgRNA_140,rank08,TL,2.2233673469387756
sgRNA_140,rank08,spacer,1.959409937888199
sgRNA_140,rank09,SL1,2.6245291479820625
sgRNA_140,rank09,SL2,1.8978238341968912
sgRNA_140,rank09,SL3,0.25855670103092787
sgRNA_140,rank09,TL,2.2233673469387756
sgRNA_140,rank09,spacer,1.959409937888199
sgRNA_140,rank10,SL1,2.6245291479820625
sgRNA_140,rank10,SL2,1.8978238341968912
sgRNA_140,rank10,SL3,0.25855670103092787
sgRNA_140,rank10,TL,2.2233673469387756
sgRNA_140,rank10,spacer,1.959409937888199
sgRNA_140,rank11,SL1,2.6245291479820625
sgRNA_140,rank11,SL2,1.8978238341968912
sgRNA_140,rank11,SL3,0.25855670103092787
sgRNA_140,rank11,TL,2.2233673469387756
sgRNA_140,rank11,spacer,1.959409937888199
sgRNA_140,rank12,SL1,2.6245291479820625
sgRNA_140,rank12,SL2,1.8978238341968912
sgRNA_140,rank12,SL3,0.25855670103092787
sgRNA_140,rank12,TL,2.2233673469387756
sgRNA_140,rank12,spacer,1.959409937888199
sgRNA_141,rank01,SL1,1.8400896860986549
sgRNA_141,rank01,SL2,1.1195336787564767
sgRNA_141,rank01,SL3,0.0
sgRNA_141,rank01,TL,2.565816326530612
sgRNA_141,rank01,spacer,2.2020574162679427
sgRNA_141,rank02,SL1,1.8400896860986549
sgRNA_141,rank02,SL2,1.1195336787564767
sgRNA_141,rank02,SL3,0.0
sgRNA_141,rank02,TL,2.565816326530612
sgRNA_141,rank02,spacer,2.2020574162679427
sgRNA_141,rank03,SL1,1.8400896860986549
sgRNA_141,rank03,SL2,1.1195336787564767
sgRNA_141,rank03,SL3,0.0
sgRNA_141,rank03,TL,2.565816326530612
sgRNA_141,rank03,spacer,2.2020574162679427
sgRNA_141,rank04,SL1,1.8400896860986549
sgRNA_141,rank04,SL2,1.1195336787564767
sgRNA_141,rank04,SL3,0.0
sgRNA_141,rank04,TL,2.565816326530612
sgRNA_141,rank04,spacer,2.2020574162679427
sgRNA_141,rank05,SL1,1.8400896860986549
sgRNA_141,rank05,SL2,1.1195336787564767
sgRNA_141,rank05,SL3,0.0
sgRNA_141,rank05,TL,2.565816326530612
sgRNA_141,rank05,spacer,2.2020574162679427
sgRNA_141,rank06,SL1,1.8400896860986549
sgRNA_141,rank06,SL2,1.1195336787564767
sgRNA_141,rank06,SL3,0.0
sgRNA_141,rank06,TL,2.565816326530612
sgRNA_141,rank06,spacer,2.2020574162679427
sgRNA_141,rank07,SL1,1.8400896860986549
sgRNA_141,rank07,SL2,1.1195336787564767
sgRNA_141,rank07,SL3,0.0
sgRNA_141,rank07,TL,2.565816326530612
sgRNA_141,rank07,spacer,2.2020574162679427
sgRNA_141,rank08,SL1,1.8400896860986549
sgRNA_141,rank08,SL2,1.1195336787564767
sgRNA_141,rank08,SL3,0.0
sgRNA_141,rank08,TL,2.565816326530612
sgRNA_141,rank08,spacer,2.2020574162679427
sgRNA_141,rank09,SL1,1.8400896860986549
sgRNA_141,rank09,SL2,1.1195336787564767
sgRNA_141,rank09,SL3,0.0
sgRNA_141,rank09,TL,2.565816326530612
sgRNA_141,rank09,spacer,2.2020574162679427
sgRNA_141,rank10,SL1,1.8400896860986549
sgRNA_141,rank10,SL2,1.1195336787564767
sgRNA_141,rank10,SL3,0.0
sgRNA_141,rank10,TL,2.565816326530612
sgRNA_141,rank10,spacer,2.2020574162679427
sgRNA_141,rank11,SL1,1.8400896860986549
sgRNA_141,rank11,SL2,1.1195336787564767
sgRNA_141,rank11,SL3,0.0
sgRNA_141,rank11,TL,2.565816326530612
sgRNA_141,rank11,spacer,2.2020574162679427
sgRNA_142,rank01,SL1,1.1768609865470852
sgRNA_142,rank01,SL2,2.033160621761658
sgRNA_142,rank01,SL3,-0.6597938144329897
sgRNA_142,rank01,TL,0.7376530612244898
sgRNA_142,rank01,spacer,1.7910845295055822
sgRNA_142,rank02,SL1,1.1768609865470852
sgRNA_142,rank02,SL2,2.033160621761658
sgRNA_142,rank02,SL3,-0.6597938144329897
sgRNA_142,rank02,TL,0.7376530612244898
sgRNA_142,rank02,spacer,1.7910845295055822
sgRNA_142,rank03,SL1,1.1768609865470852
sgRNA_142,rank03,SL2,2.033160621761658
sgRNA_142,rank03,SL3,-0.6597938144329897
sgRNA_142,rank03,TL,0.7376530612244898
sgRNA_142,rank03,spacer,1.7910845295055822
sgRNA_142,rank04,SL1,1.1768609865470852
sgRNA_142,rank04,SL2,2.033160621761658
sgRNA_142,rank04,SL3,-0.6597938144329897
sgRNA_142,rank04,TL,0.7376530612244898
sgRNA_142,rank04,spacer,1.7910845295055822
sgRNA_142,rank05,SL1,1.1768609865470852
sgRNA_142,rank05,SL2,2.033160621761658
sgRNA_142,rank05,SL3,-0.6597938144329897
sgRNA_142,rank05,TL,0.7376530612244898
sgRNA_142,rank05,spacer,1.7910845295055822
sgRNA_142,rank06,SL1,1.1768609865470852
sgRNA_142,rank06,SL2,2.033160621761658
sgRNA_142,rank06,SL3,-0.6597938144329897
sgRNA_142,rank06,TL,0.7376530612244898
sgRNA_142,rank06,spacer,1.7910845295055822
sgRNA_143,rank01,SL1,1.3020627802690583
sgRNA_143,rank01,SL2,1.7976165803108808
sgRNA_143,rank01,SL3,-0.3402061855670103
sgRNA_143,rank01,TL,0.5845408163265305
sgRNA_143,rank01,spacer,0.7235852090032154
sgRNA_143,rank02,SL1,1.3020627802690583
sgRNA_143,rank02,SL2,1.7976165803108808
sgRNA_143,rank02,SL3,-0.3402061855670103
sgRNA_143,rank02,TL,0.5845408163265305
sgRNA_143,rank02,spacer,0.7235852090032154
sgRNA_143,rank03,SL1,1.3020627802690583
sgRNA_143,rank03,SL2,1.7976165803108808
sgRNA_143,rank03,SL3,-0.3402061855670103
sgRNA_143,rank03,TL,0.5845408163265305
sgRNA_143,rank03,spacer,0.7235852090032154
sgRNA_143,rank04,SL1,1.3020627802690583
sgRNA_143,rank04,SL2,1.7976165803108808
sgRNA_143,rank04,SL3,-0.3402061855670103
sgRNA_143,rank04,TL,0.5845408163265305
sgRNA_143,rank04,spacer,0.7235852090032154
sgRNA_143,rank05,SL1,1.3020627802690583
sgRNA_143,rank05,SL2,1.7976165803108808
sgRNA_143,rank05,SL3,-0.3402061855670103
sgRNA_143,rank05,TL,0.5845408163265305
sgRNA_143,rank05,spacer,0.7235852090032154
sgRNA_143,rank06,SL1,1.3020627802690583
sgRNA_143,rank06,SL2,1.7976165803108808
sgRNA_143,rank06,SL3,-0.3402061855670103
sgRNA_143,rank06,TL,0.5845408163265305
sgRNA_143,rank06,spacer,0.7235852090032154
sgRNA_143,rank07,SL1,1.3020627802690583
sgRNA_143,rank07,SL2,1.7976165803108808
sgRNA_143,rank07,SL3,-0.3402061855670103
sgRNA_143,rank07,TL,0.5845408163265305
sgRNA_143,rank07,spacer,0.7235852090032154
sgRNA_143,rank08,SL1,1.3020627802690583
sgRNA_143,rank08,SL2,1.7976165803108808
sgRNA_143,rank08,SL3,-0.3402061855670103
sgRNA_143,rank08,TL,0.5845408163265305
sgRNA_143,rank08,spacer,0.7235852090032154
sgRNA_144,rank01,SL1,1.8587892376681614
sgRNA_144,rank01,SL2,1.641761658031088
sgRNA_144,rank01,SL3,0.1727835051546392
sgRNA_144,rank01,TL,0.8100510204081633
sgRNA_144,rank01,spacer,1.9025776397515528
sgRNA_144,rank02,SL1,1.8587892376681614
sgRNA_144,rank02,SL2,1.641761658031088
sgRNA_144,rank02,SL3,0.1727835051546392
sgRNA_144,rank02,TL,0.8100510204081633
sgRNA_144,rank02,spacer,1.9025776397515528
sgRNA_144,rank03,SL1,1.8587892376681614
sgRNA_144,rank03,SL2,1.641761658031088
sgRNA_144,rank03,SL3,0.1727835051546392
sgRNA_144,rank03,TL,0.8100510204081633
sgRNA_144,rank03,spacer,1.9025776397515528
sgRNA_144,rank04,SL1,1.8587892376681614
sgRNA_144,rank04,SL2,1.641761658031088
sgRNA_144,rank04,SL3,0.1727835051546392
sgRNA_144,rank04,TL,0.8100510204081633
sgRNA_144,rank04,spacer,1.9025776397515528
sgRNA_144,rank05,SL1,1.8587892376681614
sgRNA_144,rank05,SL2,1.641761658031088
sgRNA_144,rank05,SL3,0.1727835051546392
sgRNA_144,rank05,TL,0.8100510204081633
sgRNA_144,rank05,spacer,1.9025776397515528
sgRNA_144,rank06,SL1,1.8587892376681614
sgRNA_144,rank06,SL2,1.641761658031088
sgRNA_144,rank06,SL3,0.1727835051546392
sgRNA_144,rank06,TL,0.8100510204081633
sgRNA_144,rank06,spacer,1.9025776397515528
sgRNA_144,rank07,SL1,1.8587892376681614
sgRNA_144,rank07,SL2,1.641761658031088
sgRNA_144,rank07,SL3,0.1727835051546392
sgRNA_144,rank07,TL,0.8100510204081633
sgRNA_144,rank07,spacer,1.9025776397515528
sgRNA_144,rank08,SL1,1.8587892376681614
sgRNA_144,rank08,SL2,1.641761658031088
sgRNA_144,rank08,SL3,0.1727835051546392
sgRNA_144,rank08,TL,0.8100510204081633
sgRNA_144,rank08,spacer,1.9025776397515528
sgRNA_144,rank09,SL1,1.8587892376681614
sgRNA_144,rank09,SL2,1.641761658031088
sgRNA_144,rank09,SL3,0.1727835051546392
sgRNA_144,rank09,TL,0.8100510204081633
sgRNA_144,rank09,spacer,1.9025776397515528
sgRNA_144,rank10,SL1,1.8587892376681614
sgRNA_144,rank10,SL2,1.641761658031088
sgRNA_144,rank10,SL3,0.1727835051546392
sgRNA_144,rank10,TL,0.8100510204081633
sgRNA_144,rank10,spacer,1.9025776397515528
sgRNA_145,rank01,SL1,1.255560538116592
sgRNA_145,rank01,SL2,1.292279792746114
sgRNA_145,rank01,SL3,1.079381443298969
sgRNA_145,rank01,TL,0.11739795918367346
sgRNA_145,rank01,spacer,1.2043288084464556
sgRNA_145,rank02,SL1,1.255560538116592
sgRNA_145,rank02,SL2,1.292279792746114
sgRNA_145,rank02,SL3,1.079381443298969
sgRNA_145,rank02,TL,0.11739795918367346
sgRNA_145,rank02,spacer,1.2043288084464556
sgRNA_145,rank03,SL1,1.255560538116592
sgRNA_145,rank03,SL2,1.292279792746114
sgRNA_145,rank03,SL3,1.079381443298969
sgRNA_145,rank03,TL,0.11739795918367346
sgRNA_145,rank03,spacer,1.2043288084464556
sgRNA_145,rank04,SL1,1.255560538116592
sgRNA_145,rank04,SL2,1.292279792746114
sgRNA_145,rank04,SL3,1.079381443298969
sgRNA_145,rank04,TL,0.11739795918367346
sgRNA_145,rank04,spacer,1.2043288084464556
sgRNA_145,rank05,SL1,1.255560538116592
sgRNA_145,rank05,SL2,1.292279792746114
sgRNA_145,rank05,SL3,1.079381443298969
sgRNA_145,rank05,TL,0.11739795918367346
sgRNA_145,rank05,spacer,1.2043288084464556
sgRNA_145,rank06,SL1,1.255560538116592
sgRNA_145,rank06,SL2,1.292279792746114
sgRNA_145,rank06,SL3,1.079381443298969
sgRNA_145,rank06,TL,0.11739795918367346
sgRNA_145,rank06,spacer,1.2043288084464556
sgRNA_145,rank07,SL1,1.255560538116592
sgRNA_145,rank07,SL2,1.292279792746114
sgRNA_145,rank07,SL3,1.079381443298969
sgRNA_145,rank07,TL,0.11739795918367346
sgRNA_145,rank07,spacer,1.2043288084464556
sgRNA_145,rank08,SL1,1.255560538116592
sgRNA_145,rank08,SL2,1.292279792746114
sgRNA_145,rank08,SL3,1.079381443298969
sgRNA_145,rank08,TL,0.11739795918367346
sgRNA_145,rank08,spacer,1.2043288084464556
sgRNA_146,rank01,SL1,2.0058744394618833
sgRNA_146,rank01,SL2,1.4480829015544043
sgRNA_146,rank01,SL3,-0.3402061855670103
sgRNA_146,rank01,TL,2.267755102040816
sgRNA_146,rank01,spacer,2.173390357698289
sgRNA_146,rank02,SL1,2.0058744394618833
sgRNA_146,rank02,SL2,1.4480829015544043
sgRNA_146,rank02,SL3,-0.3402061855670103
sgRNA_146,rank02,TL,2.267755102040816
sgRNA_146,rank02,spacer,2.173390357698289
sgRNA_146,rank03,SL1,2.0058744394618833
sgRNA_146,rank03,SL2,1.4480829015544043
sgRNA_146,rank03,SL3,-0.3402061855670103
sgRNA_146,rank03,TL,2.267755102040816
sgRNA_146,rank03,spacer,2.173390357698289
sgRNA_146,rank04,SL1,2.0058744394618833
sgRNA_146,rank04,SL2,1.4480829015544043
sgRNA_146,rank04,SL3,-0.3402061855670103
sgRNA_146,rank04,TL,2.267755102040816
sgRNA_146,rank04,spacer,2.173390357698289
sgRNA_146,rank05,SL1,2.0058744394618833
sgRNA_146,rank05,SL2,1.4480829015544043
sgRNA_146,rank05,SL3,-0.3402061855670103
sgRNA_146,rank05,TL,2.267755102040816
sgRNA_146,rank05,spacer,2.173390357698289
sgRNA_146,rank06,SL1,2.0058744394618833
sgRNA_146,rank06,SL2,1.4480829015544043
sgRNA_146,rank06,SL3,-0.3402061855670103
sgRNA_146,rank06,TL,2.267755102040816
sgRNA_146,rank06,spacer,2.173390357698289
sgRNA_146,rank07,SL1,2.0058744394618833
sgRNA_146,rank07,SL2,1.4480829015544043
sgRNA_146,rank07,SL3,-0.3402061855670103
sgRNA_146,rank07,TL,2.267755102040816
sgRNA_146,rank07,spacer,2.173390357698289
sgRNA_146,rank08,SL1,2.0058744394618833
sgRNA_146,rank08,SL2,1.4480829015544043
sgRNA_146,rank08,SL3,-0.3402061855670103
sgRNA_146,rank08,TL,2.267755102040816
sgRNA_146,rank08,spacer,2.173390357698289
sgRNA_146,rank09,SL1,2.0058744394618833
sgRNA_146,rank09,SL2,1.4480829015544043
sgRNA_146,rank09,SL3,-0.3402061855670103
sgRNA_146,rank09,TL,2.267755102040816
sgRNA_146,rank09,spacer,2.173390357698289
sgRNA_146,rank10,SL1,2.0058744394618833
sgRNA_146,rank10,SL2,1.4480829015544043
sgRNA_146,rank10,SL3,-0.3402061855670103
sgRNA_146,rank10,TL,2.267755102040816
sgRNA_146,rank10,spacer,2.173390357698289
sgRNA_146,rank11,SL1,2.0058744394618833
sgRNA_146,rank11,SL2,1.4480829015544043
sgRNA_146,rank11,SL3,-0.3402061855670103
sgRNA_146,rank11,TL,2.267755102040816
sgRNA_146,rank11,spacer,2.173390357698289
sgRNA_147,rank01,SL1,1.4305381165919282
sgRNA_147,rank01,SL2,1.422383419689119
sgRNA_147,rank01,SL3,1.504639175257732
sgRNA_147,rank01,TL,0.8546938775510204
sgRNA_147,rank01,spacer,1.6130829420970265
sgRNA_147,rank02,SL1,1.4305381165919282
sgRNA_147,rank02,SL2,1.422383419689119
sgRNA_147,rank02,SL3,1.504639175257732
sgRNA_147,rank02,TL,0.8546938775510204
sgRNA_147,rank02,spacer,1.6130829420970265
sgRNA_147,rank03,SL1,1.4305381165919282
sgRNA_147,rank03,SL2,1.422383419689119
sgRNA_147,rank03,SL3,1.504639175257732
sgRNA_147,rank03,TL,0.8546938775510204
sgRNA_147,rank03,spacer,1.6130829420970265
sgRNA_147,rank04,SL1,1.4305381165919282
sgRNA_147,rank04,SL2,1.422383419689119
sgRNA_147,rank04,SL3,1.504639175257732
sgRNA_147,rank04,TL,0.8546938775510204
sgRNA_147,rank04,spacer,1.6130829420970265
sgRNA_147,rank05,SL1,1.4305381165919282
sgRNA_147,rank05,SL2,1.422383419689119
sgRNA_147,rank05,SL3,1.504639175257732
sgRNA_147,rank05,TL,0.8546938775510204
sgRNA_147,rank05,spacer,1.6130829420970265
sgRNA_147,rank06,SL1,1.4305381165919282
sgRNA_147,rank06,SL2,1.422383419689119
sgRNA_147,rank06,SL3,1.504639175257732
sgRNA_147,rank06,TL,0.8546938775510204
sgRNA_147,rank06,spacer,1.6130829420970265
sgRNA_147,rank07,SL1,1.4305381165919282
sgRNA_147,rank07,SL2,1.422383419689119
sgRNA_147,rank07,SL3,1.504639175257732
sgRNA_147,rank07,TL,0.8546938775510204
sgRNA_147,rank07,spacer,1.6130829420970265
sgRNA_147,rank08,SL1,1.4305381165919282
sgRNA_147,rank08,SL2,1.422383419689119
sgRNA_147,rank08,SL3,1.504639175257732
sgRNA_147,rank08,TL,0.8546938775510204
sgRNA_147,rank08,spacer,1.6130829420970265
sgRNA_147,rank09,SL1,1.4305381165919282
sgRNA_147,rank09,SL2,1.422383419689119
sgRNA_147,rank09,SL3,1.504639175257732
sgRNA_147,rank09,TL,0.8546938775510204
sgRNA_147,rank09,spacer,1.6130829420970265
sgRNA_147,rank10,SL1,1.4305381165919282
sgRNA_147,rank10,SL2,1.422383419689119
sgRNA_147,rank10,SL3,1.504639175257732
sgRNA_147,rank10,TL,0.8546938775510204
sgRNA_147,rank10,spacer,1.6130829420970265
sgRNA_147,rank11,SL1,1.4305381165919282
sgRNA_147,rank11,SL2,1.422383419689119
sgRNA_147,rank11,SL3,1.504639175257732
sgRNA_147,rank11,TL,0.8546938775510204
sgRNA_147,rank11,spacer,1.6130829420970265
sgRNA_148,rank01,SL1,1.5970403587443947
sgRNA_148,rank01,SL2,1.0867357512953368
sgRNA_148,rank01,SL3,-0.6597938144329897
sgRNA_148,rank01,TL,2.354081632653061
sgRNA_148,rank01,spacer,2.334258064516129
sgRNA_148,rank02,SL1,1.5970403587443947
sgRNA_148,rank02,SL2,1.0867357512953368
sgRNA_148,rank02,SL3,-0.6597938144329897
sgRNA_148,rank02,TL,2.354081632653061
sgRNA_148,rank02,spacer,2.334258064516129
sgRNA_148,rank03,SL1,1.5970403587443947
sgRNA_148,rank03,SL2,1.0867357512953368
sgRNA_148,rank03,SL3,-0.6597938144329897
sgRNA_148,rank03,TL,2.354081632653061
sgRNA_148,rank03,spacer,2.334258064516129
sgRNA_148,rank04,SL1,1.5970403587443947
sgRNA_148,rank04,SL2,1.0867357512953368
sgRNA_148,rank04,SL3,-0.6597938144329897
sgRNA_148,rank04,TL,2.354081632653061
sgRNA_148,rank04,spacer,2.334258064516129
sgRNA_148,rank05,SL1,1.5970403587443947
sgRNA_148,rank05,SL2,1.0867357512953368
sgRNA_148,rank05,SL3,-0.6597938144329897
sgRNA_148,rank05,TL,2.354081632653061
sgRNA_148,rank05,spacer,2.334258064516129
sgRNA_148,rank06,SL1,1.5970403587443947
sgRNA_148,rank06,SL2,1.0867357512953368
sgRNA_148,rank06,SL3,-0.6597938144329897
sgRNA_148,rank06,TL,2.354081632653061
sgRNA_148,rank06,spacer,2.334258064516129
sgRNA_148,rank07,SL1,1.5970403587443947
sgRNA_148,rank07,SL2,1.0867357512953368
sgRNA_148,rank07,SL3,-0.6597938144329897
sgRNA_148,rank07,TL,2.354081632653061
sgRNA_148,rank07,spacer,2.334258064516129
sgRNA_148,rank08,SL1,1.5970403587443947
sgRNA_148,rank08,SL2,1.0867357512953368
sgRNA_148,rank08,SL3,-0.6597938144329897
sgRNA_148,rank08,TL,2.354081632653061
sgRNA_148,rank08,spacer,2.334258064516129
sgRNA_148,rank09,SL1,1.5970403587443947
sgRNA_148,rank09,SL2,1.0867357512953368
sgRNA_148,rank09,SL3,-0.6597938144329897
sgRNA_148,rank09,TL,2.354081632653061
sgRNA_148,rank09,spacer,2.334258064516129
sgRNA_148,rank10,SL1,1.5970403587443947
sgRNA_148,rank10,SL2,1.0867357512953368
sgRNA_148,rank10,SL3,-0.6597938144329897
sgRNA_148,rank10,TL,2.354081632653061
sgRNA_148,rank10,spacer,2.334258064516129
sgRNA_148,rank11,SL1,1.5970403587443947
sgRNA_148,rank11,SL2,1.0867357512953368
sgRNA_148,rank11,SL3,-0.6597938144329897
sgRNA_148,rank11,TL,2.354081632653061
sgRNA_148,rank11,spacer,2.334258064516129
sgRNA_148,rank12,SL1,1.5970403587443947
sgRNA_148,rank12,SL2,1.0867357512953368
sgRNA_148,rank12,SL3,-0.6597938144329897
sgRNA_148,rank12,TL,2.354081632653061
sgRNA_148,rank12,spacer,2.334258064516129
sgRNA_148,rank13,SL1,1.5970403587443947
sgRNA_148,rank13,SL2,1.0867357512953368
sgRNA_148,rank13,SL3,-0.6597938144329897
sgRNA_148,rank13,TL,2.354081632653061
sgRNA_148,rank13,spacer,2.334258064516129
sgRNA_148,rank14,SL1,1.5970403587443947
sgRNA_148,rank14,SL2,1.0867357512953368
sgRNA_148,rank14,SL3,-0.6597938144329897
sgRNA_148,rank14,TL,2.354081632653061
sgRNA_148,rank14,spacer,2.334258064516129
sgRNA_149,rank01,SL1,0.7888789237668161
sgRNA_149,rank01,SL2,1.9099481865284975
sgRNA_149,rank01,SL3,-0.3907216494845361
sgRNA_149,rank01,TL,0.702704081632653
sgRNA_149,rank01,spacer,1.7089291338582677
sgRNA_149,rank02,SL1,0.7888789237668161
sgRNA_149,rank02,SL2,1.9099481865284975
sgRNA_149,rank02,SL3,-0.3907216494845361
sgRNA_149,rank02,TL,0.702704081632653
sgRNA_149,rank02,spacer,1.7089291338582677
sgRNA_149,rank03,SL1,0.7888789237668161
sgRNA_149,rank03,SL2,1.9099481865284975
sgRNA_149,rank03,SL3,-0.3907216494845361
sgRNA_149,rank03,TL,0.702704081632653
sgRNA_149,rank03,spacer,1.7089291338582677
sgRNA_149,rank04,SL1,0.7888789237668161
sgRNA_149,rank04,SL2,1.9099481865284975
sgRNA_149,rank04,SL3,-0.3907216494845361
sgRNA_149,rank04,TL,0.702704081632653
sgRNA_149,rank04,spacer,1.7089291338582677
sgRNA_149,rank05,SL1,0.7888789237668161
sgRNA_149,rank05,SL2,1.9099481865284975
sgRNA_149,rank05,SL3,-0.3907216494845361
sgRNA_149,rank05,TL,0.702704081632653
sgRNA_149,rank05,spacer,1.7089291338582677
sgRNA_149,rank06,SL1,0.7888789237668161
sgRNA_149,rank06,SL2,1.9099481865284975
sgRNA_149,rank06,SL3,-0.3907216494845361
sgRNA_149,rank06,TL,0.702704081632653
sgRNA_149,rank06,spacer,1.7089291338582677
sgRNA_149,rank07,SL1,0.7888789237668161
sgRNA_149,rank07,SL2,1.9099481865284975
sgRNA_149,rank07,SL3,-0.3907216494845361
sgRNA_149,rank07,TL,0.702704081632653
sgRNA_149,rank07,spacer,1.7089291338582677
sgRNA_15,rank01,SL1,1.9362780269058295
sgRNA_15,rank01,SL2,1.596476683937824
sgRNA_15,rank01,SL3,0.6618556701030928
sgRNA_15,rank01,TL,0.36979591836734693
sgRNA_15,rank01,spacer,1.001881804043546
sgRNA_15,rank02,SL1,1.9362780269058295
sgRNA_15,rank02,SL2,1.596476683937824
sgRNA_15,rank02,SL3,0.6618556701030928
sgRNA_15,rank02,TL,0.36979591836734693
sgRNA_15,rank02,spacer,1.001881804043546
sgRNA_15,rank03,SL1,1.9362780269058295
sgRNA_15,rank03,SL2,1.596476683937824
sgRNA_15,rank03,SL3,0.6618556701030928
sgRNA_15,rank03,TL,0.36979591836734693
sgRNA_15,rank03,spacer,1.001881804043546
sgRNA_15,rank04,SL1,1.9362780269058295
sgRNA_15,rank04,SL2,1.596476683937824
sgRNA_15,rank04,SL3,0.6618556701030928
sgRNA_15,rank04,TL,0.36979591836734693
sgRNA_15,rank04,spacer,1.001881804043546
sgRNA_15,rank05,SL1,1.9362780269058295
sgRNA_15,rank05,SL2,1.596476683937824
sgRNA_15,rank05,SL3,0.6618556701030928
sgRNA_15,rank05,TL,0.36979591836734693
sgRNA_15,rank05,spacer,1.001881804043546
sgRNA_15,rank06,SL1,1.9362780269058295
sgRNA_15,rank06,SL2,1.596476683937824
sgRNA_15,rank06,SL3,0.6618556701030928
sgRNA_15,rank06,TL,0.36979591836734693
sgRNA_15,rank06,spacer,1.001881804043546
sgRNA_15,rank07,SL1,1.9362780269058295
sgRNA_15,rank07,SL2,1.596476683937824
sgRNA_15,rank07,SL3,0.6618556701030928
sgRNA_15,rank07,TL,0.36979591836734693
sgRNA_15,rank07,spacer,1.001881804043546
sgRNA_15,rank08,SL1,1.9362780269058295
sgRNA_15,rank08,SL2,1.596476683937824
sgRNA_15,rank08,SL3,0.6618556701030928
sgRNA_15,rank08,TL,0.36979591836734693
sgRNA_15,rank08,spacer,1.001881804043546
sgRNA_15,rank09,SL1,1.9362780269058295
sgRNA_15,rank09,SL2,1.596476683937824
sgRNA_15,rank09,SL3,0.6618556701030928
sgRNA_15,rank09,TL,0.36979591836734693
sgRNA_15,rank09,spacer,1.001881804043546
sgRNA_150,rank01,SL1,2.1824663677130043
sgRNA_150,rank01,SL2,2.137823834196891
sgRNA_150,rank01,SL3,0.706701030927835
sgRNA_150,rank01,TL,1.321734693877551
sgRNA_150,rank01,spacer,1.8332410423452767
sgRNA_150,rank02,SL1,2.1824663677130043
sgRNA_150,rank02,SL2,2.137823834196891
sgRNA_150,rank02,SL3,0.706701030927835
sgRNA_150,rank02,TL,1.321734693877551
sgRNA_150,rank02,spacer,1.8332410423452767
sgRNA_150,rank03,SL1,2.1824663677130043
sgRNA_150,rank03,SL2,2.137823834196891
sgRNA_150,rank03,SL3,0.706701030927835
sgRNA_150,rank03,TL,1.321734693877551
sgRNA_150,rank03,spacer,1.8332410423452767
sgRNA_150,rank04,SL1,2.1824663677130043
sgRNA_150,rank04,SL2,2.137823834196891
sgRNA_150,rank04,SL3,0.706701030927835
sgRNA_150,rank04,TL,1.321734693877551
sgRNA_150,rank04,spacer,1.8332410423452767
sgRNA_150,rank05,SL1,2.1824663677130043
sgRNA_150,rank05,SL2,2.137823834196891
sgRNA_150,rank05,SL3,0.706701030927835
sgRNA_150,rank05,TL,1.321734693877551
sgRNA_150,rank05,spacer,1.8332410423452767
sgRNA_150,rank06,SL1,2.1824663677130043
sgRNA_150,rank06,SL2,2.137823834196891
sgRNA_150,rank06,SL3,0.706701030927835
sgRNA_150,rank06,TL,1.321734693877551
sgRNA_150,rank06,spacer,1.8332410423452767
sgRNA_150,rank07,SL1,2.1824663677130043
sgRNA_150,rank07,SL2,2.137823834196891
sgRNA_150,rank07,SL3,0.706701030927835
sgRNA_150,rank07,TL,1.321734693877551
sgRNA_150,rank07,spacer,1.8332410423452767
sgRNA_150,rank08,SL1,2.1824663677130043
sgRNA_150,rank08,SL2,2.137823834196891
sgRNA_150,rank08,SL3,0.706701030927835
sgRNA_150,rank08,TL,1.321734693877551
sgRNA_150,rank08,spacer,1.8332410423452767
sgRNA_150,rank09,SL1,2.1824663677130043
sgRNA_150,rank09,SL2,2.137823834196891
sgRNA_150,rank09,SL3,0.706701030927835
sgRNA_150,rank09,TL,1.321734693877551
sgRNA_150,rank09,spacer,1.8332410423452767
sgRNA_150,rank10,SL1,2.1824663677130043
sgRNA_150,rank10,SL2,2.137823834196891
sgRNA_150,rank10,SL3,0.706701030927835
sgRNA_150,rank10,TL,1.321734693877551
sgRNA_150,rank10,spacer,1.8332410423452767
sgRNA_16,rank01,SL1,1.8265470852017938
sgRNA_16,rank01,SL2,1.9984455958549223
sgRNA_16,rank01,SL3,0.3494845360824742
sgRNA_16,rank01,TL,0.8975
sgRNA_16,rank01,spacer,2.345927672955975
sgRNA_16,rank02,SL1,1.8265470852017938
sgRNA_16,rank02,SL2,1.9984455958549223
sgRNA_16,rank02,SL3,0.3494845360824742
sgRNA_16,rank02,TL,0.8975
sgRNA_16,rank02,spacer,2.345927672955975
sgRNA_16,rank03,SL1,1.8265470852017938
sgRNA_16,rank03,SL2,1.9984455958549223
sgRNA_16,rank03,SL3,0.3494845360824742
sgRNA_16,rank03,TL,0.8975
sgRNA_16,rank03,spacer,2.345927672955975
sgRNA_16,rank04,SL1,1.8265470852017938
sgRNA_16,rank04,SL2,1.9984455958549223
sgRNA_16,rank04,SL3,0.3494845360824742
sgRNA_16,rank04,TL,0.8975
sgRNA_16,rank04,spacer,2.345927672955975
sgRNA_16,rank05,SL1,1.8265470852017938
sgRNA_16,rank05,SL2,1.9984455958549223
sgRNA_16,rank05,SL3,0.3494845360824742
sgRNA_16,rank05,TL,0.8975
sgRNA_16,rank05,spacer,2.345927672955975
sgRNA_16,rank06,SL1,1.8265470852017938
sgRNA_16,rank06,SL2,1.9984455958549223
sgRNA_16,rank06,SL3,0.3494845360824742
sgRNA_16,rank06,TL,0.8975
sgRNA_16,rank06,spacer,2.345927672955975
sgRNA_16,rank07,SL1,1.8265470852017938
sgRNA_16,rank07,SL2,1.9984455958549223
sgRNA_16,rank07,SL3,0.3494845360824742
sgRNA_16,rank07,TL,0.8975
sgRNA_16,rank07,spacer,2.345927672955975
sgRNA_16,rank08,SL1,1.8265470852017938
sgRNA_16,rank08,SL2,1.9984455958549223
sgRNA_16,rank08,SL3,0.3494845360824742
sgRNA_16,rank08,TL,0.8975
sgRNA_16,rank08,spacer,2.345927672955975
sgRNA_16,rank09,SL1,1.8265470852017938
sgRNA_16,rank09,SL2,1.9984455958549223
sgRNA_16,rank09,SL3,0.3494845360824742
sgRNA_16,rank09,TL,0.8975
sgRNA_16,rank09,spacer,2.345927672955975
sgRNA_16,rank10,SL1,1.8265470852017938
sgRNA_16,rank10,SL2,1.9984455958549223
sgRNA_16,rank10,SL3,0.3494845360824742
sgRNA_16,rank10,TL,0.8975
sgRNA_16,rank10,spacer,2.345927672955975
sgRNA_16,rank11,SL1,1.8265470852017938
sgRNA_16,rank11,SL2,1.9984455958549223
sgRNA_16,rank11,SL3,0.3494845360824742
sgRNA_16,rank11,TL,0.8975
sgRNA_16,rank11,spacer,2.345927672955975
sgRNA_16,rank12,SL1,1.8265470852017938
sgRNA_16,rank12,SL2,1.9984455958549223
sgRNA_16,rank12,SL3,0.3494845360824742
sgRNA_16,rank12,TL,0.8975
sgRNA_16,rank12,spacer,2.345927672955975
sgRNA_17,rank01,SL1,2.701434977578475
sgRNA_17,rank01,SL2,1.709119170984456
sgRNA_17,rank01,SL3,0.917938144329897
sgRNA_17,rank01,TL,1.6379591836734693
sgRNA_17,rank01,spacer,2.41262015503876
sgRNA_17,rank02,SL1,2.701434977578475
sgRNA_17,rank02,SL2,1.709119170984456
sgRNA_17,rank02,SL3,0.917938144329897
sgRNA_17,rank02,TL,1.6379591836734693
sgRNA_17,rank02,spacer,2.41262015503876
sgRNA_17,rank03,SL1,2.701434977578475
sgRNA_17,rank03,SL2,1.709119170984456
sgRNA_17,rank03,SL3,0.917938144329897
sgRNA_17,rank03,TL,1.6379591836734693
sgRNA_17,rank03,spacer,2.41262015503876
sgRNA_17,rank04,SL1,2.701434977578475
sgRNA_17,rank04,SL2,1.709119170984456
sgRNA_17,rank04,SL3,0.917938144329897
sgRNA_17,rank04,TL,1.6379591836734693
sgRNA_17,rank04,spacer,2.41262015503876
sgRNA_17,rank05,SL1,2.701434977578475
sgRNA_17,rank05,SL2,1.709119170984456
sgRNA_17,rank05,SL3,0.917938144329897
sgRNA_17,rank05,TL,1.6379591836734693
sgRNA_17,rank05,spacer,2.41262015503876
sgRNA_17,rank06,SL1,2.701434977578475
sgRNA_17,rank06,SL2,1.709119170984456
sgRNA_17,rank06,SL3,0.917938144329897
sgRNA_17,rank06,TL,1.6379591836734693
sgRNA_17,rank06,spacer,2.41262015503876
sgRNA_17,rank07,SL1,2.701434977578475
sgRNA_17,rank07,SL2,1.709119170984456
sgRNA_17,rank07,SL3,0.917938144329897
sgRNA_17,rank07,TL,1.6379591836734693
sgRNA_17,rank07,spacer,2.41262015503876
sgRNA_17,rank08,SL1,2.701434977578475
sgRNA_17,rank08,SL2,1.709119170984456
sgRNA_17,rank08,SL3,0.917938144329897
sgRNA_17,rank08,TL,1.6379591836734693
sgRNA_17,rank08,spacer,2.41262015503876
sgRNA_17,rank09,SL1,2.701434977578475
sgRNA_17,rank09,SL2,1.709119170984456
sgRNA_17,rank09,SL3,0.917938144329897
sgRNA_17,rank09,TL,1.6379591836734693
sgRNA_17,rank09,spacer,2.41262015503876
sgRNA_17,rank10,SL1,2.701434977578475
sgRNA_17,rank10,SL2,1.709119170984456
sgRNA_17,rank10,SL3,0.917938144329897
sgRNA_17,rank10,TL,1.6379591836734693
sgRNA_17,rank10,spacer,2.41262015503876
sgRNA_17,rank11,SL1,2.701434977578475
sgRNA_17,rank11,SL2,1.709119170984456
sgRNA_17,rank11,SL3,0.917938144329897
sgRNA_17,rank11,TL,1.6379591836734693
sgRNA_17,rank11,spacer,2.41262015503876
sgRNA_17,rank12,SL1,2.701434977578475
sgRNA_17,rank12,SL2,1.709119170984456
sgRNA_17,rank12,SL3,0.917938144329897
sgRNA_17,rank12,TL,1.6379591836734693
sgRNA_17,rank12,spacer,2.41262015503876
sgRNA_17,rank13,SL1,2.701434977578475
sgRNA_17,rank13,SL2,1.709119170984456
sgRNA_17,rank13,SL3,0.917938144329897
sgRNA_17,rank13,TL,1.6379591836734693
sgRNA_17,rank13,spacer,2.41262015503876
sgRNA_17,rank14,SL1,2.701434977578475
sgRNA_17,rank14,SL2,1.709119170984456
sgRNA_17,rank14,SL3,0.917938144329897
sgRNA_17,rank14,TL,1.6379591836734693
sgRNA_17,rank14,spacer,2.41262015503876
sgRNA_17,rank15,SL1,2.701434977578475
sgRNA_17,rank15,SL2,1.709119170984456
sgRNA_17,rank15,SL3,0.917938144329897
sgRNA_17,rank15,TL,1.6379591836734693
sgRNA_17,rank15,spacer,2.41262015503876
sgRNA_18,rank01,SL1,2.4843946188340804
sgRNA_18,rank01,SL2,1.7186528497409326
sgRNA_18,rank01,SL3,0.9049484536082474
sgRNA_18,rank01,TL,1.9084183673469388
sgRNA_18,rank01,spacer,1.6820219435736679
sgRNA_18,rank02,SL1,2.4843946188340804
sgRNA_18,rank02,SL2,1.7186528497409326
sgRNA_18,rank02,SL3,0.9049484536082474
sgRNA_18,rank02,TL,1.9084183673469388
sgRNA_18,rank02,spacer,1.6820219435736679
sgRNA_18,rank03,SL1,2.4843946188340804
sgRNA_18,rank03,SL2,1.7186528497409326
sgRNA_18,rank03,SL3,0.9049484536082474
sgRNA_18,rank03,TL,1.9084183673469388
sgRNA_18,rank03,spacer,1.6820219435736679
sgRNA_18,rank04,SL1,2.4843946188340804
sgRNA_18,rank04,SL2,1.7186528497409326
sgRNA_18,rank04,SL3,0.9049484536082474
sgRNA_18,rank04,TL,1.9084183673469388
sgRNA_18,rank04,spacer,1.6820219435736679
sgRNA_18,rank05,SL1,2.4843946188340804
sgRNA_18,rank05,SL2,1.7186528497409326
sgRNA_18,rank05,SL3,0.9049484536082474
sgRNA_18,rank05,TL,1.9084183673469388
sgRNA_18,rank05,spacer,1.6820219435736679
sgRNA_18,rank06,SL1,2.4843946188340804
sgRNA_18,rank06,SL2,1.7186528497409326
sgRNA_18,rank06,SL3,0.9049484536082474
sgRNA_18,rank06,TL,1.9084183673469388
sgRNA_18,rank06,spacer,1.6820219435736679
sgRNA_18,rank07,SL1,2.4843946188340804
sgRNA_18,rank07,SL2,1.7186528497409326
sgRNA_18,rank07,SL3,0.9049484536082474
sgRNA_18,rank07,TL,1.9084183673469388
sgRNA_18,rank07,spacer,1.6820219435736679
sgRNA_18,rank08,SL1,2.4843946188340804
sgRNA_18,rank08,SL2,1.7186528497409326
sgRNA_18,rank08,SL3,0.9049484536082474
sgRNA_18,rank08,TL,1.9084183673469388
sgRNA_18,rank08,spacer,1.6820219435736679
sgRNA_19,rank01,SL1,2.7838565022421524
sgRNA_19,rank01,SL2,1.3846632124352332
sgRNA_19,rank01,SL3,0.030721649484536075
sgRNA_19,rank01,TL,1.7375
sgRNA_19,rank01,spacer,2.1324036979969185
sgRNA_19,rank02,SL1,2.7838565022421524
sgRNA_19,rank02,SL2,1.3846632124352332
sgRNA_19,rank02,SL3,0.030721649484536075
sgRNA_19,rank02,TL,1.7375
sgRNA_19,rank02,spacer,2.1324036979969185
sgRNA_19,rank03,SL1,2.7838565022421524
sgRNA_19,rank03,SL2,1.3846632124352332
sgRNA_19,rank03,SL3,0.030721649484536075
sgRNA_19,rank03,TL,1.7375
sgRNA_19,rank03,spacer,2.1324036979969185
sgRNA_19,rank04,SL1,2.7838565022421524
sgRNA_19,rank04,SL2,1.3846632124352332
sgRNA_19,rank04,SL3,0.030721649484536075
sgRNA_19,rank04,TL,1.7375
sgRNA_19,rank04,spacer,2.1324036979969185
sgRNA_19,rank05,SL1,2.7838565022421524
sgRNA_19,rank05,SL2,1.3846632124352332
sgRNA_19,rank05,SL3,0.030721649484536075
sgRNA_19,rank05,TL,1.7375
sgRNA_19,rank05,spacer,2.1324036979969185
sgRNA_19,rank06,SL1,2.7838565022421524
sgRNA_19,rank06,SL2,1.3846632124352332
sgRNA_19,rank06,SL3,0.030721649484536075
sgRNA_19,rank06,TL,1.7375
sgRNA_19,rank06,spacer,2.1324036979969185
sgRNA_19,rank07,SL1,2.7838565022421524
sgRNA_19,rank07,SL2,1.3846632124352332
sgRNA_19,rank07,SL3,0.030721649484536075
sgRNA_19,rank07,TL,1.7375
sgRNA_19,rank07,spacer,2.1324036979969185
sgRNA_19,rank08,SL1,2.7838565022421524
sgRNA_19,rank08,SL2,1.3846632124352332
sgRNA_19,rank08,SL3,0.030721649484536075
sgRNA_19,rank08,TL,1.7375
sgRNA_19,rank08,spacer,2.1324036979969185
sgRNA_19,rank09,SL1,2.7838565022421524
sgRNA_19,rank09,SL2,1.3846632124352332
sgRNA_19,rank09,SL3,0.030721649484536075
sgRNA_19,rank09,TL,1.7375
sgRNA_19,rank09,spacer,2.1324036979969185
sgRNA_19,rank10,SL1,2.7838565022421524
sgRNA_19,rank10,SL2,1.3846632124352332
sgRNA_19,rank10,SL3,0.030721649484536075
sgRNA_19,rank10,TL,1.7375
sgRNA_19,rank10,spacer,2.1324036979969185
sgRNA_19,rank11,SL1,2.7838565022421524
sgRNA_19,rank11,SL2,1.3846632124352332
sgRNA_19,rank11,SL3,0.030721649484536075
sgRNA_19,rank11,TL,1.7375
sgRNA_19,rank11,spacer,2.1324036979969185
sgRNA_19,rank12,SL1,2.7838565022421524
sgRNA_19,rank12,SL2,1.3846632124352332
sgRNA_19,rank12,SL3,0.030721649484536075
sgRNA_19,rank12,TL,1.7375
sgRNA_19,rank12,spacer,2.1324036979969185
sgRNA_2,rank01,SL1,1.6187892376681614
sgRNA_2,rank01,SL2,1.0536269430051812
sgRNA_2,rank01,SL3,0.5523711340206185
sgRNA_2,rank01,TL,0.6129591836734694
sgRNA_2,rank01,spacer,1.6197659906396256
sgRNA_2,rank02,SL1,1.6187892376681614
sgRNA_2,rank02,SL2,1.0536269430051812
sgRNA_2,rank02,SL3,0.5523711340206185
sgRNA_2,rank02,TL,0.6129591836734694
sgRNA_2,rank02,spacer,1.6197659906396256
sgRNA_2,rank03,SL1,1.6187892376681614
sgRNA_2,rank03,SL2,1.0536269430051812
sgRNA_2,rank03,SL3,0.5523711340206185
sgRNA_2,rank03,TL,0.6129591836734694
sgRNA_2,rank03,spacer,1.6197659906396256
sgRNA_2,rank04,SL1,1.6187892376681614
sgRNA_2,rank04,SL2,1.0536269430051812
sgRNA_2,rank04,SL3,0.5523711340206185
sgRNA_2,rank04,TL,0.6129591836734694
sgRNA_2,rank04,spacer,1.6197659906396256
sgRNA_2,rank05,SL1,1.6187892376681614
sgRNA_2,rank05,SL2,1.0536269430051812
sgRNA_2,rank05,SL3,0.5523711340206185
sgRNA_2,rank05,TL,0.6129591836734694
sgRNA_2,rank05,spacer,1.6197659906396256
sgRNA_2,rank06,SL1,1.6187892376681614
sgRNA_2,rank06,SL2,1.0536269430051812
sgRNA_2,rank06,SL3,0.5523711340206185
sgRNA_2,rank06,TL,0.6129591836734694
sgRNA_2,rank06,spacer,1.6197659906396256
sgRNA_2,rank07,SL1,1.6187892376681614
sgRNA_2,rank07,SL2,1.0536269430051812
sgRNA_2,rank07,SL3,0.5523711340206185
sgRNA_2,rank07,TL,0.6129591836734694
sgRNA_2,rank07,spacer,1.6197659906396256
sgRNA_2,rank08,SL1,1.6187892376681614
sgRNA_2,rank08,SL2,1.0536269430051812
sgRNA_2,rank08,SL3,0.5523711340206185
sgRNA_2,rank08,TL,0.6129591836734694
sgRNA_2,rank08,spacer,1.6197659906396256
sgRNA_20,rank01,SL1,1.78152466367713
sgRNA_20,rank01,SL2,1.3795854922279793
sgRNA_20,rank01,SL3,-0.35051546391752575
sgRNA_20,rank01,TL,1.2904591836734693
sgRNA_20,rank01,spacer,1.1398608964451313
sgRNA_20,rank02,SL1,1.78152466367713
sgRNA_20,rank02,SL2,1.3795854922279793
sgRNA_20,rank02,SL3,-0.35051546391752575
sgRNA_20,rank02,TL,1.2904591836734693
sgRNA_20,rank02,spacer,1.1398608964451313
sgRNA_20,rank03,SL1,1.78152466367713
sgRNA_20,rank03,SL2,1.3795854922279793
sgRNA_20,rank03,SL3,-0.35051546391752575
sgRNA_20,rank03,TL,1.2904591836734693
sgRNA_20,rank03,spacer,1.1398608964451313
sgRNA_20,rank04,SL1,1.78152466367713
sgRNA_20,rank04,SL2,1.3795854922279793
sgRNA_20,rank04,SL3,-0.35051546391752575
sgRNA_20,rank04,TL,1.2904591836734693
sgRNA_20,rank04,spacer,1.1398608964451313
sgRNA_20,rank05,SL1,1.78152466367713
sgRNA_20,rank05,SL2,1.3795854922279793
sgRNA_20,rank05,SL3,-0.35051546391752575
sgRNA_20,rank05,TL,1.2904591836734693
sgRNA_20,rank05,spacer,1.1398608964451313
sgRNA_20,rank06,SL1,1.78152466367713
sgRNA_20,rank06,SL2,1.3795854922279793
sgRNA_20,rank06,SL3,-0.35051546391752575
sgRNA_20,rank06,TL,1.2904591836734693
sgRNA_20,rank06,spacer,1.1398608964451313
sgRNA_20,rank07,SL1,1.78152466367713
sgRNA_20,rank07,SL2,1.3795854922279793
sgRNA_20,rank07,SL3,-0.35051546391752575
sgRNA_20,rank07,TL,1.2904591836734693
sgRNA_20,rank07,spacer,1.1398608964451313
sgRNA_20,rank08,SL1,1.78152466367713
sgRNA_20,rank08,SL2,1.3795854922279793
sgRNA_20,rank08,SL3,-0.35051546391752575
sgRNA_20,rank08,TL,1.2904591836734693
sgRNA_20,rank08,spacer,1.1398608964451313
sgRNA_20,rank09,SL1,1.78152466367713
sgRNA_20,rank09,SL2,1.3795854922279793
sgRNA_20,rank09,SL3,-0.35051546391752575
sgRNA_20,rank09,TL,1.2904591836734693
sgRNA_20,rank09,spacer,1.1398608964451313
sgRNA_21,rank01,SL1,2.476322869955157
sgRNA_21,rank01,SL2,2.34
sgRNA_21,rank01,SL3,1.4149484536082475
sgRNA_21,rank01,TL,1.0574999999999999
sgRNA_21,rank01,spacer,1.9832814930015552
sgRNA_21,rank02,SL1,2.476322869955157
sgRNA_21,rank02,SL2,2.34
sgRNA_21,rank02,SL3,1.4149484536082475
sgRNA_21,rank02,TL,1.0574999999999999
sgRNA_21,rank02,spacer,1.9832814930015552
sgRNA_21,rank03,SL1,2.476322869955157
sgRNA_21,rank03,SL2,2.34
sgRNA_21,rank03,SL3,1.4149484536082475
sgRNA_21,rank03,TL,1.0574999999999999
sgRNA_21,rank03,spacer,1.9832814930015552
sgRNA_21,rank04,SL1,2.476322869955157
sgRNA_21,rank04,SL2,2.34
sgRNA_21,rank04,SL3,1.4149484536082475
sgRNA_21,rank04,TL,1.0574999999999999
sgRNA_21,rank04,spacer,1.9832814930015552
sgRNA_21,rank05,SL1,2.476322869955157
sgRNA_21,rank05,SL2,2.34
sgRNA_21,rank05,SL3,1.4149484536082475
sgRNA_21,rank05,TL,1.0574999999999999
sgRNA_21,rank05,spacer,1.9832814930015552
sgRNA_21,rank06,SL1,2.476322869955157
sgRNA_21,rank06,SL2,2.34
sgRNA_21,rank06,SL3,1.4149484536082475
sgRNA_21,rank06,TL,1.0574999999999999
sgRNA_21,rank06,spacer,1.9832814930015552
sgRNA_21,rank07,SL1,2.476322869955157
sgRNA_21,rank07,SL2,2.34
sgRNA_21,rank07,SL3,1.4149484536082475
sgRNA_21,rank07,TL,1.0574999999999999
sgRNA_21,rank07,spacer,1.9832814930015552
sgRNA_21,rank08,SL1,2.476322869955157
sgRNA_21,rank08,SL2,2.34
sgRNA_21,rank08,SL3,1.4149484536082475
sgRNA_21,rank08,TL,1.0574999999999999
sgRNA_21,rank08,spacer,1.9832814930015552
sgRNA_21,rank09,SL1,2.476322869955157
sgRNA_21,rank09,SL2,2.34
sgRNA_21,rank09,SL3,1.4149484536082475
sgRNA_21,rank09,TL,1.0574999999999999
sgRNA_21,rank09,spacer,1.9832814930015552
sgRNA_21,rank10,SL1,2.476322869955157
sgRNA_21,rank10,SL2,2.34
sgRNA_21,rank10,SL3,1.4149484536082475
sgRNA_21,rank10,TL,1.0574999999999999
sgRNA_21,rank10,spacer,1.9832814930015552
sgRNA_21,rank11,SL1,2.476322869955157
sgRNA_21,rank11,SL2,2.34
sgRNA_21,rank11,SL3,1.4149484536082475
sgRNA_21,rank11,TL,1.0574999999999999
sgRNA_21,rank11,spacer,1.9832814930015552
sgRNA_22,rank01,SL1,2.34695067264574
sgRNA_22,rank01,SL2,2.3932124352331607
sgRNA_22,rank01,SL3,0.9352577319587628
sgRNA_22,rank01,TL,1.2574489795918369
sgRNA_22,rank01,spacer,1.8868
sgRNA_22,rank02,SL1,2.34695067264574
sgRNA_22,rank02,SL2,2.3932124352331607
sgRNA_22,rank02,SL3,0.9352577319587628
sgRNA_22,rank02,TL,1.2574489795918369
sgRNA_22,rank02,spacer,1.8868
sgRNA_22,rank03,SL1,2.34695067264574
sgRNA_22,rank03,SL2,2.3932124352331607
sgRNA_22,rank03,SL3,0.9352577319587628
sgRNA_22,rank03,TL,1.2574489795918369
sgRNA_22,rank03,spacer,1.8868
sgRNA_22,rank04,SL1,2.34695067264574
sgRNA_22,rank04,SL2,2.3932124352331607
sgRNA_22,rank04,SL3,0.9352577319587628
sgRNA_22,rank04,TL,1.2574489795918369
sgRNA_22,rank04,spacer,1.8868
sgRNA_22,rank05,SL1,2.34695067264574
sgRNA_22,rank05,SL2,2.3932124352331607
sgRNA_22,rank05,SL3,0.9352577319587628
sgRNA_22,rank05,TL,1.2574489795918369
sgRNA_22,rank05,spacer,1.8868
sgRNA_22,rank06,SL1,2.34695067264574
sgRNA_22,rank06,SL2,2.3932124352331607
sgRNA_22,rank06,SL3,0.9352577319587628
sgRNA_22,rank06,TL,1.2574489795918369
sgRNA_22,rank06,spacer,1.8868
sgRNA_22,rank07,SL1,2.34695067264574
sgRNA_22,rank07,SL2,2.3932124352331607
sgRNA_22,rank07,SL3,0.9352577319587628
sgRNA_22,rank07,TL,1.2574489795918369
sgRNA_22,rank07,spacer,1.8868
sgRNA_22,rank08,SL1,2.34695067264574
sgRNA_22,rank08,SL2,2.3932124352331607
sgRNA_22,rank08,SL3,0.9352577319587628
sgRNA_22,rank08,TL,1.2574489795918369
sgRNA_22,rank08,spacer,1.8868
sgRNA_22,rank09,SL1,2.34695067264574
sgRNA_22,rank09,SL2,2.3932124352331607
sgRNA_22,rank09,SL3,0.9352577319587628
sgRNA_22,rank09,TL,1.2574489795918369
sgRNA_22,rank09,spacer,1.8868
sgRNA_22,rank10,SL1,2.34695067264574
sgRNA_22,rank10,SL2,2.3932124352331607
sgRNA_22,rank10,SL3,0.9352577319587628
sgRNA_22,rank10,TL,1.2574489795918369
sgRNA_22,rank10,spacer,1.8868
sgRNA_22,rank11,SL1,2.34695067264574
sgRNA_22,rank11,SL2,2.3932124352331607
sgRNA_22,rank11,SL3,0.9352577319587628
sgRNA_22,rank11,TL,1.2574489795918369
sgRNA_22,rank11,spacer,1.8868
sgRNA_22,rank12,SL1,2.34695067264574
sgRNA_22,rank12,SL2,2.3932124352331607
sgRNA_22,rank12,SL3,0.9352577319587628
sgRNA_22,rank12,TL,1.2574489795918369
sgRNA_22,rank12,spacer,1.8868
sgRNA_22,rank13,SL1,2.34695067264574
sgRNA_22,rank13,SL2,2.3932124352331607
sgRNA_22,rank13,SL3,0.9352577319587628
sgRNA_22,rank13,TL,1.2574489795918369
sgRNA_22,rank13,spacer,1.8868
sgRNA_22,rank14,SL1,2.34695067264574
sgRNA_22,rank14,SL2,2.3932124352331607
sgRNA_22,rank14,SL3,0.9352577319587628
sgRNA_22,rank14,TL,1.2574489795918369
sgRNA_22,rank14,spacer,1.8868
sgRNA_22,rank15,SL1,2.34695067264574
sgRNA_22,rank15,SL2,2.3932124352331607
sgRNA_22,rank15,SL3,0.9352577319587628
sgRNA_22,rank15,TL,1.2574489795918369
sgRNA_22,rank15,spacer,1.8868
sgRNA_23,rank01,SL1,2.3444394618834083
sgRNA_23,rank01,SL2,2.1998445595854923
sgRNA_23,rank01,SL3,-0.6597938144329897
sgRNA_23,rank01,TL,0.6751530612244898
sgRNA_23,rank01,spacer,2.1353726708074534
sgRNA_23,rank02,SL1,2.3444394618834083
sgRNA_23,rank02,SL2,2.1998445595854923
sgRNA_23,rank02,SL3,-0.6597938144329897
sgRNA_23,rank02,TL,0.6751530612244898
sgRNA_23,rank02,spacer,2.1353726708074534
sgRNA_23,rank03,SL1,2.3444394618834083
sgRNA_23,rank03,SL2,2.1998445595854923
sgRNA_23,rank03,SL3,-0.6597938144329897
sgRNA_23,rank03,TL,0.6751530612244898
sgRNA_23,rank03,spacer,2.1353726708074534
sgRNA_23,rank04,SL1,2.3444394618834083
sgRNA_23,rank04,SL2,2.1998445595854923
sgRNA_23,rank04,SL3,-0.6597938144329897
sgRNA_23,rank04,TL,0.6751530612244898
sgRNA_23,rank04,spacer,2.1353726708074534
sgRNA_23,rank05,SL1,2.3444394618834083
sgRNA_23,rank05,SL2,2.1998445595854923
sgRNA_23,rank05,SL3,-0.6597938144329897
sgRNA_23,rank05,TL,0.6751530612244898
sgRNA_23,rank05,spacer,2.1353726708074534
sgRNA_23,rank06,SL1,2.3444394618834083
sgRNA_23,rank06,SL2,2.1998445595854923
sgRNA_23,rank06,SL3,-0.6597938144329897
sgRNA_23,rank06,TL,0.6751530612244898
sgRNA_23,rank06,spacer,2.1353726708074534
sgRNA_23,rank07,SL1,2.3444394618834083
sgRNA_23,rank07,SL2,2.1998445595854923
sgRNA_23,rank07,SL3,-0.6597938144329897
sgRNA_23,rank07,TL,0.6751530612244898
sgRNA_23,rank07,spacer,2.1353726708074534
sgRNA_23,rank08,SL1,2.3444394618834083
sgRNA_23,rank08,SL2,2.1998445595854923
sgRNA_23,rank08,SL3,-0.6597938144329897
sgRNA_23,rank08,TL,0.6751530612244898
sgRNA_23,rank08,spacer,2.1353726708074534
sgRNA_23,rank09,SL1,2.3444394618834083
sgRNA_23,rank09,SL2,2.1998445595854923
sgRNA_23,rank09,SL3,-0.6597938144329897
sgRNA_23,rank09,TL,0.6751530612244898
sgRNA_23,rank09,spacer,2.1353726708074534
sgRNA_23,rank10,SL1,2.3444394618834083
sgRNA_23,rank10,SL2,2.1998445595854923
sgRNA_23,rank10,SL3,-0.6597938144329897
sgRNA_23,rank10,TL,0.6751530612244898
sgRNA_23,rank10,spacer,2.1353726708074534
sgRNA_23,rank11,SL1,2.3444394618834083
sgRNA_23,rank11,SL2,2.1998445595854923
sgRNA_23,rank11,SL3,-0.6597938144329897
sgRNA_23,rank11,TL,0.6751530612244898
sgRNA_23,rank11,spacer,2.1353726708074534
sgRNA_23,rank12,SL1,2.3444394618834083
sgRNA_23,rank12,SL2,2.1998445595854923
sgRNA_23,rank12,SL3,-0.6597938144329897
sgRNA_23,rank12,TL,0.6751530612244898
sgRNA_23,rank12,spacer,2.1353726708074534
sgRNA_23,rank13,SL1,2.3444394618834083
sgRNA_23,rank13,SL2,2.1998445595854923
sgRNA_23,rank13,SL3,-0.6597938144329897
sgRNA_23,rank13,TL,0.6751530612244898
sgRNA_23,rank13,spacer,2.1353726708074534
sgRNA_23,rank14,SL1,2.3444394618834083
sgRNA_23,rank14,SL2,2.1998445595854923
sgRNA_23,rank14,SL3,-0.6597938144329897
sgRNA_23,rank14,TL,0.6751530612244898
sgRNA_23,rank14,spacer,2.1353726708074534
sgRNA_23,rank15,SL1,2.3444394618834083
sgRNA_23,rank15,SL2,2.1998445595854923
sgRNA_23,rank15,SL3,-0.6597938144329897
sgRNA_23,rank15,TL,0.6751530612244898
sgRNA_23,rank15,spacer,2.1353726708074534
sgRNA_24,rank01,SL1,2.5542152466367716
sgRNA_24,rank01,SL2,1.5596891191709843
sgRNA_24,rank01,SL3,0.658659793814433
sgRNA_24,rank01,TL,0.8756122448979592
sgRNA_24,rank01,spacer,0.8712179487179487
sgRNA_24,rank02,SL1,2.5542152466367716
sgRNA_24,rank02,SL2,1.5596891191709843
sgRNA_24,rank02,SL3,0.658659793814433
sgRNA_24,rank02,TL,0.8756122448979592
sgRNA_24,rank02,spacer,0.8712179487179487
sgRNA_24,rank03,SL1,2.5542152466367716
sgRNA_24,rank03,SL2,1.5596891191709843
sgRNA_24,rank03,SL3,0.658659793814433
sgRNA_24,rank03,TL,0.8756122448979592
sgRNA_24,rank03,spacer,0.8712179487179487
sgRNA_24,rank04,SL1,2.5542152466367716
sgRNA_24,rank04,SL2,1.5596891191709843
sgRNA_24,rank04,SL3,0.658659793814433
sgRNA_24,rank04,TL,0.8756122448979592
sgRNA_24,rank04,spacer,0.8712179487179487
sgRNA_24,rank05,SL1,2.5542152466367716
sgRNA_24,rank05,SL2,1.5596891191709843
sgRNA_24,rank05,SL3,0.658659793814433
sgRNA_24,rank05,TL,0.8756122448979592
sgRNA_24,rank05,spacer,0.8712179487179487
sgRNA_24,rank06,SL1,2.5542152466367716
sgRNA_24,rank06,SL2,1.5596891191709843
sgRNA_24,rank06,SL3,0.658659793814433
sgRNA_24,rank06,TL,0.8756122448979592
sgRNA_24,rank06,spacer,0.8712179487179487
sgRNA_24,rank07,SL1,2.5542152466367716
sgRNA_24,rank07,SL2,1.5596891191709843
sgRNA_24,rank07,SL3,0.658659793814433
sgRNA_24,rank07,TL,0.8756122448979592
sgRNA_24,rank07,spacer,0.8712179487179487
sgRNA_24,rank08,SL1,2.5542152466367716
sgRNA_24,rank08,SL2,1.5596891191709843
sgRNA_24,rank08,SL3,0.658659793814433
sgRNA_24,rank08,TL,0.8756122448979592
sgRNA_24,rank08,spacer,0.8712179487179487
sgRNA_24,rank09,SL1,2.5542152466367716
sgRNA_24,rank09,SL2,1.5596891191709843
sgRNA_24,rank09,SL3,0.658659793814433
sgRNA_24,rank09,TL,0.8756122448979592
sgRNA_24,rank09,spacer,0.8712179487179487
sgRNA_24,rank10,SL1,2.5542152466367716
sgRNA_24,rank10,SL2,1.5596891191709843
sgRNA_24,rank10,SL3,0.658659793814433
sgRNA_24,rank10,TL,0.8756122448979592
sgRNA_24,rank10,spacer,0.8712179487179487
sgRNA_25,rank01,SL1,2.2186547085201793
sgRNA_25,rank01,SL2,1.6987564766839378
sgRNA_25,rank01,SL3,1.5263917525773196
sgRNA_25,rank01,TL,2.2077040816326527
sgRNA_25,rank01,spacer,2.285778816199377
sgRNA_25,rank02,SL1,2.2186547085201793
sgRNA_25,rank02,SL2,1.6987564766839378
sgRNA_25,rank02,SL3,1.5263917525773196
sgRNA_25,rank02,TL,2.2077040816326527
sgRNA_25,rank02,spacer,2.285778816199377
sgRNA_25,rank03,SL1,2.2186547085201793
sgRNA_25,rank03,SL2,1.6987564766839378
sgRNA_25,rank03,SL3,1.5263917525773196
sgRNA_25,rank03,TL,2.2077040816326527
sgRNA_25,rank03,spacer,2.285778816199377
sgRNA_25,rank04,SL1,2.2186547085201793
sgRNA_25,rank04,SL2,1.6987564766839378
sgRNA_25,rank04,SL3,1.5263917525773196
sgRNA_25,rank04,TL,2.2077040816326527
sgRNA_25,rank04,spacer,2.285778816199377
sgRNA_25,rank05,SL1,2.2186547085201793
sgRNA_25,rank05,SL2,1.6987564766839378
sgRNA_25,rank05,SL3,1.5263917525773196
sgRNA_25,rank05,TL,2.2077040816326527
sgRNA_25,rank05,spacer,2.285778816199377
sgRNA_25,rank06,SL1,2.2186547085201793
sgRNA_25,rank06,SL2,1.6987564766839378
sgRNA_25,rank06,SL3,1.5263917525773196
sgRNA_25,rank06,TL,2.2077040816326527
sgRNA_25,rank06,spacer,2.285778816199377
sgRNA_25,rank07,SL1,2.2186547085201793
sgRNA_25,rank07,SL2,1.6987564766839378
sgRNA_25,rank07,SL3,1.5263917525773196
sgRNA_25,rank07,TL,2.2077040816326527
sgRNA_25,rank07,spacer,2.285778816199377
sgRNA_25,rank08,SL1,2.2186547085201793
sgRNA_25,rank08,SL2,1.6987564766839378
sgRNA_25,rank08,SL3,1.5263917525773196
sgRNA_25,rank08,TL,2.2077040816326527
sgRNA_25,rank08,spacer,2.285778816199377
sgRNA_25,rank09,SL1,2.2186547085201793
sgRNA_25,rank09,SL2,1.6987564766839378
sgRNA_25,rank09,SL3,1.5263917525773196
sgRNA_25,rank09,TL,2.2077040816326527
sgRNA_25,rank09,spacer,2.285778816199377
sgRNA_25,rank10,SL1,2.2186547085201793
sgRNA_25,rank10,SL2,1.6987564766839378
sgRNA_25,rank10,SL3,1.5263917525773196
sgRNA_25,rank10,TL,2.2077040816326527
sgRNA_25,rank10,spacer,2.285778816199377
sgRNA_25,rank11,SL1,2.2186547085201793
sgRNA_25,rank11,SL2,1.6987564766839378
sgRNA_25,rank11,SL3,1.5263917525773196
sgRNA_25,rank11,TL,2.2077040816326527
sgRNA_25,rank11,spacer,2.285778816199377
sgRNA_25,rank12,SL1,2.2186547085201793
sgRNA_25,rank12,SL2,1.6987564766839378
sgRNA_25,rank12,SL3,1.5263917525773196
sgRNA_25,rank12,TL,2.2077040816326527
sgRNA_25,rank12,spacer,2.285778816199377
sgRNA_25,rank13,SL1,2.2186547085201793
sgRNA_25,rank13,SL2,1.6987564766839378
sgRNA_25,rank13,SL3,1.5263917525773196
sgRNA_25,rank13,TL,2.2077040816326527
sgRNA_25,rank13,spacer,2.285778816199377
sgRNA_26,rank01,SL1,1.760358744394619
sgRNA_26,rank01,SL2,1.9810880829015545
sgRNA_26,rank01,SL3,-0.35051546391752575
sgRNA_26,rank01,TL,0.7402551020408163
sgRNA_26,rank01,spacer,2.113596899224806
sgRNA_26,rank02,SL1,1.760358744394619
sgRNA_26,rank02,SL2,1.9810880829015545
sgRNA_26,rank02,SL3,-0.35051546391752575
sgRNA_26,rank02,TL,0.7402551020408163
sgRNA_26,rank02,spacer,2.113596899224806
sgRNA_26,rank03,SL1,1.760358744394619
sgRNA_26,rank03,SL2,1.9810880829015545
sgRNA_26,rank03,SL3,-0.35051546391752575
sgRNA_26,rank03,TL,0.7402551020408163
sgRNA_26,rank03,spacer,2.113596899224806
sgRNA_26,rank04,SL1,1.760358744394619
sgRNA_26,rank04,SL2,1.9810880829015545
sgRNA_26,rank04,SL3,-0.35051546391752575
sgRNA_26,rank04,TL,0.7402551020408163
sgRNA_26,rank04,spacer,2.113596899224806
sgRNA_26,rank05,SL1,1.760358744394619
sgRNA_26,rank05,SL2,1.9810880829015545
sgRNA_26,rank05,SL3,-0.35051546391752575
sgRNA_26,rank05,TL,0.7402551020408163
sgRNA_26,rank05,spacer,2.113596899224806
sgRNA_26,rank06,SL1,1.760358744394619
sgRNA_26,rank06,SL2,1.9810880829015545
sgRNA_26,rank06,SL3,-0.35051546391752575
sgRNA_26,rank06,TL,0.7402551020408163
sgRNA_26,rank06,spacer,2.113596899224806
sgRNA_26,rank07,SL1,1.760358744394619
sgRNA_26,rank07,SL2,1.9810880829015545
sgRNA_26,rank07,SL3,-0.35051546391752575
sgRNA_26,rank07,TL,0.7402551020408163
sgRNA_26,rank07,spacer,2.113596899224806
sgRNA_26,rank08,SL1,1.760358744394619
sgRNA_26,rank08,SL2,1.9810880829015545
sgRNA_26,rank08,SL3,-0.35051546391752575
sgRNA_26,rank08,TL,0.7402551020408163
sgRNA_26,rank08,spacer,2.113596899224806
sgRNA_26,rank09,SL1,1.760358744394619
sgRNA_26,rank09,SL2,1.9810880829015545
sgRNA_26,rank09,SL3,-0.35051546391752575
sgRNA_26,rank09,TL,0.7402551020408163
sgRNA_26,rank09,spacer,2.113596899224806
sgRNA_26,rank10,SL1,1.760358744394619
sgRNA_26,rank10,SL2,1.9810880829015545
sgRNA_26,rank10,SL3,-0.35051546391752575
sgRNA_26,rank10,TL,0.7402551020408163
sgRNA_26,rank10,spacer,2.113596899224806
sgRNA_27,rank01,SL1,1.2608968609865472
sgRNA_27,rank01,SL2,2.6463730569948187
sgRNA_27,rank01,SL3,0.44329896907216493
sgRNA_27,rank01,TL,1.4866326530612244
sgRNA_27,rank01,spacer,1.734868624420402
sgRNA_27,rank02,SL1,1.2608968609865472
sgRNA_27,rank02,SL2,2.6463730569948187
sgRNA_27,rank02,SL3,0.44329896907216493
sgRNA_27,rank02,TL,1.4866326530612244
sgRNA_27,rank02,spacer,1.734868624420402
sgRNA_27,rank03,SL1,1.2608968609865472
sgRNA_27,rank03,SL2,2.6463730569948187
sgRNA_27,rank03,SL3,0.44329896907216493
sgRNA_27,rank03,TL,1.4866326530612244
sgRNA_27,rank03,spacer,1.734868624420402
sgRNA_27,rank04,SL1,1.2608968609865472
sgRNA_27,rank04,SL2,2.6463730569948187
sgRNA_27,rank04,SL3,0.44329896907216493
sgRNA_27,rank04,TL,1.4866326530612244
sgRNA_27,rank04,spacer,1.734868624420402
sgRNA_27,rank05,SL1,1.2608968609865472
sgRNA_27,rank05,SL2,2.6463730569948187
sgRNA_27,rank05,SL3,0.44329896907216493
sgRNA_27,rank05,TL,1.4866326530612244
sgRNA_27,rank05,spacer,1.734868624420402
sgRNA_27,rank06,SL1,1.2608968609865472
sgRNA_27,rank06,SL2,2.6463730569948187
sgRNA_27,rank06,SL3,0.44329896907216493
sgRNA_27,rank06,TL,1.4866326530612244
sgRNA_27,rank06,spacer,1.734868624420402
sgRNA_27,rank07,SL1,1.2608968609865472
sgRNA_27,rank07,SL2,2.6463730569948187
sgRNA_27,rank07,SL3,0.44329896907216493
sgRNA_27,rank07,TL,1.4866326530612244
sgRNA_27,rank07,spacer,1.734868624420402
sgRNA_27,rank08,SL1,1.2608968609865472
sgRNA_27,rank08,SL2,2.6463730569948187
sgRNA_27,rank08,SL3,0.44329896907216493
sgRNA_27,rank08,TL,1.4866326530612244
sgRNA_27,rank08,spacer,1.734868624420402
sgRNA_27,rank09,SL1,1.2608968609865472
sgRNA_27,rank09,SL2,2.6463730569948187
sgRNA_27,rank09,SL3,0.44329896907216493
sgRNA_27,rank09,TL,1.4866326530612244
sgRNA_27,rank09,spacer,1.734868624420402
sgRNA_27,rank10,SL1,1.2608968609865472
sgRNA_27,rank10,SL2,2.6463730569948187
sgRNA_27,rank10,SL3,0.44329896907216493
sgRNA_27,rank10,TL,1.4866326530612244
sgRNA_27,rank10,spacer,1.734868624420402
sgRNA_27,rank11,SL1,1.2608968609865472
sgRNA_27,rank11,SL2,2.6463730569948187
sgRNA_27,rank11,SL3,0.44329896907216493
sgRNA_27,rank11,TL,1.4866326530612244
sgRNA_27,rank11,spacer,1.734868624420402
sgRNA_27,rank12,SL1,1.2608968609865472
sgRNA_27,rank12,SL2,2.6463730569948187
sgRNA_27,rank12,SL3,0.44329896907216493
sgRNA_27,rank12,TL,1.4866326530612244
sgRNA_27,rank12,spacer,1.734868624420402
sgRNA_27,rank13,SL1,1.2608968609865472
sgRNA_27,rank13,SL2,2.6463730569948187
sgRNA_27,rank13,SL3,0.44329896907216493
sgRNA_27,rank13,TL,1.4866326530612244
sgRNA_27,rank13,spacer,1.734868624420402
sgRNA_27,rank14,SL1,1.2608968609865472
sgRNA_27,rank14,SL2,2.6463730569948187
sgRNA_27,rank14,SL3,0.44329896907216493
sgRNA_27,rank14,TL,1.4866326530612244
sgRNA_27,rank14,spacer,1.734868624420402
sgRNA_28,rank01,SL1,1.1512107623318386
sgRNA_28,rank01,SL2,1.0393264248704663
sgRNA_28,rank01,SL3,0.8093814432989691
sgRNA_28,rank01,TL,1.1891326530612245
sgRNA_28,rank01,spacer,1.6682075471698115
sgRNA_28,rank02,SL1,1.1512107623318386
sgRNA_28,rank02,SL2,1.0393264248704663
sgRNA_28,rank02,SL3,0.8093814432989691
sgRNA_28,rank02,TL,1.1891326530612245
sgRNA_28,rank02,spacer,1.6682075471698115
sgRNA_28,rank03,SL1,1.1512107623318386
sgRNA_28,rank03,SL2,1.0393264248704663
sgRNA_28,rank03,SL3,0.8093814432989691
sgRNA_28,rank03,TL,1.1891326530612245
sgRNA_28,rank03,spacer,1.6682075471698115
sgRNA_28,rank04,SL1,1.1512107623318386
sgRNA_28,rank04,SL2,1.0393264248704663
sgRNA_28,rank04,SL3,0.8093814432989691
sgRNA_28,rank04,TL,1.1891326530612245
sgRNA_28,rank04,spacer,1.6682075471698115
sgRNA_28,rank05,SL1,1.1512107623318386
sgRNA_28,rank05,SL2,1.0393264248704663
sgRNA_28,rank05,SL3,0.8093814432989691
sgRNA_28,rank05,TL,1.1891326530612245
sgRNA_28,rank05,spacer,1.6682075471698115
sgRNA_28,rank06,SL1,1.1512107623318386
sgRNA_28,rank06,SL2,1.0393264248704663
sgRNA_28,rank06,SL3,0.8093814432989691
sgRNA_28,rank06,TL,1.1891326530612245
sgRNA_28,rank06,spacer,1.6682075471698115
sgRNA_29,rank01,SL1,1.6322869955156951
sgRNA_29,rank01,SL2,1.407564766839378
sgRNA_29,rank01,SL3,-0.3502061855670103
sgRNA_29,rank01,TL,1.822295918367347
sgRNA_29,rank01,spacer,1.6105477308294212
sgRNA_29,rank02,SL1,1.6322869955156951
sgRNA_29,rank02,SL2,1.407564766839378
sgRNA_29,rank02,SL3,-0.3502061855670103
sgRNA_29,rank02,TL,1.822295918367347
sgRNA_29,rank02,spacer,1.6105477308294212
sgRNA_29,rank03,SL1,1.6322869955156951
sgRNA_29,rank03,SL2,1.407564766839378
sgRNA_29,rank03,SL3,-0.3502061855670103
sgRNA_29,rank03,TL,1.822295918367347
sgRNA_29,rank03,spacer,1.6105477308294212
sgRNA_29,rank04,SL1,1.6322869955156951
sgRNA_29,rank04,SL2,1.407564766839378
sgRNA_29,rank04,SL3,-0.3502061855670103
sgRNA_29,rank04,TL,1.822295918367347
sgRNA_29,rank04,spacer,1.6105477308294212
sgRNA_29,rank05,SL1,1.6322869955156951
sgRNA_29,rank05,SL2,1.407564766839378
sgRNA_29,rank05,SL3,-0.3502061855670103
sgRNA_29,rank05,TL,1.822295918367347
sgRNA_29,rank05,spacer,1.6105477308294212
sgRNA_29,rank06,SL1,1.6322869955156951
sgRNA_29,rank06,SL2,1.407564766839378
sgRNA_29,rank06,SL3,-0.3502061855670103
sgRNA_29,rank06,TL,1.822295918367347
sgRNA_29,rank06,spacer,1.6105477308294212
sgRNA_29,rank07,SL1,1.6322869955156951
sgRNA_29,rank07,SL2,1.407564766839378
sgRNA_29,rank07,SL3,-0.3502061855670103
sgRNA_29,rank07,TL,1.822295918367347
sgRNA_29,rank07,spacer,1.6105477308294212
sgRNA_3,rank01,SL1,2.5206726457399102
sgRNA_3,rank01,SL2,1.9381347150259067
sgRNA_3,rank01,SL3,0.6622680412371135
sgRNA_3,rank01,TL,1.9919897959183674
sgRNA_3,rank01,spacer,2.6038073394495416
sgRNA_3,rank02,SL1,2.5206726457399102
sgRNA_3,rank02,SL2,1.9381347150259067
sgRNA_3,rank02,SL3,0.6622680412371135
sgRNA_3,rank02,TL,1.9919897959183674
sgRNA_3,rank02,spacer,2.6038073394495416
sgRNA_3,rank03,SL1,2.5206726457399102
sgRNA_3,rank03,SL2,1.9381347150259067
sgRNA_3,rank03,SL3,0.6622680412371135
sgRNA_3,rank03,TL,1.9919897959183674
sgRNA_3,rank03,spacer,2.6038073394495416
sgRNA_3,rank04,SL1,2.5206726457399102
sgRNA_3,rank04,SL2,1.9381347150259067
sgRNA_3,rank04,SL3,0.6622680412371135
sgRNA_3,rank04,TL,1.9919897959183674
sgRNA_3,rank04,spacer,2.6038073394495416
sgRNA_3,rank05,SL1,2.5206726457399102
sgRNA_3,rank05,SL2,1.9381347150259067
sgRNA_3,rank05,SL3,0.6622680412371135
sgRNA_3,rank05,TL,1.9919897959183674
sgRNA_3,rank05,spacer,2.6038073394495416
sgRNA_3,rank06,SL1,2.5206726457399102
sgRNA_3,rank06,SL2,1.9381347150259067
sgRNA_3,rank06,SL3,0.6622680412371135
sgRNA_3,rank06,TL,1.9919897959183674
sgRNA_3,rank06,spacer,2.6038073394495416
sgRNA_3,rank07,SL1,2.5206726457399102
sgRNA_3,rank07,SL2,1.9381347150259067
sgRNA_3,rank07,SL3,0.6622680412371135
sgRNA_3,rank07,TL,1.9919897959183674
sgRNA_3,rank07,spacer,2.6038073394495416
sgRNA_3,rank08,SL1,2.5206726457399102
sgRNA_3,rank08,SL2,1.9381347150259067
sgRNA_3,rank08,SL3,0.6622680412371135
sgRNA_3,rank08,TL,1.9919897959183674
sgRNA_3,rank08,spacer,2.6038073394495416
sgRNA_3,rank09,SL1,2.5206726457399102
sgRNA_3,rank09,SL2,1.9381347150259067
sgRNA_3,rank09,SL3,0.6622680412371135
sgRNA_3,rank09,TL,1.9919897959183674
sgRNA_3,rank09,spacer,2.6038073394495416
sgRNA_3,rank10,SL1,2.5206726457399102
sgRNA_3,rank10,SL2,1.9381347150259067
sgRNA_3,rank10,SL3,0.6622680412371135
sgRNA_3,rank10,TL,1.9919897959183674
sgRNA_3,rank10,spacer,2.6038073394495416
sgRNA_3,rank11,SL1,2.5206726457399102
sgRNA_3,rank11,SL2,1.9381347150259067
sgRNA_3,rank11,SL3,0.6622680412371135
sgRNA_3,rank11,TL,1.9919897959183674
sgRNA_3,rank11,spacer,2.6038073394495416
sgRNA_3,rank12,SL1,2.5206726457399102
sgRNA_3,rank12,SL2,1.9381347150259067
sgRNA_3,rank12,SL3,0.6622680412371135
sgRNA_3,rank12,TL,1.9919897959183674
sgRNA_3,rank12,spacer,2.6038073394495416
sgRNA_30,rank01,SL1,1.9204932735426008
sgRNA_30,rank01,SL2,1.7792746113989637
sgRNA_30,rank01,SL3,0.0
sgRNA_30,rank01,TL,0.574234693877551
sgRNA_30,rank01,spacer,1.843410138248848
sgRNA_30,rank02,SL1,1.9204932735426008
sgRNA_30,rank02,SL2,1.7792746113989637
sgRNA_30,rank02,SL3,0.0
sgRNA_30,rank02,TL,0.574234693877551
sgRNA_30,rank02,spacer,1.843410138248848
sgRNA_30,rank03,SL1,1.9204932735426008
sgRNA_30,rank03,SL2,1.7792746113989637
sgRNA_30,rank03,SL3,0.0
sgRNA_30,rank03,TL,0.574234693877551
sgRNA_30,rank03,spacer,1.843410138248848
sgRNA_30,rank04,SL1,1.9204932735426008
sgRNA_30,rank04,SL2,1.7792746113989637
sgRNA_30,rank04,SL3,0.0
sgRNA_30,rank04,TL,0.574234693877551
sgRNA_30,rank04,spacer,1.843410138248848
sgRNA_30,rank05,SL1,1.9204932735426008
sgRNA_30,rank05,SL2,1.7792746113989637
sgRNA_30,rank05,SL3,0.0
sgRNA_30,rank05,TL,0.574234693877551
sgRNA_30,rank05,spacer,1.843410138248848
sgRNA_30,rank06,SL1,1.9204932735426008
sgRNA_30,rank06,SL2,1.7792746113989637
sgRNA_30,rank06,SL3,0.0
sgRNA_30,rank06,TL,0.574234693877551
sgRNA_30,rank06,spacer,1.843410138248848
sgRNA_30,rank07,SL1,1.9204932735426008
sgRNA_30,rank07,SL2,1.7792746113989637
sgRNA_30,rank07,SL3,0.0
sgRNA_30,rank07,TL,0.574234693877551
sgRNA_30,rank07,spacer,1.843410138248848
sgRNA_30,rank08,SL1,1.9204932735426008
sgRNA_30,rank08,SL2,1.7792746113989637
sgRNA_30,rank08,SL3,0.0
sgRNA_30,rank08,TL,0.574234693877551
sgRNA_30,rank08,spacer,1.843410138248848
sgRNA_30,rank09,SL1,1.9204932735426008
sgRNA_30,rank09,SL2,1.7792746113989637
sgRNA_30,rank09,SL3,0.0
sgRNA_30,rank09,TL,0.574234693877551
sgRNA_30,rank09,spacer,1.843410138248848
sgRNA_30,rank10,SL1,1.9204932735426008
sgRNA_30,rank10,SL2,1.7792746113989637
sgRNA_30,rank10,SL3,0.0
sgRNA_30,rank10,TL,0.574234693877551
sgRNA_30,rank10,spacer,1.843410138248848
sgRNA_30,rank11,SL1,1.9204932735426008
sgRNA_30,rank11,SL2,1.7792746113989637
sgRNA_30,rank11,SL3,0.0
sgRNA_30,rank11,TL,0.574234693877551
sgRNA_30,rank11,spacer,1.843410138248848
sgRNA_30,rank12,SL1,1.9204932735426008
sgRNA_30,rank12,SL2,1.7792746113989637
sgRNA_30,rank12,SL3,0.0
sgRNA_30,rank12,TL,0.574234693877551
sgRNA_30,rank12,spacer,1.843410138248848
sgRNA_30,rank13,SL1,1.9204932735426008
sgRNA_30,rank13,SL2,1.7792746113989637
sgRNA_30,rank13,SL3,0.0
sgRNA_30,rank13,TL,0.574234693877551
sgRNA_30,rank13,spacer,1.843410138248848
sgRNA_31,rank01,SL1,1.862286995515695
sgRNA_31,rank01,SL2,2.2261658031088083
sgRNA_31,rank01,SL3,-0.35051546391752575
sgRNA_31,rank01,TL,-0.336734693877551
sgRNA_31,rank01,spacer,2.2198435054773085
sgRNA_31,rank02,SL1,1.862286995515695
sgRNA_31,rank02,SL2,2.2261658031088083
sgRNA_31,rank02,SL3,-0.35051546391752575
sgRNA_31,rank02,TL,-0.336734693877551
sgRNA_31,rank02,spacer,2.2198435054773085
sgRNA_31,rank03,SL1,1.862286995515695
sgRNA_31,rank03,SL2,2.2261658031088083
sgRNA_31,rank03,SL3,-0.35051546391752575
sgRNA_31,rank03,TL,-0.336734693877551
sgRNA_31,rank03,spacer,2.2198435054773085
sgRNA_31,rank04,SL1,1.862286995515695
sgRNA_31,rank04,SL2,2.2261658031088083
sgRNA_31,rank04,SL3,-0.35051546391752575
sgRNA_31,rank04,TL,-0.336734693877551
sgRNA_31,rank04,spacer,2.2198435054773085
sgRNA_31,rank05,SL1,1.862286995515695
sgRNA_31,rank05,SL2,2.2261658031088083
sgRNA_31,rank05,SL3,-0.35051546391752575
sgRNA_31,rank05,TL,-0.336734693877551
sgRNA_31,rank05,spacer,2.2198435054773085
sgRNA_31,rank06,SL1,1.862286995515695
sgRNA_31,rank06,SL2,2.2261658031088083
sgRNA_31,rank06,SL3,-0.35051546391752575
sgRNA_31,rank06,TL,-0.336734693877551
sgRNA_31,rank06,spacer,2.2198435054773085
sgRNA_31,rank07,SL1,1.862286995515695
sgRNA_31,rank07,SL2,2.2261658031088083
sgRNA_31,rank07,SL3,-0.35051546391752575
sgRNA_31,rank07,TL,-0.336734693877551
sgRNA_31,rank07,spacer,2.2198435054773085
sgRNA_31,rank08,SL1,1.862286995515695
sgRNA_31,rank08,SL2,2.2261658031088083
sgRNA_31,rank08,SL3,-0.35051546391752575
sgRNA_31,rank08,TL,-0.336734693877551
sgRNA_31,rank08,spacer,2.2198435054773085
sgRNA_32,rank01,SL1,2.630448430493274
sgRNA_32,rank01,SL2,2.3152331606217613
sgRNA_32,rank01,SL3,1.3761855670103094
sgRNA_32,rank01,TL,1.0521938775510205
sgRNA_32,rank01,spacer,2.5571762870514823
sgRNA_32,rank02,SL1,2.630448430493274
sgRNA_32,rank02,SL2,2.3152331606217613
sgRNA_32,rank02,SL3,1.3761855670103094
sgRNA_32,rank02,TL,1.0521938775510205
sgRNA_32,rank02,spacer,2.5571762870514823
sgRNA_32,rank03,SL1,2.630448430493274
sgRNA_32,rank03,SL2,2.3152331606217613
sgRNA_32,rank03,SL3,1.3761855670103094
sgRNA_32,rank03,TL,1.0521938775510205
sgRNA_32,rank03,spacer,2.5571762870514823
sgRNA_32,rank04,SL1,2.630448430493274
sgRNA_32,rank04,SL2,2.3152331606217613
sgRNA_32,rank04,SL3,1.3761855670103094
sgRNA_32,rank04,TL,1.0521938775510205
sgRNA_32,rank04,spacer,2.5571762870514823
sgRNA_32,rank05,SL1,2.630448430493274
sgRNA_32,rank05,SL2,2.3152331606217613
sgRNA_32,rank05,SL3,1.3761855670103094
sgRNA_32,rank05,TL,1.0521938775510205
sgRNA_32,rank05,spacer,2.5571762870514823
sgRNA_32,rank06,SL1,2.630448430493274
sgRNA_32,rank06,SL2,2.3152331606217613
sgRNA_32,rank06,SL3,1.3761855670103094
sgRNA_32,rank06,TL,1.0521938775510205
sgRNA_32,rank06,spacer,2.5571762870514823
sgRNA_32,rank07,SL1,2.630448430493274
sgRNA_32,rank07,SL2,2.3152331606217613
sgRNA_32,rank07,SL3,1.3761855670103094
sgRNA_32,rank07,TL,1.0521938775510205
sgRNA_32,rank07,spacer,2.5571762870514823
sgRNA_32,rank08,SL1,2.630448430493274
sgRNA_32,rank08,SL2,2.3152331606217613
sgRNA_32,rank08,SL3,1.3761855670103094
sgRNA_32,rank08,TL,1.0521938775510205
sgRNA_32,rank08,spacer,2.5571762870514823
sgRNA_32,rank09,SL1,2.630448430493274
sgRNA_32,rank09,SL2,2.3152331606217613
sgRNA_32,rank09,SL3,1.3761855670103094
sgRNA_32,rank09,TL,1.0521938775510205
sgRNA_32,rank09,spacer,2.5571762870514823
sgRNA_32,rank10,SL1,2.630448430493274
sgRNA_32,rank10,SL2,2.3152331606217613
sgRNA_32,rank10,SL3,1.3761855670103094
sgRNA_32,rank10,TL,1.0521938775510205
sgRNA_32,rank10,spacer,2.5571762870514823
sgRNA_32,rank11,SL1,2.630448430493274
sgRNA_32,rank11,SL2,2.3152331606217613
sgRNA_32,rank11,SL3,1.3761855670103094
sgRNA_32,rank11,TL,1.0521938775510205
sgRNA_32,rank11,spacer,2.5571762870514823
sgRNA_32,rank12,SL1,2.630448430493274
sgRNA_32,rank12,SL2,2.3152331606217613
sgRNA_32,rank12,SL3,1.3761855670103094
sgRNA_32,rank12,TL,1.0521938775510205
sgRNA_32,rank12,spacer,2.5571762870514823
sgRNA_33,rank01,SL1,1.9338116591928252
sgRNA_33,rank01,SL2,1.5095336787564766
sgRNA_33,rank01,SL3,0.6435051546391752
sgRNA_33,rank01,TL,2.323775510204082
sgRNA_33,rank01,spacer,1.8926708074534164
sgRNA_33,rank02,SL1,1.9338116591928252
sgRNA_33,rank02,SL2,1.5095336787564766
sgRNA_33,rank02,SL3,0.6435051546391752
sgRNA_33,rank02,TL,2.323775510204082
sgRNA_33,rank02,spacer,1.8926708074534164
sgRNA_33,rank03,SL1,1.9338116591928252
sgRNA_33,rank03,SL2,1.5095336787564766
sgRNA_33,rank03,SL3,0.6435051546391752
sgRNA_33,rank03,TL,2.323775510204082
sgRNA_33,rank03,spacer,1.8926708074534164
sgRNA_33,rank04,SL1,1.9338116591928252
sgRNA_33,rank04,SL2,1.5095336787564766
sgRNA_33,rank04,SL3,0.6435051546391752
sgRNA_33,rank04,TL,2.323775510204082
sgRNA_33,rank04,spacer,1.8926708074534164
sgRNA_33,rank05,SL1,1.9338116591928252
sgRNA_33,rank05,SL2,1.5095336787564766
sgRNA_33,rank05,SL3,0.6435051546391752
sgRNA_33,rank05,TL,2.323775510204082
sgRNA_33,rank05,spacer,1.8926708074534164
sgRNA_33,rank06,SL1,1.9338116591928252
sgRNA_33,rank06,SL2,1.5095336787564766
sgRNA_33,rank06,SL3,0.6435051546391752
sgRNA_33,rank06,TL,2.323775510204082
sgRNA_33,rank06,spacer,1.8926708074534164
sgRNA_33,rank07,SL1,1.9338116591928252
sgRNA_33,rank07,SL2,1.5095336787564766
sgRNA_33,rank07,SL3,0.6435051546391752
sgRNA_33,rank07,TL,2.323775510204082
sgRNA_33,rank07,spacer,1.8926708074534164
sgRNA_33,rank08,SL1,1.9338116591928252
sgRNA_33,rank08,SL2,1.5095336787564766
sgRNA_33,rank08,SL3,0.6435051546391752
sgRNA_33,rank08,TL,2.323775510204082
sgRNA_33,rank08,spacer,1.8926708074534164
sgRNA_33,rank09,SL1,1.9338116591928252
sgRNA_33,rank09,SL2,1.5095336787564766
sgRNA_33,rank09,SL3,0.6435051546391752
sgRNA_33,rank09,TL,2.323775510204082
sgRNA_33,rank09,spacer,1.8926708074534164
sgRNA_33,rank10,SL1,1.9338116591928252
sgRNA_33,rank10,SL2,1.5095336787564766
sgRNA_33,rank10,SL3,0.6435051546391752
sgRNA_33,rank10,TL,2.323775510204082
sgRNA_33,rank10,spacer,1.8926708074534164
sgRNA_34,rank01,SL1,1.8307174887892377
sgRNA_34,rank01,SL2,2.1146113989637305
sgRNA_34,rank01,SL3,-0.030927835051546393
sgRNA_34,rank01,TL,2.0201530612244896
sgRNA_34,rank01,spacer,2.3356346749226007
sgRNA_34,rank02,SL1,1.8307174887892377
sgRNA_34,rank02,SL2,2.1146113989637305
sgRNA_34,rank02,SL3,-0.030927835051546393
sgRNA_34,rank02,TL,2.0201530612244896
sgRNA_34,rank02,spacer,2.3356346749226007
sgRNA_34,rank03,SL1,1.8307174887892377
sgRNA_34,rank03,SL2,2.1146113989637305
sgRNA_34,rank03,SL3,-0.030927835051546393
sgRNA_34,rank03,TL,2.0201530612244896
sgRNA_34,rank03,spacer,2.3356346749226007
sgRNA_34,rank04,SL1,1.8307174887892377
sgRNA_34,rank04,SL2,2.1146113989637305
sgRNA_34,rank04,SL3,-0.030927835051546393
sgRNA_34,rank04,TL,2.0201530612244896
sgRNA_34,rank04,spacer,2.3356346749226007
sgRNA_34,rank05,SL1,1.8307174887892377
sgRNA_34,rank05,SL2,2.1146113989637305
sgRNA_34,rank05,SL3,-0.030927835051546393
sgRNA_34,rank05,TL,2.0201530612244896
sgRNA_34,rank05,spacer,2.3356346749226007
sgRNA_34,rank06,SL1,1.8307174887892377
sgRNA_34,rank06,SL2,2.1146113989637305
sgRNA_34,rank06,SL3,-0.030927835051546393
sgRNA_34,rank06,TL,2.0201530612244896
sgRNA_34,rank06,spacer,2.3356346749226007
sgRNA_34,rank07,SL1,1.8307174887892377
sgRNA_34,rank07,SL2,2.1146113989637305
sgRNA_34,rank07,SL3,-0.030927835051546393
sgRNA_34,rank07,TL,2.0201530612244896
sgRNA_34,rank07,spacer,2.3356346749226007
sgRNA_34,rank08,SL1,1.8307174887892377
sgRNA_34,rank08,SL2,2.1146113989637305
sgRNA_34,rank08,SL3,-0.030927835051546393
sgRNA_34,rank08,TL,2.0201530612244896
sgRNA_34,rank08,spacer,2.3356346749226007
sgRNA_34,rank09,SL1,1.8307174887892377
sgRNA_34,rank09,SL2,2.1146113989637305
sgRNA_34,rank09,SL3,-0.030927835051546393
sgRNA_34,rank09,TL,2.0201530612244896
sgRNA_34,rank09,spacer,2.3356346749226007
sgRNA_34,rank10,SL1,1.8307174887892377
sgRNA_34,rank10,SL2,2.1146113989637305
sgRNA_34,rank10,SL3,-0.030927835051546393
sgRNA_34,rank10,TL,2.0201530612244896
sgRNA_34,rank10,spacer,2.3356346749226007
sgRNA_34,rank11,SL1,1.8307174887892377
sgRNA_34,rank11,SL2,2.1146113989637305
sgRNA_34,rank11,SL3,-0.030927835051546393
sgRNA_34,rank11,TL,2.0201530612244896
sgRNA_34,rank11,spacer,2.3356346749226007
sgRNA_35,rank01,SL1,2.410134529147982
sgRNA_35,rank01,SL2,1.4748704663212433
sgRNA_35,rank01,SL3,0.21422680412371134
sgRNA_35,rank01,TL,1.981938775510204
sgRNA_35,rank01,spacer,2.351648522550544
sgRNA_35,rank02,SL1,2.410134529147982
sgRNA_35,rank02,SL2,1.4748704663212433
sgRNA_35,rank02,SL3,0.21422680412371134
sgRNA_35,rank02,TL,1.981938775510204
sgRNA_35,rank02,spacer,2.351648522550544
sgRNA_35,rank03,SL1,2.410134529147982
sgRNA_35,rank03,SL2,1.4748704663212433
sgRNA_35,rank03,SL3,0.21422680412371134
sgRNA_35,rank03,TL,1.981938775510204
sgRNA_35,rank03,spacer,2.351648522550544
sgRNA_35,rank04,SL1,2.410134529147982
sgRNA_35,rank04,SL2,1.4748704663212433
sgRNA_35,rank04,SL3,0.21422680412371134
sgRNA_35,rank04,TL,1.981938775510204
sgRNA_35,rank04,spacer,2.351648522550544
sgRNA_35,rank05,SL1,2.410134529147982
sgRNA_35,rank05,SL2,1.4748704663212433
sgRNA_35,rank05,SL3,0.21422680412371134
sgRNA_35,rank05,TL,1.981938775510204
sgRNA_35,rank05,spacer,2.351648522550544
sgRNA_35,rank06,SL1,2.410134529147982
sgRNA_35,rank06,SL2,1.4748704663212433
sgRNA_35,rank06,SL3,0.21422680412371134
sgRNA_35,rank06,TL,1.981938775510204
sgRNA_35,rank06,spacer,2.351648522550544
sgRNA_35,rank07,SL1,2.410134529147982
sgRNA_35,rank07,SL2,1.4748704663212433
sgRNA_35,rank07,SL3,0.21422680412371134
sgRNA_35,rank07,TL,1.981938775510204
sgRNA_35,rank07,spacer,2.351648522550544
sgRNA_35,rank08,SL1,2.410134529147982
sgRNA_35,rank08,SL2,1.4748704663212433
sgRNA_35,rank08,SL3,0.21422680412371134
sgRNA_35,rank08,TL,1.981938775510204
sgRNA_35,rank08,spacer,2.351648522550544
sgRNA_35,rank09,SL1,2.410134529147982
sgRNA_35,rank09,SL2,1.4748704663212433
sgRNA_35,rank09,SL3,0.21422680412371134
sgRNA_35,rank09,TL,1.981938775510204
sgRNA_35,rank09,spacer,2.351648522550544
sgRNA_35,rank10,SL1,2.410134529147982
sgRNA_35,rank10,SL2,1.4748704663212433
sgRNA_35,rank10,SL3,0.21422680412371134
sgRNA_35,rank10,TL,1.981938775510204
sgRNA_35,rank10,spacer,2.351648522550544
sgRNA_35,rank11,SL1,2.410134529147982
sgRNA_35,rank11,SL2,1.4748704663212433
sgRNA_35,rank11,SL3,0.21422680412371134
sgRNA_35,rank11,TL,1.981938775510204
sgRNA_35,rank11,spacer,2.351648522550544
sgRNA_35,rank12,SL1,2.410134529147982
sgRNA_35,rank12,SL2,1.4748704663212433
sgRNA_35,rank12,SL3,0.21422680412371134
sgRNA_35,rank12,TL,1.981938775510204
sgRNA_35,rank12,spacer,2.351648522550544
sgRNA_35,rank13,SL1,2.410134529147982
sgRNA_35,rank13,SL2,1.4748704663212433
sgRNA_35,rank13,SL3,0.21422680412371134
sgRNA_35,rank13,TL,1.981938775510204
sgRNA_35,rank13,spacer,2.351648522550544
sgRNA_36,rank01,SL1,1.4339013452914797
sgRNA_36,rank01,SL2,1.7021761658031087
sgRNA_36,rank01,SL3,-0.6597938144329897
sgRNA_36,rank01,TL,0.5812244897959183
sgRNA_36,rank01,spacer,1.8464241486068111
sgRNA_36,rank02,SL1,1.4339013452914797
sgRNA_36,rank02,SL2,1.7021761658031087
sgRNA_36,rank02,SL3,-0.6597938144329897
sgRNA_36,rank02,TL,0.5812244897959183
sgRNA_36,rank02,spacer,1.8464241486068111
sgRNA_36,rank03,SL1,1.4339013452914797
sgRNA_36,rank03,SL2,1.7021761658031087
sgRNA_36,rank03,SL3,-0.6597938144329897
sgRNA_36,rank03,TL,0.5812244897959183
sgRNA_36,rank03,spacer,1.8464241486068111
sgRNA_36,rank04,SL1,1.4339013452914797
sgRNA_36,rank04,SL2,1.7021761658031087
sgRNA_36,rank04,SL3,-0.6597938144329897
sgRNA_36,rank04,TL,0.5812244897959183
sgRNA_36,rank04,spacer,1.8464241486068111
sgRNA_36,rank05,SL1,1.4339013452914797
sgRNA_36,rank05,SL2,1.7021761658031087
sgRNA_36,rank05,SL3,-0.6597938144329897
sgRNA_36,rank05,TL,0.5812244897959183
sgRNA_36,rank05,spacer,1.8464241486068111
sgRNA_36,rank06,SL1,1.4339013452914797
sgRNA_36,rank06,SL2,1.7021761658031087
sgRNA_36,rank06,SL3,-0.6597938144329897
sgRNA_36,rank06,TL,0.5812244897959183
sgRNA_36,rank06,spacer,1.8464241486068111
sgRNA_36,rank07,SL1,1.4339013452914797
sgRNA_36,rank07,SL2,1.7021761658031087
sgRNA_36,rank07,SL3,-0.6597938144329897
sgRNA_36,rank07,TL,0.5812244897959183
sgRNA_36,rank07,spacer,1.8464241486068111
sgRNA_36,rank08,SL1,1.4339013452914797
sgRNA_36,rank08,SL2,1.7021761658031087
sgRNA_36,rank08,SL3,-0.6597938144329897
sgRNA_36,rank08,TL,0.5812244897959183
sgRNA_36,rank08,spacer,1.8464241486068111
sgRNA_36,rank09,SL1,1.4339013452914797
sgRNA_36,rank09,SL2,1.7021761658031087
sgRNA_36,rank09,SL3,-0.6597938144329897
sgRNA_36,rank09,TL,0.5812244897959183
sgRNA_36,rank09,spacer,1.8464241486068111
sgRNA_37,rank01,SL1,0.8822869955156951
sgRNA_37,rank01,SL2,1.3967875647668393
sgRNA_37,rank01,SL3,0.21092783505154641
sgRNA_37,rank01,TL,0.9441836734693878
sgRNA_37,rank01,spacer,1.0953894080996884
sgRNA_37,rank02,SL1,0.8822869955156951
sgRNA_37,rank02,SL2,1.3967875647668393
sgRNA_37,rank02,SL3,0.21092783505154641
sgRNA_37,rank02,TL,0.9441836734693878
sgRNA_37,rank02,spacer,1.0953894080996884
sgRNA_37,rank03,SL1,0.8822869955156951
sgRNA_37,rank03,SL2,1.3967875647668393
sgRNA_37,rank03,SL3,0.21092783505154641
sgRNA_37,rank03,TL,0.9441836734693878
sgRNA_37,rank03,spacer,1.0953894080996884
sgRNA_37,rank04,SL1,0.8822869955156951
sgRNA_37,rank04,SL2,1.3967875647668393
sgRNA_37,rank04,SL3,0.21092783505154641
sgRNA_37,rank04,TL,0.9441836734693878
sgRNA_37,rank04,spacer,1.0953894080996884
sgRNA_37,rank05,SL1,0.8822869955156951
sgRNA_37,rank05,SL2,1.3967875647668393
sgRNA_37,rank05,SL3,0.21092783505154641
sgRNA_37,rank05,TL,0.9441836734693878
sgRNA_37,rank05,spacer,1.0953894080996884
sgRNA_37,rank06,SL1,0.8822869955156951
sgRNA_37,rank06,SL2,1.3967875647668393
sgRNA_37,rank06,SL3,0.21092783505154641
sgRNA_37,rank06,TL,0.9441836734693878
sgRNA_37,rank06,spacer,1.0953894080996884
sgRNA_37,rank07,SL1,0.8822869955156951
sgRNA_37,rank07,SL2,1.3967875647668393
sgRNA_37,rank07,SL3,0.21092783505154641
sgRNA_37,rank07,TL,0.9441836734693878
sgRNA_37,rank07,spacer,1.0953894080996884
sgRNA_38,rank01,SL1,1.2218834080717489
sgRNA_38,rank01,SL2,1.8734715025906734
sgRNA_38,rank01,SL3,0.7092783505154638
sgRNA_38,rank01,TL,0.47806122448979593
sgRNA_38,rank01,spacer,1.3947384615384617
sgRNA_38,rank02,SL1,1.2218834080717489
sgRNA_38,rank02,SL2,1.8734715025906734
sgRNA_38,rank02,SL3,0.7092783505154638
sgRNA_38,rank02,TL,0.47806122448979593
sgRNA_38,rank02,spacer,1.3947384615384617
sgRNA_38,rank03,SL1,1.2218834080717489
sgRNA_38,rank03,SL2,1.8734715025906734
sgRNA_38,rank03,SL3,0.7092783505154638
sgRNA_38,rank03,TL,0.47806122448979593
sgRNA_38,rank03,spacer,1.3947384615384617
sgRNA_38,rank04,SL1,1.2218834080717489
sgRNA_38,rank04,SL2,1.8734715025906734
sgRNA_38,rank04,SL3,0.7092783505154638
sgRNA_38,rank04,TL,0.47806122448979593
sgRNA_38,rank04,spacer,1.3947384615384617
sgRNA_38,rank05,SL1,1.2218834080717489
sgRNA_38,rank05,SL2,1.8734715025906734
sgRNA_38,rank05,SL3,0.7092783505154638
sgRNA_38,rank05,TL,0.47806122448979593
sgRNA_38,rank05,spacer,1.3947384615384617
sgRNA_38,rank06,SL1,1.2218834080717489
sgRNA_38,rank06,SL2,1.8734715025906734
sgRNA_38,rank06,SL3,0.7092783505154638
sgRNA_38,rank06,TL,0.47806122448979593
sgRNA_38,rank06,spacer,1.3947384615384617
sgRNA_38,rank07,SL1,1.2218834080717489
sgRNA_38,rank07,SL2,1.8734715025906734
sgRNA_38,rank07,SL3,0.7092783505154638
sgRNA_38,rank07,TL,0.47806122448979593
sgRNA_38,rank07,spacer,1.3947384615384617
sgRNA_38,rank08,SL1,1.2218834080717489
sgRNA_38,rank08,SL2,1.8734715025906734
sgRNA_38,rank08,SL3,0.7092783505154638
sgRNA_38,rank08,TL,0.47806122448979593
sgRNA_38,rank08,spacer,1.3947384615384617
sgRNA_38,rank09,SL1,1.2218834080717489
sgRNA_38,rank09,SL2,1.8734715025906734
sgRNA_38,rank09,SL3,0.7092783505154638
sgRNA_38,rank09,TL,0.47806122448979593
sgRNA_38,rank09,spacer,1.3947384615384617
sgRNA_39,rank01,SL1,1.0754260089686098
sgRNA_39,rank01,SL2,1.460880829015544
sgRNA_39,rank01,SL3,1.495360824742268
sgRNA_39,rank01,TL,1.1277551020408163
sgRNA_39,rank01,spacer,1.5360815047021943
sgRNA_39,rank02,SL1,1.0754260089686098
sgRNA_39,rank02,SL2,1.460880829015544
sgRNA_39,rank02,SL3,1.495360824742268
sgRNA_39,rank02,TL,1.1277551020408163
sgRNA_39,rank02,spacer,1.5360815047021943
sgRNA_39,rank03,SL1,1.0754260089686098
sgRNA_39,rank03,SL2,1.460880829015544
sgRNA_39,rank03,SL3,1.495360824742268
sgRNA_39,rank03,TL,1.1277551020408163
sgRNA_39,rank03,spacer,1.5360815047021943
sgRNA_39,rank04,SL1,1.0754260089686098
sgRNA_39,rank04,SL2,1.460880829015544
sgRNA_39,rank04,SL3,1.495360824742268
sgRNA_39,rank04,TL,1.1277551020408163
sgRNA_39,rank04,spacer,1.5360815047021943
sgRNA_39,rank05,SL1,1.0754260089686098
sgRNA_39,rank05,SL2,1.460880829015544
sgRNA_39,rank05,SL3,1.495360824742268
sgRNA_39,rank05,TL,1.1277551020408163
sgRNA_39,rank05,spacer,1.5360815047021943
sgRNA_39,rank06,SL1,1.0754260089686098
sgRNA_39,rank06,SL2,1.460880829015544
sgRNA_39,rank06,SL3,1.495360824742268
sgRNA_39,rank06,TL,1.1277551020408163
sgRNA_39,rank06,spacer,1.5360815047021943
sgRNA_4,rank01,SL1,1.013542600896861
sgRNA_4,rank01,SL2,1.417979274611399
sgRNA_4,rank01,SL3,0.9460824742268041
sgRNA_4,rank01,TL,-0.15352040816326532
sgRNA_4,rank01,spacer,1.3927414330218069
sgRNA_4,rank02,SL1,1.013542600896861
sgRNA_4,rank02,SL2,1.417979274611399
sgRNA_4,rank02,SL3,0.9460824742268041
sgRNA_4,rank02,TL,-0.15352040816326532
sgRNA_4,rank02,spacer,1.3927414330218069
sgRNA_4,rank03,SL1,1.013542600896861
sgRNA_4,rank03,SL2,1.417979274611399
sgRNA_4,rank03,SL3,0.9460824742268041
sgRNA_4,rank03,TL,-0.15352040816326532
sgRNA_4,rank03,spacer,1.3927414330218069
sgRNA_4,rank04,SL1,1.013542600896861
sgRNA_4,rank04,SL2,1.417979274611399
sgRNA_4,rank04,SL3,0.9460824742268041
sgRNA_4,rank04,TL,-0.15352040816326532
sgRNA_4,rank04,spacer,1.3927414330218069
sgRNA_4,rank05,SL1,1.013542600896861
sgRNA_4,rank05,SL2,1.417979274611399
sgRNA_4,rank05,SL3,0.9460824742268041
sgRNA_4,rank05,TL,-0.15352040816326532
sgRNA_4,rank05,spacer,1.3927414330218069
sgRNA_4,rank06,SL1,1.013542600896861
sgRNA_4,rank06,SL2,1.417979274611399
sgRNA_4,rank06,SL3,0.9460824742268041
sgRNA_4,rank06,TL,-0.15352040816326532
sgRNA_4,rank06,spacer,1.3927414330218069
sgRNA_4,rank07,SL1,1.013542600896861
sgRNA_4,rank07,SL2,1.417979274611399
sgRNA_4,rank07,SL3,0.9460824742268041
sgRNA_4,rank07,TL,-0.15352040816326532
sgRNA_4,rank07,spacer,1.3927414330218069
sgRNA_40,rank01,SL1,1.3983856502242153
sgRNA_40,rank01,SL2,0.7724870466321244
sgRNA_40,rank01,SL3,0.0
sgRNA_40,rank01,TL,1.5127551020408163
sgRNA_40,rank01,spacer,1.0246034214618975
sgRNA_40,rank02,SL1,1.3983856502242153
sgRNA_40,rank02,SL2,0.7724870466321244
sgRNA_40,rank02,SL3,0.0
sgRNA_40,rank02,TL,1.5127551020408163
sgRNA_40,rank02,spacer,1.0246034214618975
sgRNA_40,rank03,SL1,1.3983856502242153
sgRNA_40,rank03,SL2,0.7724870466321244
sgRNA_40,rank03,SL3,0.0
sgRNA_40,rank03,TL,1.5127551020408163
sgRNA_40,rank03,spacer,1.0246034214618975
sgRNA_40,rank04,SL1,1.3983856502242153
sgRNA_40,rank04,SL2,0.7724870466321244
sgRNA_40,rank04,SL3,0.0
sgRNA_40,rank04,TL,1.5127551020408163
sgRNA_40,rank04,spacer,1.0246034214618975
sgRNA_40,rank05,SL1,1.3983856502242153
sgRNA_40,rank05,SL2,0.7724870466321244
sgRNA_40,rank05,SL3,0.0
sgRNA_40,rank05,TL,1.5127551020408163
sgRNA_40,rank05,spacer,1.0246034214618975
sgRNA_40,rank06,SL1,1.3983856502242153
sgRNA_40,rank06,SL2,0.7724870466321244
sgRNA_40,rank06,SL3,0.0
sgRNA_40,rank06,TL,1.5127551020408163
sgRNA_40,rank06,spacer,1.0246034214618975
sgRNA_40,rank07,SL1,1.3983856502242153
sgRNA_40,rank07,SL2,0.7724870466321244
sgRNA_40,rank07,SL3,0.0
sgRNA_40,rank07,TL,1.5127551020408163
sgRNA_40,rank07,spacer,1.0246034214618975
sgRNA_41,rank01,SL1,1.9568609865470852
sgRNA_41,rank01,SL2,2.2007772020725387
sgRNA_41,rank01,SL3,-0.6907216494845361
sgRNA_41,rank01,TL,1.816938775510204
sgRNA_41,rank01,spacer,1.7619435736677118
sgRNA_41,rank02,SL1,1.9568609865470852
sgRNA_41,rank02,SL2,2.2007772020725387
sgRNA_41,rank02,SL3,-0.6907216494845361
sgRNA_41,rank02,TL,1.816938775510204
sgRNA_41,rank02,spacer,1.7619435736677118
sgRNA_41,rank03,SL1,1.9568609865470852
sgRNA_41,rank03,SL2,2.2007772020725387
sgRNA_41,rank03,SL3,-0.6907216494845361
sgRNA_41,rank03,TL,1.816938775510204
sgRNA_41,rank03,spacer,1.7619435736677118
sgRNA_41,rank04,SL1,1.9568609865470852
sgRNA_41,rank04,SL2,2.2007772020725387
sgRNA_41,rank04,SL3,-0.6907216494845361
sgRNA_41,rank04,TL,1.816938775510204
sgRNA_41,rank04,spacer,1.7619435736677118
sgRNA_41,rank05,SL1,1.9568609865470852
sgRNA_41,rank05,SL2,2.2007772020725387
sgRNA_41,rank05,SL3,-0.6907216494845361
sgRNA_41,rank05,TL,1.816938775510204
sgRNA_41,rank05,spacer,1.7619435736677118
sgRNA_41,rank06,SL1,1.9568609865470852
sgRNA_41,rank06,SL2,2.2007772020725387
sgRNA_41,rank06,SL3,-0.6907216494845361
sgRNA_41,rank06,TL,1.816938775510204
sgRNA_41,rank06,spacer,1.7619435736677118
sgRNA_41,rank07,SL1,1.9568609865470852
sgRNA_41,rank07,SL2,2.2007772020725387
sgRNA_41,rank07,SL3,-0.6907216494845361
sgRNA_41,rank07,TL,1.816938775510204
sgRNA_41,rank07,spacer,1.7619435736677118
sgRNA_41,rank08,SL1,1.9568609865470852
sgRNA_41,rank08,SL2,2.2007772020725387
sgRNA_41,rank08,SL3,-0.6907216494845361
sgRNA_41,rank08,TL,1.816938775510204
sgRNA_41,rank08,spacer,1.7619435736677118
sgRNA_41,rank09,SL1,1.9568609865470852
sgRNA_41,rank09,SL2,2.2007772020725387
sgRNA_41,rank09,SL3,-0.6907216494845361
sgRNA_41,rank09,TL,1.816938775510204
sgRNA_41,rank09,spacer,1.7619435736677118
sgRNA_41,rank10,SL1,1.9568609865470852
sgRNA_41,rank10,SL2,2.2007772020725387
sgRNA_41,rank10,SL3,-0.6907216494845361
sgRNA_41,rank10,TL,1.816938775510204
sgRNA_41,rank10,spacer,1.7619435736677118
sgRNA_41,rank11,SL1,1.9568609865470852
sgRNA_41,rank11,SL2,2.2007772020725387
sgRNA_41,rank11,SL3,-0.6907216494845361
sgRNA_41,rank11,TL,1.816938775510204
sgRNA_41,rank11,spacer,1.7619435736677118
sgRNA_41,rank12,SL1,1.9568609865470852
sgRNA_41,rank12,SL2,2.2007772020725387
sgRNA_41,rank12,SL3,-0.6907216494845361
sgRNA_41,rank12,TL,1.816938775510204
sgRNA_41,rank12,spacer,1.7619435736677118
sgRNA_41,rank13,SL1,1.9568609865470852
sgRNA_41,rank13,SL2,2.2007772020725387
sgRNA_41,rank13,SL3,-0.6907216494845361
sgRNA_41,rank13,TL,1.816938775510204
sgRNA_41,rank13,spacer,1.7619435736677118
sgRNA_42,rank01,SL1,0.7871300448430494
sgRNA_42,rank01,SL2,1.6872020725388601
sgRNA_42,rank01,SL3,0.22783505154639178
sgRNA_42,rank01,TL,0.8099999999999999
sgRNA_42,rank01,spacer,1.063703125
sgRNA_42,rank02,SL1,0.7871300448430494
sgRNA_42,rank02,SL2,1.6872020725388601
sgRNA_42,rank02,SL3,0.22783505154639178
sgRNA_42,rank02,TL,0.8099999999999999
sgRNA_42,rank02,spacer,1.063703125
sgRNA_42,rank03,SL1,0.7871300448430494
sgRNA_42,rank03,SL2,1.6872020725388601
sgRNA_42,rank03,SL3,0.22783505154639178
sgRNA_42,rank03,TL,0.8099999999999999
sgRNA_42,rank03,spacer,1.063703125
sgRNA_42,rank04,SL1,0.7871300448430494
sgRNA_42,rank04,SL2,1.6872020725388601
sgRNA_42,rank04,SL3,0.22783505154639178
sgRNA_42,rank04,TL,0.8099999999999999
sgRNA_42,rank04,spacer,1.063703125
sgRNA_42,rank05,SL1,0.7871300448430494
sgRNA_42,rank05,SL2,1.6872020725388601
sgRNA_42,rank05,SL3,0.22783505154639178
sgRNA_42,rank05,TL,0.8099999999999999
sgRNA_42,rank05,spacer,1.063703125
sgRNA_42,rank06,SL1,0.7871300448430494
sgRNA_42,rank06,SL2,1.6872020725388601
sgRNA_42,rank06,SL3,0.22783505154639178
sgRNA_42,rank06,TL,0.8099999999999999
sgRNA_42,rank06,spacer,1.063703125
sgRNA_43,rank01,SL1,0.7228699551569506
sgRNA_43,rank01,SL2,1.7251295336787564
sgRNA_43,rank01,SL3,1.2084536082474227
sgRNA_43,rank01,TL,2.273724489795918
sgRNA_43,rank01,spacer,1.94128164556962
sgRNA_43,rank02,SL1,0.7228699551569506
sgRNA_43,rank02,SL2,1.7251295336787564
sgRNA_43,rank02,SL3,1.2084536082474227
sgRNA_43,rank02,TL,2.273724489795918
sgRNA_43,rank02,spacer,1.94128164556962
sgRNA_43,rank03,SL1,0.7228699551569506
sgRNA_43,rank03,SL2,1.7251295336787564
sgRNA_43,rank03,SL3,1.2084536082474227
sgRNA_43,rank03,TL,2.273724489795918
sgRNA_43,rank03,spacer,1.94128164556962
sgRNA_43,rank04,SL1,0.7228699551569506
sgRNA_43,rank04,SL2,1.7251295336787564
sgRNA_43,rank04,SL3,1.2084536082474227
sgRNA_43,rank04,TL,2.273724489795918
sgRNA_43,rank04,spacer,1.94128164556962
sgRNA_43,rank05,SL1,0.7228699551569506
sgRNA_43,rank05,SL2,1.7251295336787564
sgRNA_43,rank05,SL3,1.2084536082474227
sgRNA_43,rank05,TL,2.273724489795918
sgRNA_43,rank05,spacer,1.94128164556962
sgRNA_43,rank06,SL1,0.7228699551569506
sgRNA_43,rank06,SL2,1.7251295336787564
sgRNA_43,rank06,SL3,1.2084536082474227
sgRNA_43,rank06,TL,2.273724489795918
sgRNA_43,rank06,spacer,1.94128164556962
sgRNA_43,rank07,SL1,0.7228699551569506
sgRNA_43,rank07,SL2,1.7251295336787564
sgRNA_43,rank07,SL3,1.2084536082474227
sgRNA_43,rank07,TL,2.273724489795918
sgRNA_43,rank07,spacer,1.94128164556962
sgRNA_43,rank08,SL1,0.7228699551569506
sgRNA_43,rank08,SL2,1.7251295336787564
sgRNA_43,rank08,SL3,1.2084536082474227
sgRNA_43,rank08,TL,2.273724489795918
sgRNA_43,rank08,spacer,1.94128164556962
sgRNA_43,rank09,SL1,0.7228699551569506
sgRNA_43,rank09,SL2,1.7251295336787564
sgRNA_43,rank09,SL3,1.2084536082474227
sgRNA_43,rank09,TL,2.273724489795918
sgRNA_43,rank09,spacer,1.94128164556962
sgRNA_43,rank10,SL1,0.7228699551569506
sgRNA_43,rank10,SL2,1.7251295336787564
sgRNA_43,rank10,SL3,1.2084536082474227
sgRNA_43,rank10,TL,2.273724489795918
sgRNA_43,rank10,spacer,1.94128164556962
sgRNA_43,rank11,SL1,0.7228699551569506
sgRNA_43,rank11,SL2,1.7251295336787564
sgRNA_43,rank11,SL3,1.2084536082474227
sgRNA_43,rank11,TL,2.273724489795918
sgRNA_43,rank11,spacer,1.94128164556962
sgRNA_43,rank12,SL1,0.7228699551569506
sgRNA_43,rank12,SL2,1.7251295336787564
sgRNA_43,rank12,SL3,1.2084536082474227
sgRNA_43,rank12,TL,2.273724489795918
sgRNA_43,rank12,spacer,1.94128164556962
sgRNA_43,rank13,SL1,0.7228699551569506
sgRNA_43,rank13,SL2,1.7251295336787564
sgRNA_43,rank13,SL3,1.2084536082474227
sgRNA_43,rank13,TL,2.273724489795918
sgRNA_43,rank13,spacer,1.94128164556962
sgRNA_44,rank01,SL1,1.0394170403587444
sgRNA_44,rank01,SL2,1.5865284974093263
sgRNA_44,rank01,SL3,-1.0
sgRNA_44,rank01,TL,2.011071428571429
sgRNA_44,rank01,spacer,1.965228346456693
sgRNA_44,rank02,SL1,1.0394170403587444
sgRNA_44,rank02,SL2,1.5865284974093263
sgRNA_44,rank02,SL3,-1.0
sgRNA_44,rank02,TL,2.011071428571429
sgRNA_44,rank02,spacer,1.965228346456693
sgRNA_44,rank03,SL1,1.0394170403587444
sgRNA_44,rank03,SL2,1.5865284974093263
sgRNA_44,rank03,SL3,-1.0
sgRNA_44,rank03,TL,2.011071428571429
sgRNA_44,rank03,spacer,1.965228346456693
sgRNA_44,rank04,SL1,1.0394170403587444
sgRNA_44,rank04,SL2,1.5865284974093263
sgRNA_44,rank04,SL3,-1.0
sgRNA_44,rank04,TL,2.011071428571429
sgRNA_44,rank04,spacer,1.965228346456693
sgRNA_44,rank05,SL1,1.0394170403587444
sgRNA_44,rank05,SL2,1.5865284974093263
sgRNA_44,rank05,SL3,-1.0
sgRNA_44,rank05,TL,2.011071428571429
sgRNA_44,rank05,spacer,1.965228346456693
sgRNA_44,rank06,SL1,1.0394170403587444
sgRNA_44,rank06,SL2,1.5865284974093263
sgRNA_44,rank06,SL3,-1.0
sgRNA_44,rank06,TL,2.011071428571429
sgRNA_44,rank06,spacer,1.965228346456693
sgRNA_44,rank07,SL1,1.0394170403587444
sgRNA_44,rank07,SL2,1.5865284974093263
sgRNA_44,rank07,SL3,-1.0
sgRNA_44,rank07,TL,2.011071428571429
sgRNA_44,rank07,spacer,1.965228346456693
sgRNA_45,rank01,SL1,1.7207174887892376
sgRNA_45,rank01,SL2,1.7209844559585492
sgRNA_45,rank01,SL3,1.013298969072165
sgRNA_45,rank01,TL,0.4093877551020408
sgRNA_45,rank01,spacer,1.9739968652037618
sgRNA_45,rank02,SL1,1.7207174887892376
sgRNA_45,rank02,SL2,1.7209844559585492
sgRNA_45,rank02,SL3,1.013298969072165
sgRNA_45,rank02,TL,0.4093877551020408
sgRNA_45,rank02,spacer,1.9739968652037618
sgRNA_45,rank03,SL1,1.7207174887892376
sgRNA_45,rank03,SL2,1.7209844559585492
sgRNA_45,rank03,SL3,1.013298969072165
sgRNA_45,rank03,TL,0.4093877551020408
sgRNA_45,rank03,spacer,1.9739968652037618
sgRNA_45,rank04,SL1,1.7207174887892376
sgRNA_45,rank04,SL2,1.7209844559585492
sgRNA_45,rank04,SL3,1.013298969072165
sgRNA_45,rank04,TL,0.4093877551020408
sgRNA_45,rank04,spacer,1.9739968652037618
sgRNA_45,rank05,SL1,1.7207174887892376
sgRNA_45,rank05,SL2,1.7209844559585492
sgRNA_45,rank05,SL3,1.013298969072165
sgRNA_45,rank05,TL,0.4093877551020408
sgRNA_45,rank05,spacer,1.9739968652037618
sgRNA_45,rank06,SL1,1.7207174887892376
sgRNA_45,rank06,SL2,1.7209844559585492
sgRNA_45,rank06,SL3,1.013298969072165
sgRNA_45,rank06,TL,0.4093877551020408
sgRNA_45,rank06,spacer,1.9739968652037618
sgRNA_45,rank07,SL1,1.7207174887892376
sgRNA_45,rank07,SL2,1.7209844559585492
sgRNA_45,rank07,SL3,1.013298969072165
sgRNA_45,rank07,TL,0.4093877551020408
sgRNA_45,rank07,spacer,1.9739968652037618
sgRNA_45,rank08,SL1,1.7207174887892376
sgRNA_45,rank08,SL2,1.7209844559585492
sgRNA_45,rank08,SL3,1.013298969072165
sgRNA_45,rank08,TL,0.4093877551020408
sgRNA_45,rank08,spacer,1.9739968652037618
sgRNA_45,rank09,SL1,1.7207174887892376
sgRNA_45,rank09,SL2,1.7209844559585492
sgRNA_45,rank09,SL3,1.013298969072165
sgRNA_45,rank09,TL,0.4093877551020408
sgRNA_45,rank09,spacer,1.9739968652037618
sgRNA_46,rank01,SL1,0.7457399103139014
sgRNA_46,rank01,SL2,1.3771502590673577
sgRNA_46,rank01,SL3,-0.6597938144329897
sgRNA_46,rank01,TL,1.4966326530612244
sgRNA_46,rank01,spacer,1.2940775193798448
sgRNA_46,rank02,SL1,0.7457399103139014
sgRNA_46,rank02,SL2,1.3771502590673577
sgRNA_46,rank02,SL3,-0.6597938144329897
sgRNA_46,rank02,TL,1.4966326530612244
sgRNA_46,rank02,spacer,1.2940775193798448
sgRNA_46,rank03,SL1,0.7457399103139014
sgRNA_46,rank03,SL2,1.3771502590673577
sgRNA_46,rank03,SL3,-0.6597938144329897
sgRNA_46,rank03,TL,1.4966326530612244
sgRNA_46,rank03,spacer,1.2940775193798448
sgRNA_46,rank04,SL1,0.7457399103139014
sgRNA_46,rank04,SL2,1.3771502590673577
sgRNA_46,rank04,SL3,-0.6597938144329897
sgRNA_46,rank04,TL,1.4966326530612244
sgRNA_46,rank04,spacer,1.2940775193798448
sgRNA_46,rank05,SL1,0.7457399103139014
sgRNA_46,rank05,SL2,1.3771502590673577
sgRNA_46,rank05,SL3,-0.6597938144329897
sgRNA_46,rank05,TL,1.4966326530612244
sgRNA_46,rank05,spacer,1.2940775193798448
sgRNA_46,rank06,SL1,0.7457399103139014
sgRNA_46,rank06,SL2,1.3771502590673577
sgRNA_46,rank06,SL3,-0.6597938144329897
sgRNA_46,rank06,TL,1.4966326530612244
sgRNA_46,rank06,spacer,1.2940775193798448
sgRNA_46,rank07,SL1,0.7457399103139014
sgRNA_46,rank07,SL2,1.3771502590673577
sgRNA_46,rank07,SL3,-0.6597938144329897
sgRNA_46,rank07,TL,1.4966326530612244
sgRNA_46,rank07,spacer,1.2940775193798448
sgRNA_46,rank08,SL1,0.7457399103139014
sgRNA_46,rank08,SL2,1.3771502590673577
sgRNA_46,rank08,SL3,-0.6597938144329897
sgRNA_46,rank08,TL,1.4966326530612244
sgRNA_46,rank08,spacer,1.2940775193798448
sgRNA_46,rank09,SL1,0.7457399103139014
sgRNA_46,rank09,SL2,1.3771502590673577
sgRNA_46,rank09,SL3,-0.6597938144329897
sgRNA_46,rank09,TL,1.4966326530612244
sgRNA_46,rank09,spacer,1.2940775193798448
sgRNA_46,rank10,SL1,0.7457399103139014
sgRNA_46,rank10,SL2,1.3771502590673577
sgRNA_46,rank10,SL3,-0.6597938144329897
sgRNA_46,rank10,TL,1.4966326530612244
sgRNA_46,rank10,spacer,1.2940775193798448
sgRNA_46,rank11,SL1,0.7457399103139014
sgRNA_46,rank11,SL2,1.3771502590673577
sgRNA_46,rank11,SL3,-0.6597938144329897
sgRNA_46,rank11,TL,1.4966326530612244
sgRNA_46,rank11,spacer,1.2940775193798448
sgRNA_46,rank12,SL1,0.7457399103139014
sgRNA_46,rank12,SL2,1.3771502590673577
sgRNA_46,rank12,SL3,-0.6597938144329897
sgRNA_46,rank12,TL,1.4966326530612244
sgRNA_46,rank12,spacer,1.2940775193798448
sgRNA_47,rank01,SL1,1.4419282511210763
sgRNA_47,rank01,SL2,1.759481865284974
sgRNA_47,rank01,SL3,-0.35051546391752575
sgRNA_47,rank01,TL,-0.336734693877551
sgRNA_47,rank01,spacer,1.8969314641744548
sgRNA_47,rank02,SL1,1.4419282511210763
sgRNA_47,rank02,SL2,1.759481865284974
sgRNA_47,rank02,SL3,-0.35051546391752575
sgRNA_47,rank02,TL,-0.336734693877551
sgRNA_47,rank02,spacer,1.8969314641744548
sgRNA_47,rank03,SL1,1.4419282511210763
sgRNA_47,rank03,SL2,1.759481865284974
sgRNA_47,rank03,SL3,-0.35051546391752575
sgRNA_47,rank03,TL,-0.336734693877551
sgRNA_47,rank03,spacer,1.8969314641744548
sgRNA_47,rank04,SL1,1.4419282511210763
sgRNA_47,rank04,SL2,1.759481865284974
sgRNA_47,rank04,SL3,-0.35051546391752575
sgRNA_47,rank04,TL,-0.336734693877551
sgRNA_47,rank04,spacer,1.8969314641744548
sgRNA_47,rank05,SL1,1.4419282511210763
sgRNA_47,rank05,SL2,1.759481865284974
sgRNA_47,rank05,SL3,-0.35051546391752575
sgRNA_47,rank05,TL,-0.336734693877551
sgRNA_47,rank05,spacer,1.8969314641744548
sgRNA_47,rank06,SL1,1.4419282511210763
sgRNA_47,rank06,SL2,1.759481865284974
sgRNA_47,rank06,SL3,-0.35051546391752575
sgRNA_47,rank06,TL,-0.336734693877551
sgRNA_47,rank06,spacer,1.8969314641744548
sgRNA_47,rank07,SL1,1.4419282511210763
sgRNA_47,rank07,SL2,1.759481865284974
sgRNA_47,rank07,SL3,-0.35051546391752575
sgRNA_47,rank07,TL,-0.336734693877551
sgRNA_47,rank07,spacer,1.8969314641744548
sgRNA_47,rank08,SL1,1.4419282511210763
sgRNA_47,rank08,SL2,1.759481865284974
sgRNA_47,rank08,SL3,-0.35051546391752575
sgRNA_47,rank08,TL,-0.336734693877551
sgRNA_47,rank08,spacer,1.8969314641744548
sgRNA_47,rank09,SL1,1.4419282511210763
sgRNA_47,rank09,SL2,1.759481865284974
sgRNA_47,rank09,SL3,-0.35051546391752575
sgRNA_47,rank09,TL,-0.336734693877551
sgRNA_47,rank09,spacer,1.8969314641744548
sgRNA_47,rank10,SL1,1.4419282511210763
sgRNA_47,rank10,SL2,1.759481865284974
sgRNA_47,rank10,SL3,-0.35051546391752575
sgRNA_47,rank10,TL,-0.336734693877551
sgRNA_47,rank10,spacer,1.8969314641744548
sgRNA_47,rank11,SL1,1.4419282511210763
sgRNA_47,rank11,SL2,1.759481865284974
sgRNA_47,rank11,SL3,-0.35051546391752575
sgRNA_47,rank11,TL,-0.336734693877551
sgRNA_47,rank11,spacer,1.8969314641744548
sgRNA_48,rank01,SL1,0.23556053811659194
sgRNA_48,rank01,SL2,1.659637305699482
sgRNA_48,rank01,SL3,1.3609278350515464
sgRNA_48,rank01,TL,1.580969387755102
sgRNA_48,rank01,spacer,1.0625471698113207
sgRNA_48,rank02,SL1,0.23556053811659194
sgRNA_48,rank02,SL2,1.659637305699482
sgRNA_48,rank02,SL3,1.3609278350515464
sgRNA_48,rank02,TL,1.580969387755102
sgRNA_48,rank02,spacer,1.0625471698113207
sgRNA_48,rank03,SL1,0.23556053811659194
sgRNA_48,rank03,SL2,1.659637305699482
sgRNA_48,rank03,SL3,1.3609278350515464
sgRNA_48,rank03,TL,1.580969387755102
sgRNA_48,rank03,spacer,1.0625471698113207
sgRNA_48,rank04,SL1,0.23556053811659194
sgRNA_48,rank04,SL2,1.659637305699482
sgRNA_48,rank04,SL3,1.3609278350515464
sgRNA_48,rank04,TL,1.580969387755102
sgRNA_48,rank04,spacer,1.0625471698113207
sgRNA_48,rank05,SL1,0.23556053811659194
sgRNA_48,rank05,SL2,1.659637305699482
sgRNA_48,rank05,SL3,1.3609278350515464
sgRNA_48,rank05,TL,1.580969387755102
sgRNA_48,rank05,spacer,1.0625471698113207
sgRNA_48,rank06,SL1,0.23556053811659194
sgRNA_48,rank06,SL2,1.659637305699482
sgRNA_48,rank06,SL3,1.3609278350515464
sgRNA_48,rank06,TL,1.580969387755102
sgRNA_48,rank06,spacer,1.0625471698113207
sgRNA_48,rank07,SL1,0.23556053811659194
sgRNA_48,rank07,SL2,1.659637305699482
sgRNA_48,rank07,SL3,1.3609278350515464
sgRNA_48,rank07,TL,1.580969387755102
sgRNA_48,rank07,spacer,1.0625471698113207
sgRNA_49,rank01,SL1,1.446457399103139
sgRNA_49,rank01,SL2,1.982538860103627
sgRNA_49,rank01,SL3,1.5150515463917527
sgRNA_49,rank01,TL,0.41494897959183674
sgRNA_49,rank01,spacer,2.0069147286821707
sgRNA_49,rank02,SL1,1.446457399103139
sgRNA_49,rank02,SL2,1.982538860103627
sgRNA_49,rank02,SL3,1.5150515463917527
sgRNA_49,rank02,TL,0.41494897959183674
sgRNA_49,rank02,spacer,2.0069147286821707
sgRNA_49,rank03,SL1,1.446457399103139
sgRNA_49,rank03,SL2,1.982538860103627
sgRNA_49,rank03,SL3,1.5150515463917527
sgRNA_49,rank03,TL,0.41494897959183674
sgRNA_49,rank03,spacer,2.0069147286821707
sgRNA_49,rank04,SL1,1.446457399103139
sgRNA_49,rank04,SL2,1.982538860103627
sgRNA_49,rank04,SL3,1.5150515463917527
sgRNA_49,rank04,TL,0.41494897959183674
sgRNA_49,rank04,spacer,2.0069147286821707
sgRNA_49,rank05,SL1,1.446457399103139
sgRNA_49,rank05,SL2,1.982538860103627
sgRNA_49,rank05,SL3,1.5150515463917527
sgRNA_49,rank05,TL,0.41494897959183674
sgRNA_49,rank05,spacer,2.0069147286821707
sgRNA_49,rank06,SL1,1.446457399103139
sgRNA_49,rank06,SL2,1.982538860103627
sgRNA_49,rank06,SL3,1.5150515463917527
sgRNA_49,rank06,TL,0.41494897959183674
sgRNA_49,rank06,spacer,2.0069147286821707
sgRNA_49,rank07,SL1,1.446457399103139
sgRNA_49,rank07,SL2,1.982538860103627
sgRNA_49,rank07,SL3,1.5150515463917527
sgRNA_49,rank07,TL,0.41494897959183674
sgRNA_49,rank07,spacer,2.0069147286821707
sgRNA_49,rank08,SL1,1.446457399103139
sgRNA_49,rank08,SL2,1.982538860103627
sgRNA_49,rank08,SL3,1.5150515463917527
sgRNA_49,rank08,TL,0.41494897959183674
sgRNA_49,rank08,spacer,2.0069147286821707
sgRNA_49,rank09,SL1,1.446457399103139
sgRNA_49,rank09,SL2,1.982538860103627
sgRNA_49,rank09,SL3,1.5150515463917527
sgRNA_49,rank09,TL,0.41494897959183674
sgRNA_49,rank09,spacer,2.0069147286821707
sgRNA_49,rank10,SL1,1.446457399103139
sgRNA_49,rank10,SL2,1.982538860103627
sgRNA_49,rank10,SL3,1.5150515463917527
sgRNA_49,rank10,TL,0.41494897959183674
sgRNA_49,rank10,spacer,2.0069147286821707
sgRNA_49,rank11,SL1,1.446457399103139
sgRNA_49,rank11,SL2,1.982538860103627
sgRNA_49,rank11,SL3,1.5150515463917527
sgRNA_49,rank11,TL,0.41494897959183674
sgRNA_49,rank11,spacer,2.0069147286821707
sgRNA_5,rank01,SL1,2.614439461883408
sgRNA_5,rank01,SL2,2.6093264248704666
sgRNA_5,rank01,SL3,0.0
sgRNA_5,rank01,TL,1.7468367346938776
sgRNA_5,rank01,spacer,2.999952830188679
sgRNA_5,rank02,SL1,2.614439461883408
sgRNA_5,rank02,SL2,2.6093264248704666
sgRNA_5,rank02,SL3,0.0
sgRNA_5,rank02,TL,1.7468367346938776
sgRNA_5,rank02,spacer,2.999952830188679
sgRNA_5,rank03,SL1,2.614439461883408
sgRNA_5,rank03,SL2,2.6093264248704666
sgRNA_5,rank03,SL3,0.0
sgRNA_5,rank03,TL,1.7468367346938776
sgRNA_5,rank03,spacer,2.999952830188679
sgRNA_5,rank04,SL1,2.614439461883408
sgRNA_5,rank04,SL2,2.6093264248704666
sgRNA_5,rank04,SL3,0.0
sgRNA_5,rank04,TL,1.7468367346938776
sgRNA_5,rank04,spacer,2.999952830188679
sgRNA_5,rank05,SL1,2.614439461883408
sgRNA_5,rank05,SL2,2.6093264248704666
sgRNA_5,rank05,SL3,0.0
sgRNA_5,rank05,TL,1.7468367346938776
sgRNA_5,rank05,spacer,2.999952830188679
sgRNA_5,rank06,SL1,2.614439461883408
sgRNA_5,rank06,SL2,2.6093264248704666
sgRNA_5,rank06,SL3,0.0
sgRNA_5,rank06,TL,1.7468367346938776
sgRNA_5,rank06,spacer,2.999952830188679
sgRNA_5,rank07,SL1,2.614439461883408
sgRNA_5,rank07,SL2,2.6093264248704666
sgRNA_5,rank07,SL3,0.0
sgRNA_5,rank07,TL,1.7468367346938776
sgRNA_5,rank07,spacer,2.999952830188679
sgRNA_5,rank08,SL1,2.614439461883408
sgRNA_5,rank08,SL2,2.6093264248704666
sgRNA_5,rank08,SL3,0.0
sgRNA_5,rank08,TL,1.7468367346938776
sgRNA_5,rank08,spacer,2.999952830188679
sgRNA_5,rank09,SL1,2.614439461883408
sgRNA_5,rank09,SL2,2.6093264248704666
sgRNA_5,rank09,SL3,0.0
sgRNA_5,rank09,TL,1.7468367346938776
sgRNA_5,rank09,spacer,2.999952830188679
sgRNA_5,rank10,SL1,2.614439461883408
sgRNA_5,rank10,SL2,2.6093264248704666
sgRNA_5,rank10,SL3,0.0
sgRNA_5,rank10,TL,1.7468367346938776
sgRNA_5,rank10,spacer,2.999952830188679
sgRNA_5,rank11,SL1,2.614439461883408
sgRNA_5,rank11,SL2,2.6093264248704666
sgRNA_5,rank11,SL3,0.0
sgRNA_5,rank11,TL,1.7468367346938776
sgRNA_5,rank11,spacer,2.999952830188679
sgRNA_5,rank12,SL1,2.614439461883408
sgRNA_5,rank12,SL2,2.6093264248704666
sgRNA_5,rank12,SL3,0.0
sgRNA_5,rank12,TL,1.7468367346938776
sgRNA_5,rank12,spacer,2.999952830188679
sgRNA_5,rank13,SL1,2.614439461883408
sgRNA_5,rank13,SL2,2.6093264248704666
sgRNA_5,rank13,SL3,0.0
sgRNA_5,rank13,TL,1.7468367346938776
sgRNA_5,rank13,spacer,2.999952830188679
sgRNA_5,rank14,SL1,2.614439461883408
sgRNA_5,rank14,SL2,2.6093264248704666
sgRNA_5,rank14,SL3,0.0
sgRNA_5,rank14,TL,1.7468367346938776
sgRNA_5,rank14,spacer,2.999952830188679
sgRNA_5,rank15,SL1,2.614439461883408
sgRNA_5,rank15,SL2,2.6093264248704666
sgRNA_5,rank15,SL3,0.0
sgRNA_5,rank15,TL,1.7468367346938776
sgRNA_5,rank15,spacer,2.999952830188679
sgRNA_5,rank16,SL1,2.614439461883408
sgRNA_5,rank16,SL2,2.6093264248704666
sgRNA_5,rank16,SL3,0.0
sgRNA_5,rank16,TL,1.7468367346938776
sgRNA_5,rank16,spacer,2.999952830188679
sgRNA_5,rank17,SL1,2.614439461883408
sgRNA_5,rank17,SL2,2.6093264248704666
sgRNA_5,rank17,SL3,0.0
sgRNA_5,rank17,TL,1.7468367346938776
sgRNA_5,rank17,spacer,2.999952830188679
sgRNA_50,rank01,SL1,1.9933632286995515
sgRNA_50,rank01,SL2,0.9271502590673575
sgRNA_50,rank01,SL3,0.4390721649484536
sgRNA_50,rank01,TL,1.6230102040816328
sgRNA_50,rank01,spacer,1.6830732484076434
sgRNA_50,rank02,SL1,1.9933632286995515
sgRNA_50,rank02,SL2,0.9271502590673575
sgRNA_50,rank02,SL3,0.4390721649484536
sgRNA_50,rank02,TL,1.6230102040816328
sgRNA_50,rank02,spacer,1.6830732484076434
sgRNA_50,rank03,SL1,1.9933632286995515
sgRNA_50,rank03,SL2,0.9271502590673575
sgRNA_50,rank03,SL3,0.4390721649484536
sgRNA_50,rank03,TL,1.6230102040816328
sgRNA_50,rank03,spacer,1.6830732484076434
sgRNA_50,rank04,SL1,1.9933632286995515
sgRNA_50,rank04,SL2,0.9271502590673575
sgRNA_50,rank04,SL3,0.4390721649484536
sgRNA_50,rank04,TL,1.6230102040816328
sgRNA_50,rank04,spacer,1.6830732484076434
sgRNA_50,rank05,SL1,1.9933632286995515
sgRNA_50,rank05,SL2,0.9271502590673575
sgRNA_50,rank05,SL3,0.4390721649484536
sgRNA_50,rank05,TL,1.6230102040816328
sgRNA_50,rank05,spacer,1.6830732484076434
sgRNA_50,rank06,SL1,1.9933632286995515
sgRNA_50,rank06,SL2,0.9271502590673575
sgRNA_50,rank06,SL3,0.4390721649484536
sgRNA_50,rank06,TL,1.6230102040816328
sgRNA_50,rank06,spacer,1.6830732484076434
sgRNA_50,rank07,SL1,1.9933632286995515
sgRNA_50,rank07,SL2,0.9271502590673575
sgRNA_50,rank07,SL3,0.4390721649484536
sgRNA_50,rank07,TL,1.6230102040816328
sgRNA_50,rank07,spacer,1.6830732484076434
sgRNA_50,rank08,SL1,1.9933632286995515
sgRNA_50,rank08,SL2,0.9271502590673575
sgRNA_50,rank08,SL3,0.4390721649484536
sgRNA_50,rank08,TL,1.6230102040816328
sgRNA_50,rank08,spacer,1.6830732484076434
sgRNA_50,rank09,SL1,1.9933632286995515
sgRNA_50,rank09,SL2,0.9271502590673575
sgRNA_50,rank09,SL3,0.4390721649484536
sgRNA_50,rank09,TL,1.6230102040816328
sgRNA_50,rank09,spacer,1.6830732484076434
sgRNA_51,rank01,SL1,1.8426905829596414
sgRNA_51,rank01,SL2,1.4478756476683938
sgRNA_51,rank01,SL3,1.1735051546391753
sgRNA_51,rank01,TL,1.3228571428571427
sgRNA_51,rank01,spacer,1.7530841121495326
sgRNA_51,rank02,SL1,1.8426905829596414
sgRNA_51,rank02,SL2,1.4478756476683938
sgRNA_51,rank02,SL3,1.1735051546391753
sgRNA_51,rank02,TL,1.3228571428571427
sgRNA_51,rank02,spacer,1.7530841121495326
sgRNA_51,rank03,SL1,1.8426905829596414
sgRNA_51,rank03,SL2,1.4478756476683938
sgRNA_51,rank03,SL3,1.1735051546391753
sgRNA_51,rank03,TL,1.3228571428571427
sgRNA_51,rank03,spacer,1.7530841121495326
sgRNA_51,rank04,SL1,1.8426905829596414
sgRNA_51,rank04,SL2,1.4478756476683938
sgRNA_51,rank04,SL3,1.1735051546391753
sgRNA_51,rank04,TL,1.3228571428571427
sgRNA_51,rank04,spacer,1.7530841121495326
sgRNA_51,rank05,SL1,1.8426905829596414
sgRNA_51,rank05,SL2,1.4478756476683938
sgRNA_51,rank05,SL3,1.1735051546391753
sgRNA_51,rank05,TL,1.3228571428571427
sgRNA_51,rank05,spacer,1.7530841121495326
sgRNA_51,rank06,SL1,1.8426905829596414
sgRNA_51,rank06,SL2,1.4478756476683938
sgRNA_51,rank06,SL3,1.1735051546391753
sgRNA_51,rank06,TL,1.3228571428571427
sgRNA_51,rank06,spacer,1.7530841121495326
sgRNA_51,rank07,SL1,1.8426905829596414
sgRNA_51,rank07,SL2,1.4478756476683938
sgRNA_51,rank07,SL3,1.1735051546391753
sgRNA_51,rank07,TL,1.3228571428571427
sgRNA_51,rank07,spacer,1.7530841121495326
sgRNA_51,rank08,SL1,1.8426905829596414
sgRNA_51,rank08,SL2,1.4478756476683938
sgRNA_51,rank08,SL3,1.1735051546391753
sgRNA_51,rank08,TL,1.3228571428571427
sgRNA_51,rank08,spacer,1.7530841121495326
sgRNA_51,rank09,SL1,1.8426905829596414
sgRNA_51,rank09,SL2,1.4478756476683938
sgRNA_51,rank09,SL3,1.1735051546391753
sgRNA_51,rank09,TL,1.3228571428571427
sgRNA_51,rank09,spacer,1.7530841121495326
sgRNA_51,rank10,SL1,1.8426905829596414
sgRNA_51,rank10,SL2,1.4478756476683938
sgRNA_51,rank10,SL3,1.1735051546391753
sgRNA_51,rank10,TL,1.3228571428571427
sgRNA_51,rank10,spacer,1.7530841121495326
sgRNA_51,rank11,SL1,1.8426905829596414
sgRNA_51,rank11,SL2,1.4478756476683938
sgRNA_51,rank11,SL3,1.1735051546391753
sgRNA_51,rank11,TL,1.3228571428571427
sgRNA_51,rank11,spacer,1.7530841121495326
sgRNA_51,rank12,SL1,1.8426905829596414
sgRNA_51,rank12,SL2,1.4478756476683938
sgRNA_51,rank12,SL3,1.1735051546391753
sgRNA_51,rank12,TL,1.3228571428571427
sgRNA_51,rank12,spacer,1.7530841121495326
sgRNA_52,rank01,SL1,2.186726457399103
sgRNA_52,rank01,SL2,1.2474093264248705
sgRNA_52,rank01,SL3,0.22577319587628863
sgRNA_52,rank01,TL,2.39234693877551
sgRNA_52,rank01,spacer,2.122360248447205
sgRNA_52,rank02,SL1,2.186726457399103
sgRNA_52,rank02,SL2,1.2474093264248705
sgRNA_52,rank02,SL3,0.22577319587628863
sgRNA_52,rank02,TL,2.39234693877551
sgRNA_52,rank02,spacer,2.122360248447205
sgRNA_52,rank03,SL1,2.186726457399103
sgRNA_52,rank03,SL2,1.2474093264248705
sgRNA_52,rank03,SL3,0.22577319587628863
sgRNA_52,rank03,TL,2.39234693877551
sgRNA_52,rank03,spacer,2.122360248447205
sgRNA_52,rank04,SL1,2.186726457399103
sgRNA_52,rank04,SL2,1.2474093264248705
sgRNA_52,rank04,SL3,0.22577319587628863
sgRNA_52,rank04,TL,2.39234693877551
sgRNA_52,rank04,spacer,2.122360248447205
sgRNA_52,rank05,SL1,2.186726457399103
sgRNA_52,rank05,SL2,1.2474093264248705
sgRNA_52,rank05,SL3,0.22577319587628863
sgRNA_52,rank05,TL,2.39234693877551
sgRNA_52,rank05,spacer,2.122360248447205
sgRNA_52,rank06,SL1,2.186726457399103
sgRNA_52,rank06,SL2,1.2474093264248705
sgRNA_52,rank06,SL3,0.22577319587628863
sgRNA_52,rank06,TL,2.39234693877551
sgRNA_52,rank06,spacer,2.122360248447205
sgRNA_52,rank07,SL1,2.186726457399103
sgRNA_52,rank07,SL2,1.2474093264248705
sgRNA_52,rank07,SL3,0.22577319587628863
sgRNA_52,rank07,TL,2.39234693877551
sgRNA_52,rank07,spacer,2.122360248447205
sgRNA_52,rank08,SL1,2.186726457399103
sgRNA_52,rank08,SL2,1.2474093264248705
sgRNA_52,rank08,SL3,0.22577319587628863
sgRNA_52,rank08,TL,2.39234693877551
sgRNA_52,rank08,spacer,2.122360248447205
sgRNA_52,rank09,SL1,2.186726457399103
sgRNA_52,rank09,SL2,1.2474093264248705
sgRNA_52,rank09,SL3,0.22577319587628863
sgRNA_52,rank09,TL,2.39234693877551
sgRNA_52,rank09,spacer,2.122360248447205
sgRNA_52,rank10,SL1,2.186726457399103
sgRNA_52,rank10,SL2,1.2474093264248705
sgRNA_52,rank10,SL3,0.22577319587628863
sgRNA_52,rank10,TL,2.39234693877551
sgRNA_52,rank10,spacer,2.122360248447205
sgRNA_52,rank11,SL1,2.186726457399103
sgRNA_52,rank11,SL2,1.2474093264248705
sgRNA_52,rank11,SL3,0.22577319587628863
sgRNA_52,rank11,TL,2.39234693877551
sgRNA_52,rank11,spacer,2.122360248447205
sgRNA_53,rank01,SL1,2.4790134529147982
sgRNA_53,rank01,SL2,2.14860103626943
sgRNA_53,rank01,SL3,-0.22061855670103095
sgRNA_53,rank01,TL,0.6140816326530613
sgRNA_53,rank01,spacer,2.5420602218700474
sgRNA_53,rank02,SL1,2.4790134529147982
sgRNA_53,rank02,SL2,2.14860103626943
sgRNA_53,rank02,SL3,-0.22061855670103095
sgRNA_53,rank02,TL,0.6140816326530613
sgRNA_53,rank02,spacer,2.5420602218700474
sgRNA_53,rank03,SL1,2.4790134529147982
sgRNA_53,rank03,SL2,2.14860103626943
sgRNA_53,rank03,SL3,-0.22061855670103095
sgRNA_53,rank03,TL,0.6140816326530613
sgRNA_53,rank03,spacer,2.5420602218700474
sgRNA_53,rank04,SL1,2.4790134529147982
sgRNA_53,rank04,SL2,2.14860103626943
sgRNA_53,rank04,SL3,-0.22061855670103095
sgRNA_53,rank04,TL,0.6140816326530613
sgRNA_53,rank04,spacer,2.5420602218700474
sgRNA_53,rank05,SL1,2.4790134529147982
sgRNA_53,rank05,SL2,2.14860103626943
sgRNA_53,rank05,SL3,-0.22061855670103095
sgRNA_53,rank05,TL,0.6140816326530613
sgRNA_53,rank05,spacer,2.5420602218700474
sgRNA_53,rank06,SL1,2.4790134529147982
sgRNA_53,rank06,SL2,2.14860103626943
sgRNA_53,rank06,SL3,-0.22061855670103095
sgRNA_53,rank06,TL,0.6140816326530613
sgRNA_53,rank06,spacer,2.5420602218700474
sgRNA_53,rank07,SL1,2.4790134529147982
sgRNA_53,rank07,SL2,2.14860103626943
sgRNA_53,rank07,SL3,-0.22061855670103095
sgRNA_53,rank07,TL,0.6140816326530613
sgRNA_53,rank07,spacer,2.5420602218700474
sgRNA_53,rank08,SL1,2.4790134529147982
sgRNA_53,rank08,SL2,2.14860103626943
sgRNA_53,rank08,SL3,-0.22061855670103095
sgRNA_53,rank08,TL,0.6140816326530613
sgRNA_53,rank08,spacer,2.5420602218700474
sgRNA_53,rank09,SL1,2.4790134529147982
sgRNA_53,rank09,SL2,2.14860103626943
sgRNA_53,rank09,SL3,-0.22061855670103095
sgRNA_53,rank09,TL,0.6140816326530613
sgRNA_53,rank09,spacer,2.5420602218700474
sgRNA_53,rank10,SL1,2.4790134529147982
sgRNA_53,rank10,SL2,2.14860103626943
sgRNA_53,rank10,SL3,-0.22061855670103095
sgRNA_53,rank10,TL,0.6140816326530613
sgRNA_53,rank10,spacer,2.5420602218700474
sgRNA_53,rank11,SL1,2.4790134529147982
sgRNA_53,rank11,SL2,2.14860103626943
sgRNA_53,rank11,SL3,-0.22061855670103095
sgRNA_53,rank11,TL,0.6140816326530613
sgRNA_53,rank11,spacer,2.5420602218700474
sgRNA_54,rank01,SL1,1.974170403587444
sgRNA_54,rank01,SL2,2.30699481865285
sgRNA_54,rank01,SL3,1.092577319587629
sgRNA_54,rank01,TL,0.03908163265306121
sgRNA_54,rank01,spacer,1.9525117739403455
sgRNA_54,rank02,SL1,1.974170403587444
sgRNA_54,rank02,SL2,2.30699481865285
sgRNA_54,rank02,SL3,1.092577319587629
sgRNA_54,rank02,TL,0.03908163265306121
sgRNA_54,rank02,spacer,1.9525117739403455
sgRNA_54,rank03,SL1,1.974170403587444
sgRNA_54,rank03,SL2,2.30699481865285
sgRNA_54,rank03,SL3,1.092577319587629
sgRNA_54,rank03,TL,0.03908163265306121
sgRNA_54,rank03,spacer,1.9525117739403455
sgRNA_54,rank04,SL1,1.974170403587444
sgRNA_54,rank04,SL2,2.30699481865285
sgRNA_54,rank04,SL3,1.092577319587629
sgRNA_54,rank04,TL,0.03908163265306121
sgRNA_54,rank04,spacer,1.9525117739403455
sgRNA_54,rank05,SL1,1.974170403587444
sgRNA_54,rank05,SL2,2.30699481865285
sgRNA_54,rank05,SL3,1.092577319587629
sgRNA_54,rank05,TL,0.03908163265306121
sgRNA_54,rank05,spacer,1.9525117739403455
sgRNA_54,rank06,SL1,1.974170403587444
sgRNA_54,rank06,SL2,2.30699481865285
sgRNA_54,rank06,SL3,1.092577319587629
sgRNA_54,rank06,TL,0.03908163265306121
sgRNA_54,rank06,spacer,1.9525117739403455
sgRNA_54,rank07,SL1,1.974170403587444
sgRNA_54,rank07,SL2,2.30699481865285
sgRNA_54,rank07,SL3,1.092577319587629
sgRNA_54,rank07,TL,0.03908163265306121
sgRNA_54,rank07,spacer,1.9525117739403455
sgRNA_54,rank08,SL1,1.974170403587444
sgRNA_54,rank08,SL2,2.30699481865285
sgRNA_54,rank08,SL3,1.092577319587629
sgRNA_54,rank08,TL,0.03908163265306121
sgRNA_54,rank08,spacer,1.9525117739403455
sgRNA_54,rank09,SL1,1.974170403587444
sgRNA_54,rank09,SL2,2.30699481865285
sgRNA_54,rank09,SL3,1.092577319587629
sgRNA_54,rank09,TL,0.03908163265306121
sgRNA_54,rank09,spacer,1.9525117739403455
sgRNA_54,rank10,SL1,1.974170403587444
sgRNA_54,rank10,SL2,2.30699481865285
sgRNA_54,rank10,SL3,1.092577319587629
sgRNA_54,rank10,TL,0.03908163265306121
sgRNA_54,rank10,spacer,1.9525117739403455
sgRNA_54,rank11,SL1,1.974170403587444
sgRNA_54,rank11,SL2,2.30699481865285
sgRNA_54,rank11,SL3,1.092577319587629
sgRNA_54,rank11,TL,0.03908163265306121
sgRNA_54,rank11,spacer,1.9525117739403455
sgRNA_54,rank12,SL1,1.974170403587444
sgRNA_54,rank12,SL2,2.30699481865285
sgRNA_54,rank12,SL3,1.092577319587629
sgRNA_54,rank12,TL,0.03908163265306121
sgRNA_54,rank12,spacer,1.9525117739403455
sgRNA_54,rank13,SL1,1.974170403587444
sgRNA_54,rank13,SL2,2.30699481865285
sgRNA_54,rank13,SL3,1.092577319587629
sgRNA_54,rank13,TL,0.03908163265306121
sgRNA_54,rank13,spacer,1.9525117739403455
sgRNA_55,rank01,SL1,1.9965022421524665
sgRNA_55,rank01,SL2,1.1470466321243522
sgRNA_55,rank01,SL3,-0.20824742268041235
sgRNA_55,rank01,TL,0.8019387755102041
sgRNA_55,rank01,spacer,2.010826833073323
sgRNA_55,rank02,SL1,1.9965022421524665
sgRNA_55,rank02,SL2,1.1470466321243522
sgRNA_55,rank02,SL3,-0.20824742268041235
sgRNA_55,rank02,TL,0.8019387755102041
sgRNA_55,rank02,spacer,2.010826833073323
sgRNA_55,rank03,SL1,1.9965022421524665
sgRNA_55,rank03,SL2,1.1470466321243522
sgRNA_55,rank03,SL3,-0.20824742268041235
sgRNA_55,rank03,TL,0.8019387755102041
sgRNA_55,rank03,spacer,2.010826833073323
sgRNA_55,rank04,SL1,1.9965022421524665
sgRNA_55,rank04,SL2,1.1470466321243522
sgRNA_55,rank04,SL3,-0.20824742268041235
sgRNA_55,rank04,TL,0.8019387755102041
sgRNA_55,rank04,spacer,2.010826833073323
sgRNA_55,rank05,SL1,1.9965022421524665
sgRNA_55,rank05,SL2,1.1470466321243522
sgRNA_55,rank05,SL3,-0.20824742268041235
sgRNA_55,rank05,TL,0.8019387755102041
sgRNA_55,rank05,spacer,2.010826833073323
sgRNA_55,rank06,SL1,1.9965022421524665
sgRNA_55,rank06,SL2,1.1470466321243522
sgRNA_55,rank06,SL3,-0.20824742268041235
sgRNA_55,rank06,TL,0.8019387755102041
sgRNA_55,rank06,spacer,2.010826833073323
sgRNA_55,rank07,SL1,1.9965022421524665
sgRNA_55,rank07,SL2,1.1470466321243522
sgRNA_55,rank07,SL3,-0.20824742268041235
sgRNA_55,rank07,TL,0.8019387755102041
sgRNA_55,rank07,spacer,2.010826833073323
sgRNA_55,rank08,SL1,1.9965022421524665
sgRNA_55,rank08,SL2,1.1470466321243522
sgRNA_55,rank08,SL3,-0.20824742268041235
sgRNA_55,rank08,TL,0.8019387755102041
sgRNA_55,rank08,spacer,2.010826833073323
sgRNA_55,rank09,SL1,1.9965022421524665
sgRNA_55,rank09,SL2,1.1470466321243522
sgRNA_55,rank09,SL3,-0.20824742268041235
sgRNA_55,rank09,TL,0.8019387755102041
sgRNA_55,rank09,spacer,2.010826833073323
sgRNA_55,rank10,SL1,1.9965022421524665
sgRNA_55,rank10,SL2,1.1470466321243522
sgRNA_55,rank10,SL3,-0.20824742268041235
sgRNA_55,rank10,TL,0.8019387755102041
sgRNA_55,rank10,spacer,2.010826833073323
sgRNA_55,rank11,SL1,1.9965022421524665
sgRNA_55,rank11,SL2,1.1470466321243522
sgRNA_55,rank11,SL3,-0.20824742268041235
sgRNA_55,rank11,TL,0.8019387755102041
sgRNA_55,rank11,spacer,2.010826833073323
sgRNA_55,rank12,SL1,1.9965022421524665
sgRNA_55,rank12,SL2,1.1470466321243522
sgRNA_55,rank12,SL3,-0.20824742268041235
sgRNA_55,rank12,TL,0.8019387755102041
sgRNA_55,rank12,spacer,2.010826833073323
sgRNA_55,rank13,SL1,1.9965022421524665
sgRNA_55,rank13,SL2,1.1470466321243522
sgRNA_55,rank13,SL3,-0.20824742268041235
sgRNA_55,rank13,TL,0.8019387755102041
sgRNA_55,rank13,spacer,2.010826833073323
sgRNA_56,rank01,SL1,2.0799551569506725
sgRNA_56,rank01,SL2,2.204559585492228
sgRNA_56,rank01,SL3,0.1195876288659794
sgRNA_56,rank01,TL,0.9414795918367347
sgRNA_56,rank01,spacer,2.3498895899053625
sgRNA_56,rank02,SL1,2.0799551569506725
sgRNA_56,rank02,SL2,2.204559585492228
sgRNA_56,rank02,SL3,0.1195876288659794
sgRNA_56,rank02,TL,0.9414795918367347
sgRNA_56,rank02,spacer,2.3498895899053625
sgRNA_56,rank03,SL1,2.0799551569506725
sgRNA_56,rank03,SL2,2.204559585492228
sgRNA_56,rank03,SL3,0.1195876288659794
sgRNA_56,rank03,TL,0.9414795918367347
sgRNA_56,rank03,spacer,2.3498895899053625
sgRNA_56,rank04,SL1,2.0799551569506725
sgRNA_56,rank04,SL2,2.204559585492228
sgRNA_56,rank04,SL3,0.1195876288659794
sgRNA_56,rank04,TL,0.9414795918367347
sgRNA_56,rank04,spacer,2.3498895899053625
sgRNA_56,rank05,SL1,2.0799551569506725
sgRNA_56,rank05,SL2,2.204559585492228
sgRNA_56,rank05,SL3,0.1195876288659794
sgRNA_56,rank05,TL,0.9414795918367347
sgRNA_56,rank05,spacer,2.3498895899053625
sgRNA_56,rank06,SL1,2.0799551569506725
sgRNA_56,rank06,SL2,2.204559585492228
sgRNA_56,rank06,SL3,0.1195876288659794
sgRNA_56,rank06,TL,0.9414795918367347
sgRNA_56,rank06,spacer,2.3498895899053625
sgRNA_56,rank07,SL1,2.0799551569506725
sgRNA_56,rank07,SL2,2.204559585492228
sgRNA_56,rank07,SL3,0.1195876288659794
sgRNA_56,rank07,TL,0.9414795918367347
sgRNA_56,rank07,spacer,2.3498895899053625
sgRNA_56,rank08,SL1,2.0799551569506725
sgRNA_56,rank08,SL2,2.204559585492228
sgRNA_56,rank08,SL3,0.1195876288659794
sgRNA_56,rank08,TL,0.9414795918367347
sgRNA_56,rank08,spacer,2.3498895899053625
sgRNA_56,rank09,SL1,2.0799551569506725
sgRNA_56,rank09,SL2,2.204559585492228
sgRNA_56,rank09,SL3,0.1195876288659794
sgRNA_56,rank09,TL,0.9414795918367347
sgRNA_56,rank09,spacer,2.3498895899053625
sgRNA_56,rank10,SL1,2.0799551569506725
sgRNA_56,rank10,SL2,2.204559585492228
sgRNA_56,rank10,SL3,0.1195876288659794
sgRNA_56,rank10,TL,0.9414795918367347
sgRNA_56,rank10,spacer,2.3498895899053625
sgRNA_56,rank11,SL1,2.0799551569506725
sgRNA_56,rank11,SL2,2.204559585492228
sgRNA_56,rank11,SL3,0.1195876288659794
sgRNA_56,rank11,TL,0.9414795918367347
sgRNA_56,rank11,spacer,2.3498895899053625
sgRNA_56,rank12,SL1,2.0799551569506725
sgRNA_56,rank12,SL2,2.204559585492228
sgRNA_56,rank12,SL3,0.1195876288659794
sgRNA_56,rank12,TL,0.9414795918367347
sgRNA_56,rank12,spacer,2.3498895899053625
sgRNA_56,rank13,SL1,2.0799551569506725
sgRNA_56,rank13,SL2,2.204559585492228
sgRNA_56,rank13,SL3,0.1195876288659794
sgRNA_56,rank13,TL,0.9414795918367347
sgRNA_56,rank13,spacer,2.3498895899053625
sgRNA_57,rank01,SL1,2.172107623318386
sgRNA_57,rank01,SL2,1.550777202072539
sgRNA_57,rank01,SL3,-0.35051546391752575
sgRNA_57,rank01,TL,1.3668877551020409
sgRNA_57,rank01,spacer,2.0902311248073957
sgRNA_57,rank02,SL1,2.172107623318386
sgRNA_57,rank02,SL2,1.550777202072539
sgRNA_57,rank02,SL3,-0.35051546391752575
sgRNA_57,rank02,TL,1.3668877551020409
sgRNA_57,rank02,spacer,2.0902311248073957
sgRNA_57,rank03,SL1,2.172107623318386
sgRNA_57,rank03,SL2,1.550777202072539
sgRNA_57,rank03,SL3,-0.35051546391752575
sgRNA_57,rank03,TL,1.3668877551020409
sgRNA_57,rank03,spacer,2.0902311248073957
sgRNA_57,rank04,SL1,2.172107623318386
sgRNA_57,rank04,SL2,1.550777202072539
sgRNA_57,rank04,SL3,-0.35051546391752575
sgRNA_57,rank04,TL,1.3668877551020409
sgRNA_57,rank04,spacer,2.0902311248073957
sgRNA_57,rank05,SL1,2.172107623318386
sgRNA_57,rank05,SL2,1.550777202072539
sgRNA_57,rank05,SL3,-0.35051546391752575
sgRNA_57,rank05,TL,1.3668877551020409
sgRNA_57,rank05,spacer,2.0902311248073957
sgRNA_57,rank06,SL1,2.172107623318386
sgRNA_57,rank06,SL2,1.550777202072539
sgRNA_57,rank06,SL3,-0.35051546391752575
sgRNA_57,rank06,TL,1.3668877551020409
sgRNA_57,rank06,spacer,2.0902311248073957
sgRNA_57,rank07,SL1,2.172107623318386
sgRNA_57,rank07,SL2,1.550777202072539
sgRNA_57,rank07,SL3,-0.35051546391752575
sgRNA_57,rank07,TL,1.3668877551020409
sgRNA_57,rank07,spacer,2.0902311248073957
sgRNA_57,rank08,SL1,2.172107623318386
sgRNA_57,rank08,SL2,1.550777202072539
sgRNA_57,rank08,SL3,-0.35051546391752575
sgRNA_57,rank08,TL,1.3668877551020409
sgRNA_57,rank08,spacer,2.0902311248073957
sgRNA_57,rank09,SL1,2.172107623318386
sgRNA_57,rank09,SL2,1.550777202072539
sgRNA_57,rank09,SL3,-0.35051546391752575
sgRNA_57,rank09,TL,1.3668877551020409
sgRNA_57,rank09,spacer,2.0902311248073957
sgRNA_58,rank01,SL1,2.3307174887892375
sgRNA_58,rank01,SL2,2.2731088082901554
sgRNA_58,rank01,SL3,1.004639175257732
sgRNA_58,rank01,TL,0.31168367346938775
sgRNA_58,rank01,spacer,2.1010764430577225
sgRNA_58,rank02,SL1,2.3307174887892375
sgRNA_58,rank02,SL2,2.2731088082901554
sgRNA_58,rank02,SL3,1.004639175257732
sgRNA_58,rank02,TL,0.31168367346938775
sgRNA_58,rank02,spacer,2.1010764430577225
sgRNA_58,rank03,SL1,2.3307174887892375
sgRNA_58,rank03,SL2,2.2731088082901554
sgRNA_58,rank03,SL3,1.004639175257732
sgRNA_58,rank03,TL,0.31168367346938775
sgRNA_58,rank03,spacer,2.1010764430577225
sgRNA_58,rank04,SL1,2.3307174887892375
sgRNA_58,rank04,SL2,2.2731088082901554
sgRNA_58,rank04,SL3,1.004639175257732
sgRNA_58,rank04,TL,0.31168367346938775
sgRNA_58,rank04,spacer,2.1010764430577225
sgRNA_58,rank05,SL1,2.3307174887892375
sgRNA_58,rank05,SL2,2.2731088082901554
sgRNA_58,rank05,SL3,1.004639175257732
sgRNA_58,rank05,TL,0.31168367346938775
sgRNA_58,rank05,spacer,2.1010764430577225
sgRNA_58,rank06,SL1,2.3307174887892375
sgRNA_58,rank06,SL2,2.2731088082901554
sgRNA_58,rank06,SL3,1.004639175257732
sgRNA_58,rank06,TL,0.31168367346938775
sgRNA_58,rank06,spacer,2.1010764430577225
sgRNA_58,rank07,SL1,2.3307174887892375
sgRNA_58,rank07,SL2,2.2731088082901554
sgRNA_58,rank07,SL3,1.004639175257732
sgRNA_58,rank07,TL,0.31168367346938775
sgRNA_58,rank07,spacer,2.1010764430577225
sgRNA_58,rank08,SL1,2.3307174887892375
sgRNA_58,rank08,SL2,2.2731088082901554
sgRNA_58,rank08,SL3,1.004639175257732
sgRNA_58,rank08,TL,0.31168367346938775
sgRNA_58,rank08,spacer,2.1010764430577225
sgRNA_58,rank09,SL1,2.3307174887892375
sgRNA_58,rank09,SL2,2.2731088082901554
sgRNA_58,rank09,SL3,1.004639175257732
sgRNA_58,rank09,TL,0.31168367346938775
sgRNA_58,rank09,spacer,2.1010764430577225
sgRNA_58,rank10,SL1,2.3307174887892375
sgRNA_58,rank10,SL2,2.2731088082901554
sgRNA_58,rank10,SL3,1.004639175257732
sgRNA_58,rank10,TL,0.31168367346938775
sgRNA_58,rank10,spacer,2.1010764430577225
sgRNA_58,rank11,SL1,2.3307174887892375
sgRNA_58,rank11,SL2,2.2731088082901554
sgRNA_58,rank11,SL3,1.004639175257732
sgRNA_58,rank11,TL,0.31168367346938775
sgRNA_58,rank11,spacer,2.1010764430577225
sgRNA_59,rank01,SL1,1.5885201793721972
sgRNA_59,rank01,SL2,1.9033160621761658
sgRNA_59,rank01,SL3,-0.35051546391752575
sgRNA_59,rank01,TL,0.6243877551020408
sgRNA_59,rank01,spacer,1.7579527559055117
sgRNA_59,rank02,SL1,1.5885201793721972
sgRNA_59,rank02,SL2,1.9033160621761658
sgRNA_59,rank02,SL3,-0.35051546391752575
sgRNA_59,rank02,TL,0.6243877551020408
sgRNA_59,rank02,spacer,1.7579527559055117
sgRNA_59,rank03,SL1,1.5885201793721972
sgRNA_59,rank03,SL2,1.9033160621761658
sgRNA_59,rank03,SL3,-0.35051546391752575
sgRNA_59,rank03,TL,0.6243877551020408
sgRNA_59,rank03,spacer,1.7579527559055117
sgRNA_59,rank04,SL1,1.5885201793721972
sgRNA_59,rank04,SL2,1.9033160621761658
sgRNA_59,rank04,SL3,-0.35051546391752575
sgRNA_59,rank04,TL,0.6243877551020408
sgRNA_59,rank04,spacer,1.7579527559055117
sgRNA_59,rank05,SL1,1.5885201793721972
sgRNA_59,rank05,SL2,1.9033160621761658
sgRNA_59,rank05,SL3,-0.35051546391752575
sgRNA_59,rank05,TL,0.6243877551020408
sgRNA_59,rank05,spacer,1.7579527559055117
sgRNA_59,rank06,SL1,1.5885201793721972
sgRNA_59,rank06,SL2,1.9033160621761658
sgRNA_59,rank06,SL3,-0.35051546391752575
sgRNA_59,rank06,TL,0.6243877551020408
sgRNA_59,rank06,spacer,1.7579527559055117
sgRNA_59,rank07,SL1,1.5885201793721972
sgRNA_59,rank07,SL2,1.9033160621761658
sgRNA_59,rank07,SL3,-0.35051546391752575
sgRNA_59,rank07,TL,0.6243877551020408
sgRNA_59,rank07,spacer,1.7579527559055117
sgRNA_59,rank08,SL1,1.5885201793721972
sgRNA_59,rank08,SL2,1.9033160621761658
sgRNA_59,rank08,SL3,-0.35051546391752575
sgRNA_59,rank08,TL,0.6243877551020408
sgRNA_59,rank08,spacer,1.7579527559055117
sgRNA_59,rank09,SL1,1.5885201793721972
sgRNA_59,rank09,SL2,1.9033160621761658
sgRNA_59,rank09,SL3,-0.35051546391752575
sgRNA_59,rank09,TL,0.6243877551020408
sgRNA_59,rank09,spacer,1.7579527559055117
sgRNA_59,rank10,SL1,1.5885201793721972
sgRNA_59,rank10,SL2,1.9033160621761658
sgRNA_59,rank10,SL3,-0.35051546391752575
sgRNA_59,rank10,TL,0.6243877551020408
sgRNA_59,rank10,spacer,1.7579527559055117
sgRNA_6,rank01,SL1,1.7123766816143497
sgRNA_6,rank01,SL2,1.4838341968911917
sgRNA_6,rank01,SL3,0.30618556701030925
sgRNA_6,rank01,TL,0.9599489795918367
sgRNA_6,rank01,spacer,1.2313728549141965
sgRNA_6,rank02,SL1,1.7123766816143497
sgRNA_6,rank02,SL2,1.4838341968911917
sgRNA_6,rank02,SL3,0.30618556701030925
sgRNA_6,rank02,TL,0.9599489795918367
sgRNA_6,rank02,spacer,1.2313728549141965
sgRNA_6,rank03,SL1,1.7123766816143497
sgRNA_6,rank03,SL2,1.4838341968911917
sgRNA_6,rank03,SL3,0.30618556701030925
sgRNA_6,rank03,TL,0.9599489795918367
sgRNA_6,rank03,spacer,1.2313728549141965
sgRNA_6,rank04,SL1,1.7123766816143497
sgRNA_6,rank04,SL2,1.4838341968911917
sgRNA_6,rank04,SL3,0.30618556701030925
sgRNA_6,rank04,TL,0.9599489795918367
sgRNA_6,rank04,spacer,1.2313728549141965
sgRNA_6,rank05,SL1,1.7123766816143497
sgRNA_6,rank05,SL2,1.4838341968911917
sgRNA_6,rank05,SL3,0.30618556701030925
sgRNA_6,rank05,TL,0.9599489795918367
sgRNA_6,rank05,spacer,1.2313728549141965
sgRNA_6,rank06,SL1,1.7123766816143497
sgRNA_6,rank06,SL2,1.4838341968911917
sgRNA_6,rank06,SL3,0.30618556701030925
sgRNA_6,rank06,TL,0.9599489795918367
sgRNA_6,rank06,spacer,1.2313728549141965
sgRNA_6,rank07,SL1,1.7123766816143497
sgRNA_6,rank07,SL2,1.4838341968911917
sgRNA_6,rank07,SL3,0.30618556701030925
sgRNA_6,rank07,TL,0.9599489795918367
sgRNA_6,rank07,spacer,1.2313728549141965
sgRNA_6,rank08,SL1,1.7123766816143497
sgRNA_6,rank08,SL2,1.4838341968911917
sgRNA_6,rank08,SL3,0.30618556701030925
sgRNA_6,rank08,TL,0.9599489795918367
sgRNA_6,rank08,spacer,1.2313728549141965
sgRNA_6,rank09,SL1,1.7123766816143497
sgRNA_6,rank09,SL2,1.4838341968911917
sgRNA_6,rank09,SL3,0.30618556701030925
sgRNA_6,rank09,TL,0.9599489795918367
sgRNA_6,rank09,spacer,1.2313728549141965
sgRNA_6,rank10,SL1,1.7123766816143497
sgRNA_6,rank10,SL2,1.4838341968911917
sgRNA_6,rank10,SL3,0.30618556701030925
sgRNA_6,rank10,TL,0.9599489795918367
sgRNA_6,rank10,spacer,1.2313728549141965
sgRNA_60,rank01,SL1,1.6721973094170404
sgRNA_60,rank01,SL2,1.358756476683938
sgRNA_60,rank01,SL3,-0.10206185567010308
sgRNA_60,rank01,TL,1.4685714285714284
sgRNA_60,rank01,spacer,1.799937106918239
sgRNA_60,rank02,SL1,1.6721973094170404
sgRNA_60,rank02,SL2,1.358756476683938
sgRNA_60,rank02,SL3,-0.10206185567010308
sgRNA_60,rank02,TL,1.4685714285714284
sgRNA_60,rank02,spacer,1.799937106918239
sgRNA_60,rank03,SL1,1.6721973094170404
sgRNA_60,rank03,SL2,1.358756476683938
sgRNA_60,rank03,SL3,-0.10206185567010308
sgRNA_60,rank03,TL,1.4685714285714284
sgRNA_60,rank03,spacer,1.799937106918239
sgRNA_60,rank04,SL1,1.6721973094170404
sgRNA_60,rank04,SL2,1.358756476683938
sgRNA_60,rank04,SL3,-0.10206185567010308
sgRNA_60,rank04,TL,1.4685714285714284
sgRNA_60,rank04,spacer,1.799937106918239
sgRNA_60,rank05,SL1,1.6721973094170404
sgRNA_60,rank05,SL2,1.358756476683938
sgRNA_60,rank05,SL3,-0.10206185567010308
sgRNA_60,rank05,TL,1.4685714285714284
sgRNA_60,rank05,spacer,1.799937106918239
sgRNA_60,rank06,SL1,1.6721973094170404
sgRNA_60,rank06,SL2,1.358756476683938
sgRNA_60,rank06,SL3,-0.10206185567010308
sgRNA_60,rank06,TL,1.4685714285714284
sgRNA_60,rank06,spacer,1.799937106918239
sgRNA_60,rank07,SL1,1.6721973094170404
sgRNA_60,rank07,SL2,1.358756476683938
sgRNA_60,rank07,SL3,-0.10206185567010308
sgRNA_60,rank07,TL,1.4685714285714284
sgRNA_60,rank07,spacer,1.799937106918239
sgRNA_60,rank08,SL1,1.6721973094170404
sgRNA_60,rank08,SL2,1.358756476683938
sgRNA_60,rank08,SL3,-0.10206185567010308
sgRNA_60,rank08,TL,1.4685714285714284
sgRNA_60,rank08,spacer,1.799937106918239
sgRNA_60,rank09,SL1,1.6721973094170404
sgRNA_60,rank09,SL2,1.358756476683938
sgRNA_60,rank09,SL3,-0.10206185567010308
sgRNA_60,rank09,TL,1.4685714285714284
sgRNA_60,rank09,spacer,1.799937106918239
sgRNA_60,rank10,SL1,1.6721973094170404
sgRNA_60,rank10,SL2,1.358756476683938
sgRNA_60,rank10,SL3,-0.10206185567010308
sgRNA_60,rank10,TL,1.4685714285714284
sgRNA_60,rank10,spacer,1.799937106918239
sgRNA_60,rank11,SL1,1.6721973094170404
sgRNA_60,rank11,SL2,1.358756476683938
sgRNA_60,rank11,SL3,-0.10206185567010308
sgRNA_60,rank11,TL,1.4685714285714284
sgRNA_60,rank11,spacer,1.799937106918239
sgRNA_60,rank12,SL1,1.6721973094170404
sgRNA_60,rank12,SL2,1.358756476683938
sgRNA_60,rank12,SL3,-0.10206185567010308
sgRNA_60,rank12,TL,1.4685714285714284
sgRNA_60,rank12,spacer,1.799937106918239
sgRNA_61,rank01,SL1,1.9989686098654709
sgRNA_61,rank01,SL2,2.0727461139896373
sgRNA_61,rank01,SL3,0.6317525773195877
sgRNA_61,rank01,TL,2.628571428571428
sgRNA_61,rank01,spacer,2.089242658423493
sgRNA_61,rank02,SL1,1.9989686098654709
sgRNA_61,rank02,SL2,2.0727461139896373
sgRNA_61,rank02,SL3,0.6317525773195877
sgRNA_61,rank02,TL,2.628571428571428
sgRNA_61,rank02,spacer,2.089242658423493
sgRNA_61,rank03,SL1,1.9989686098654709
sgRNA_61,rank03,SL2,2.0727461139896373
sgRNA_61,rank03,SL3,0.6317525773195877
sgRNA_61,rank03,TL,2.628571428571428
sgRNA_61,rank03,spacer,2.089242658423493
sgRNA_61,rank04,SL1,1.9989686098654709
sgRNA_61,rank04,SL2,2.0727461139896373
sgRNA_61,rank04,SL3,0.6317525773195877
sgRNA_61,rank04,TL,2.628571428571428
sgRNA_61,rank04,spacer,2.089242658423493
sgRNA_61,rank05,SL1,1.9989686098654709
sgRNA_61,rank05,SL2,2.0727461139896373
sgRNA_61,rank05,SL3,0.6317525773195877
sgRNA_61,rank05,TL,2.628571428571428
sgRNA_61,rank05,spacer,2.089242658423493
sgRNA_61,rank06,SL1,1.9989686098654709
sgRNA_61,rank06,SL2,2.0727461139896373
sgRNA_61,rank06,SL3,0.6317525773195877
sgRNA_61,rank06,TL,2.628571428571428
sgRNA_61,rank06,spacer,2.089242658423493
sgRNA_61,rank07,SL1,1.9989686098654709
sgRNA_61,rank07,SL2,2.0727461139896373
sgRNA_61,rank07,SL3,0.6317525773195877
sgRNA_61,rank07,TL,2.628571428571428
sgRNA_61,rank07,spacer,2.089242658423493
sgRNA_61,rank08,SL1,1.9989686098654709
sgRNA_61,rank08,SL2,2.0727461139896373
sgRNA_61,rank08,SL3,0.6317525773195877
sgRNA_61,rank08,TL,2.628571428571428
sgRNA_61,rank08,spacer,2.089242658423493
sgRNA_61,rank09,SL1,1.9989686098654709
sgRNA_61,rank09,SL2,2.0727461139896373
sgRNA_61,rank09,SL3,0.6317525773195877
sgRNA_61,rank09,TL,2.628571428571428
sgRNA_61,rank09,spacer,2.089242658423493
sgRNA_61,rank10,SL1,1.9989686098654709
sgRNA_61,rank10,SL2,2.0727461139896373
sgRNA_61,rank10,SL3,0.6317525773195877
sgRNA_61,rank10,TL,2.628571428571428
sgRNA_61,rank10,spacer,2.089242658423493
sgRNA_61,rank11,SL1,1.9989686098654709
sgRNA_61,rank11,SL2,2.0727461139896373
sgRNA_61,rank11,SL3,0.6317525773195877
sgRNA_61,rank11,TL,2.628571428571428
sgRNA_61,rank11,spacer,2.089242658423493
sgRNA_61,rank12,SL1,1.9989686098654709
sgRNA_61,rank12,SL2,2.0727461139896373
sgRNA_61,rank12,SL3,0.6317525773195877
sgRNA_61,rank12,TL,2.628571428571428
sgRNA_61,rank12,spacer,2.089242658423493
sgRNA_61,rank13,SL1,1.9989686098654709
sgRNA_61,rank13,SL2,2.0727461139896373
sgRNA_61,rank13,SL3,0.6317525773195877
sgRNA_61,rank13,TL,2.628571428571428
sgRNA_61,rank13,spacer,2.089242658423493
sgRNA_62,rank01,SL1,1.6185650224215247
sgRNA_62,rank01,SL2,1.4067357512953367
sgRNA_62,rank01,SL3,0.5239175257731958
sgRNA_62,rank01,TL,0.6435204081632653
sgRNA_62,rank01,spacer,1.802803149606299
sgRNA_62,rank02,SL1,1.6185650224215247
sgRNA_62,rank02,SL2,1.4067357512953367
sgRNA_62,rank02,SL3,0.5239175257731958
sgRNA_62,rank02,TL,0.6435204081632653
sgRNA_62,rank02,spacer,1.802803149606299
sgRNA_62,rank03,SL1,1.6185650224215247
sgRNA_62,rank03,SL2,1.4067357512953367
sgRNA_62,rank03,SL3,0.5239175257731958
sgRNA_62,rank03,TL,0.6435204081632653
sgRNA_62,rank03,spacer,1.802803149606299
sgRNA_62,rank04,SL1,1.6185650224215247
sgRNA_62,rank04,SL2,1.4067357512953367
sgRNA_62,rank04,SL3,0.5239175257731958
sgRNA_62,rank04,TL,0.6435204081632653
sgRNA_62,rank04,spacer,1.802803149606299
sgRNA_62,rank05,SL1,1.6185650224215247
sgRNA_62,rank05,SL2,1.4067357512953367
sgRNA_62,rank05,SL3,0.5239175257731958
sgRNA_62,rank05,TL,0.6435204081632653
sgRNA_62,rank05,spacer,1.802803149606299
sgRNA_62,rank06,SL1,1.6185650224215247
sgRNA_62,rank06,SL2,1.4067357512953367
sgRNA_62,rank06,SL3,0.5239175257731958
sgRNA_62,rank06,TL,0.6435204081632653
sgRNA_62,rank06,spacer,1.802803149606299
sgRNA_62,rank07,SL1,1.6185650224215247
sgRNA_62,rank07,SL2,1.4067357512953367
sgRNA_62,rank07,SL3,0.5239175257731958
sgRNA_62,rank07,TL,0.6435204081632653
sgRNA_62,rank07,spacer,1.802803149606299
sgRNA_62,rank08,SL1,1.6185650224215247
sgRNA_62,rank08,SL2,1.4067357512953367
sgRNA_62,rank08,SL3,0.5239175257731958
sgRNA_62,rank08,TL,0.6435204081632653
sgRNA_62,rank08,spacer,1.802803149606299
sgRNA_63,rank01,SL1,1.7753811659192826
sgRNA_63,rank01,SL2,1.616062176165803
sgRNA_63,rank01,SL3,2.036082474226804
sgRNA_63,rank01,TL,0.5506632653061225
sgRNA_63,rank01,spacer,1.775777777777778
sgRNA_63,rank02,SL1,1.7753811659192826
sgRNA_63,rank02,SL2,1.616062176165803
sgRNA_63,rank02,SL3,2.036082474226804
sgRNA_63,rank02,TL,0.5506632653061225
sgRNA_63,rank02,spacer,1.775777777777778
sgRNA_63,rank03,SL1,1.7753811659192826
sgRNA_63,rank03,SL2,1.616062176165803
sgRNA_63,rank03,SL3,2.036082474226804
sgRNA_63,rank03,TL,0.5506632653061225
sgRNA_63,rank03,spacer,1.775777777777778
sgRNA_63,rank04,SL1,1.7753811659192826
sgRNA_63,rank04,SL2,1.616062176165803
sgRNA_63,rank04,SL3,2.036082474226804
sgRNA_63,rank04,TL,0.5506632653061225
sgRNA_63,rank04,spacer,1.775777777777778
sgRNA_63,rank05,SL1,1.7753811659192826
sgRNA_63,rank05,SL2,1.616062176165803
sgRNA_63,rank05,SL3,2.036082474226804
sgRNA_63,rank05,TL,0.5506632653061225
sgRNA_63,rank05,spacer,1.775777777777778
sgRNA_63,rank06,SL1,1.7753811659192826
sgRNA_63,rank06,SL2,1.616062176165803
sgRNA_63,rank06,SL3,2.036082474226804
sgRNA_63,rank06,TL,0.5506632653061225
sgRNA_63,rank06,spacer,1.775777777777778
sgRNA_63,rank07,SL1,1.7753811659192826
sgRNA_63,rank07,SL2,1.616062176165803
sgRNA_63,rank07,SL3,2.036082474226804
sgRNA_63,rank07,TL,0.5506632653061225
sgRNA_63,rank07,spacer,1.775777777777778
sgRNA_63,rank08,SL1,1.7753811659192826
sgRNA_63,rank08,SL2,1.616062176165803
sgRNA_63,rank08,SL3,2.036082474226804
sgRNA_63,rank08,TL,0.5506632653061225
sgRNA_63,rank08,spacer,1.775777777777778
sgRNA_63,rank09,SL1,1.7753811659192826
sgRNA_63,rank09,SL2,1.616062176165803
sgRNA_63,rank09,SL3,2.036082474226804
sgRNA_63,rank09,TL,0.5506632653061225
sgRNA_63,rank09,spacer,1.775777777777778
sgRNA_63,rank10,SL1,1.7753811659192826
sgRNA_63,rank10,SL2,1.616062176165803
sgRNA_63,rank10,SL3,2.036082474226804
sgRNA_63,rank10,TL,0.5506632653061225
sgRNA_63,rank10,spacer,1.775777777777778
sgRNA_64,rank01,SL1,1.4301793721973095
sgRNA_64,rank01,SL2,2.0497927461139898
sgRNA_64,rank01,SL3,-0.34
sgRNA_64,rank01,TL,1.0906632653061223
sgRNA_64,rank01,spacer,1.638375
sgRNA_64,rank02,SL1,1.4301793721973095
sgRNA_64,rank02,SL2,2.0497927461139898
sgRNA_64,rank02,SL3,-0.34
sgRNA_64,rank02,TL,1.0906632653061223
sgRNA_64,rank02,spacer,1.638375
sgRNA_64,rank03,SL1,1.4301793721973095
sgRNA_64,rank03,SL2,2.0497927461139898
sgRNA_64,rank03,SL3,-0.34
sgRNA_64,rank03,TL,1.0906632653061223
sgRNA_64,rank03,spacer,1.638375
sgRNA_64,rank04,SL1,1.4301793721973095
sgRNA_64,rank04,SL2,2.0497927461139898
sgRNA_64,rank04,SL3,-0.34
sgRNA_64,rank04,TL,1.0906632653061223
sgRNA_64,rank04,spacer,1.638375
sgRNA_64,rank05,SL1,1.4301793721973095
sgRNA_64,rank05,SL2,2.0497927461139898
sgRNA_64,rank05,SL3,-0.34
sgRNA_64,rank05,TL,1.0906632653061223
sgRNA_64,rank05,spacer,1.638375
sgRNA_64,rank06,SL1,1.4301793721973095
sgRNA_64,rank06,SL2,2.0497927461139898
sgRNA_64,rank06,SL3,-0.34
sgRNA_64,rank06,TL,1.0906632653061223
sgRNA_64,rank06,spacer,1.638375
sgRNA_64,rank07,SL1,1.4301793721973095
sgRNA_64,rank07,SL2,2.0497927461139898
sgRNA_64,rank07,SL3,-0.34
sgRNA_64,rank07,TL,1.0906632653061223
sgRNA_64,rank07,spacer,1.638375
sgRNA_65,rank01,SL1,1.6011659192825112
sgRNA_65,rank01,SL2,1.6901036269430052
sgRNA_65,rank01,SL3,0.027216494845360827
sgRNA_65,rank01,TL,0.01989795918367347
sgRNA_65,rank01,spacer,1.4279595015576323
sgRNA_65,rank02,SL1,1.6011659192825112
sgRNA_65,rank02,SL2,1.6901036269430052
sgRNA_65,rank02,SL3,0.027216494845360827
sgRNA_65,rank02,TL,0.01989795918367347
sgRNA_65,rank02,spacer,1.4279595015576323
sgRNA_65,rank03,SL1,1.6011659192825112
sgRNA_65,rank03,SL2,1.6901036269430052
sgRNA_65,rank03,SL3,0.027216494845360827
sgRNA_65,rank03,TL,0.01989795918367347
sgRNA_65,rank03,spacer,1.4279595015576323
sgRNA_65,rank04,SL1,1.6011659192825112
sgRNA_65,rank04,SL2,1.6901036269430052
sgRNA_65,rank04,SL3,0.027216494845360827
sgRNA_65,rank04,TL,0.01989795918367347
sgRNA_65,rank04,spacer,1.4279595015576323
sgRNA_65,rank05,SL1,1.6011659192825112
sgRNA_65,rank05,SL2,1.6901036269430052
sgRNA_65,rank05,SL3,0.027216494845360827
sgRNA_65,rank05,TL,0.01989795918367347
sgRNA_65,rank05,spacer,1.4279595015576323
sgRNA_65,rank06,SL1,1.6011659192825112
sgRNA_65,rank06,SL2,1.6901036269430052
sgRNA_65,rank06,SL3,0.027216494845360827
sgRNA_65,rank06,TL,0.01989795918367347
sgRNA_65,rank06,spacer,1.4279595015576323
sgRNA_65,rank07,SL1,1.6011659192825112
sgRNA_65,rank07,SL2,1.6901036269430052
sgRNA_65,rank07,SL3,0.027216494845360827
sgRNA_65,rank07,TL,0.01989795918367347
sgRNA_65,rank07,spacer,1.4279595015576323
sgRNA_65,rank08,SL1,1.6011659192825112
sgRNA_65,rank08,SL2,1.6901036269430052
sgRNA_65,rank08,SL3,0.027216494845360827
sgRNA_65,rank08,TL,0.01989795918367347
sgRNA_65,rank08,spacer,1.4279595015576323
sgRNA_66,rank01,SL1,2.181883408071749
sgRNA_66,rank01,SL2,1.824818652849741
sgRNA_66,rank01,SL3,-0.6597938144329897
sgRNA_66,rank01,TL,0.572295918367347
sgRNA_66,rank01,spacer,1.8335000000000001
sgRNA_66,rank02,SL1,2.181883408071749
sgRNA_66,rank02,SL2,1.824818652849741
sgRNA_66,rank02,SL3,-0.6597938144329897
sgRNA_66,rank02,TL,0.572295918367347
sgRNA_66,rank02,spacer,1.8335000000000001
sgRNA_66,rank03,SL1,2.181883408071749
sgRNA_66,rank03,SL2,1.824818652849741
sgRNA_66,rank03,SL3,-0.6597938144329897
sgRNA_66,rank03,TL,0.572295918367347
sgRNA_66,rank03,spacer,1.8335000000000001
sgRNA_66,rank04,SL1,2.181883408071749
sgRNA_66,rank04,SL2,1.824818652849741
sgRNA_66,rank04,SL3,-0.6597938144329897
sgRNA_66,rank04,TL,0.572295918367347
sgRNA_66,rank04,spacer,1.8335000000000001
sgRNA_66,rank05,SL1,2.181883408071749
sgRNA_66,rank05,SL2,1.824818652849741
sgRNA_66,rank05,SL3,-0.6597938144329897
sgRNA_66,rank05,TL,0.572295918367347
sgRNA_66,rank05,spacer,1.8335000000000001
sgRNA_66,rank06,SL1,2.181883408071749
sgRNA_66,rank06,SL2,1.824818652849741
sgRNA_66,rank06,SL3,-0.6597938144329897
sgRNA_66,rank06,TL,0.572295918367347
sgRNA_66,rank06,spacer,1.8335000000000001
sgRNA_66,rank07,SL1,2.181883408071749
sgRNA_66,rank07,SL2,1.824818652849741
sgRNA_66,rank07,SL3,-0.6597938144329897
sgRNA_66,rank07,TL,0.572295918367347
sgRNA_66,rank07,spacer,1.8335000000000001
sgRNA_66,rank08,SL1,2.181883408071749
sgRNA_66,rank08,SL2,1.824818652849741
sgRNA_66,rank08,SL3,-0.6597938144329897
sgRNA_66,rank08,TL,0.572295918367347
sgRNA_66,rank08,spacer,1.8335000000000001
sgRNA_66,rank09,SL1,2.181883408071749
sgRNA_66,rank09,SL2,1.824818652849741
sgRNA_66,rank09,SL3,-0.6597938144329897
sgRNA_66,rank09,TL,0.572295918367347
sgRNA_66,rank09,spacer,1.8335000000000001
sgRNA_66,rank10,SL1,2.181883408071749
sgRNA_66,rank10,SL2,1.824818652849741
sgRNA_66,rank10,SL3,-0.6597938144329897
sgRNA_66,rank10,TL,0.572295918367347
sgRNA_66,rank10,spacer,1.8335000000000001
sgRNA_66,rank11,SL1,2.181883408071749
sgRNA_66,rank11,SL2,1.824818652849741
sgRNA_66,rank11,SL3,-0.6597938144329897
sgRNA_66,rank11,TL,0.572295918367347
sgRNA_66,rank11,spacer,1.8335000000000001
sgRNA_67,rank01,SL1,2.021479820627803
sgRNA_67,rank01,SL2,1.1920725388601037
sgRNA_67,rank01,SL3,0.7759793814432989
sgRNA_67,rank01,TL,1.3256632653061224
sgRNA_67,rank01,spacer,1.365705329153605
sgRNA_67,rank02,SL1,2.021479820627803
sgRNA_67,rank02,SL2,1.1920725388601037
sgRNA_67,rank02,SL3,0.7759793814432989
sgRNA_67,rank02,TL,1.3256632653061224
sgRNA_67,rank02,spacer,1.365705329153605
sgRNA_67,rank03,SL1,2.021479820627803
sgRNA_67,rank03,SL2,1.1920725388601037
sgRNA_67,rank03,SL3,0.7759793814432989
sgRNA_67,rank03,TL,1.3256632653061224
sgRNA_67,rank03,spacer,1.365705329153605
sgRNA_67,rank04,SL1,2.021479820627803
sgRNA_67,rank04,SL2,1.1920725388601037
sgRNA_67,rank04,SL3,0.7759793814432989
sgRNA_67,rank04,TL,1.3256632653061224
sgRNA_67,rank04,spacer,1.365705329153605
sgRNA_67,rank05,SL1,2.021479820627803
sgRNA_67,rank05,SL2,1.1920725388601037
sgRNA_67,rank05,SL3,0.7759793814432989
sgRNA_67,rank05,TL,1.3256632653061224
sgRNA_67,rank05,spacer,1.365705329153605
sgRNA_67,rank06,SL1,2.021479820627803
sgRNA_67,rank06,SL2,1.1920725388601037
sgRNA_67,rank06,SL3,0.7759793814432989
sgRNA_67,rank06,TL,1.3256632653061224
sgRNA_67,rank06,spacer,1.365705329153605
sgRNA_67,rank07,SL1,2.021479820627803
sgRNA_67,rank07,SL2,1.1920725388601037
sgRNA_67,rank07,SL3,0.7759793814432989
sgRNA_67,rank07,TL,1.3256632653061224
sgRNA_67,rank07,spacer,1.365705329153605
sgRNA_67,rank08,SL1,2.021479820627803
sgRNA_67,rank08,SL2,1.1920725388601037
sgRNA_67,rank08,SL3,0.7759793814432989
sgRNA_67,rank08,TL,1.3256632653061224
sgRNA_67,rank08,spacer,1.365705329153605
sgRNA_68,rank01,SL1,2.0412556053811657
sgRNA_68,rank01,SL2,1.9415544041450776
sgRNA_68,rank01,SL3,0.1997938144329897
sgRNA_68,rank01,TL,0.9895918367346939
sgRNA_68,rank01,spacer,1.8024881141045956
sgRNA_68,rank02,SL1,2.0412556053811657
sgRNA_68,rank02,SL2,1.9415544041450776
sgRNA_68,rank02,SL3,0.1997938144329897
sgRNA_68,rank02,TL,0.9895918367346939
sgRNA_68,rank02,spacer,1.8024881141045956
sgRNA_68,rank03,SL1,2.0412556053811657
sgRNA_68,rank03,SL2,1.9415544041450776
sgRNA_68,rank03,SL3,0.1997938144329897
sgRNA_68,rank03,TL,0.9895918367346939
sgRNA_68,rank03,spacer,1.8024881141045956
sgRNA_68,rank04,SL1,2.0412556053811657
sgRNA_68,rank04,SL2,1.9415544041450776
sgRNA_68,rank04,SL3,0.1997938144329897
sgRNA_68,rank04,TL,0.9895918367346939
sgRNA_68,rank04,spacer,1.8024881141045956
sgRNA_68,rank05,SL1,2.0412556053811657
sgRNA_68,rank05,SL2,1.9415544041450776
sgRNA_68,rank05,SL3,0.1997938144329897
sgRNA_68,rank05,TL,0.9895918367346939
sgRNA_68,rank05,spacer,1.8024881141045956
sgRNA_68,rank06,SL1,2.0412556053811657
sgRNA_68,rank06,SL2,1.9415544041450776
sgRNA_68,rank06,SL3,0.1997938144329897
sgRNA_68,rank06,TL,0.9895918367346939
sgRNA_68,rank06,spacer,1.8024881141045956
sgRNA_68,rank07,SL1,2.0412556053811657
sgRNA_68,rank07,SL2,1.9415544041450776
sgRNA_68,rank07,SL3,0.1997938144329897
sgRNA_68,rank07,TL,0.9895918367346939
sgRNA_68,rank07,spacer,1.8024881141045956
sgRNA_68,rank08,SL1,2.0412556053811657
sgRNA_68,rank08,SL2,1.9415544041450776
sgRNA_68,rank08,SL3,0.1997938144329897
sgRNA_68,rank08,TL,0.9895918367346939
sgRNA_68,rank08,spacer,1.8024881141045956
sgRNA_68,rank09,SL1,2.0412556053811657
sgRNA_68,rank09,SL2,1.9415544041450776
sgRNA_68,rank09,SL3,0.1997938144329897
sgRNA_68,rank09,TL,0.9895918367346939
sgRNA_68,rank09,spacer,1.8024881141045956
sgRNA_68,rank10,SL1,2.0412556053811657
sgRNA_68,rank10,SL2,1.9415544041450776
sgRNA_68,rank10,SL3,0.1997938144329897
sgRNA_68,rank10,TL,0.9895918367346939
sgRNA_68,rank10,spacer,1.8024881141045956
sgRNA_68,rank11,SL1,2.0412556053811657
sgRNA_68,rank11,SL2,1.9415544041450776
sgRNA_68,rank11,SL3,0.1997938144329897
sgRNA_68,rank11,TL,0.9895918367346939
sgRNA_68,rank11,spacer,1.8024881141045956
sgRNA_68,rank12,SL1,2.0412556053811657
sgRNA_68,rank12,SL2,1.9415544041450776
sgRNA_68,rank12,SL3,0.1997938144329897
sgRNA_68,rank12,TL,0.9895918367346939
sgRNA_68,rank12,spacer,1.8024881141045956
sgRNA_68,rank13,SL1,2.0412556053811657
sgRNA_68,rank13,SL2,1.9415544041450776
sgRNA_68,rank13,SL3,0.1997938144329897
sgRNA_68,rank13,TL,0.9895918367346939
sgRNA_68,rank13,spacer,1.8024881141045956
sgRNA_68,rank14,SL1,2.0412556053811657
sgRNA_68,rank14,SL2,1.9415544041450776
sgRNA_68,rank14,SL3,0.1997938144329897
sgRNA_68,rank14,TL,0.9895918367346939
sgRNA_68,rank14,spacer,1.8024881141045956
sgRNA_69,rank01,SL1,1.3292825112107625
sgRNA_69,rank01,SL2,2.391347150259067
sgRNA_69,rank01,SL3,0.8820618556701031
sgRNA_69,rank01,TL,0.889030612244898
sgRNA_69,rank01,spacer,1.4768404423380728
sgRNA_69,rank02,SL1,1.3292825112107625
sgRNA_69,rank02,SL2,2.391347150259067
sgRNA_69,rank02,SL3,0.8820618556701031
sgRNA_69,rank02,TL,0.889030612244898
sgRNA_69,rank02,spacer,1.4768404423380728
sgRNA_69,rank03,SL1,1.3292825112107625
sgRNA_69,rank03,SL2,2.391347150259067
sgRNA_69,rank03,SL3,0.8820618556701031
sgRNA_69,rank03,TL,0.889030612244898
sgRNA_69,rank03,spacer,1.4768404423380728
sgRNA_69,rank04,SL1,1.3292825112107625
sgRNA_69,rank04,SL2,2.391347150259067
sgRNA_69,rank04,SL3,0.8820618556701031
sgRNA_69,rank04,TL,0.889030612244898
sgRNA_69,rank04,spacer,1.4768404423380728
sgRNA_69,rank05,SL1,1.3292825112107625
sgRNA_69,rank05,SL2,2.391347150259067
sgRNA_69,rank05,SL3,0.8820618556701031
sgRNA_69,rank05,TL,0.889030612244898
sgRNA_69,rank05,spacer,1.4768404423380728
sgRNA_69,rank06,SL1,1.3292825112107625
sgRNA_69,rank06,SL2,2.391347150259067
sgRNA_69,rank06,SL3,0.8820618556701031
sgRNA_69,rank06,TL,0.889030612244898
sgRNA_69,rank06,spacer,1.4768404423380728
sgRNA_69,rank07,SL1,1.3292825112107625
sgRNA_69,rank07,SL2,2.391347150259067
sgRNA_69,rank07,SL3,0.8820618556701031
sgRNA_69,rank07,TL,0.889030612244898
sgRNA_69,rank07,spacer,1.4768404423380728
sgRNA_69,rank08,SL1,1.3292825112107625
sgRNA_69,rank08,SL2,2.391347150259067
sgRNA_69,rank08,SL3,0.8820618556701031
sgRNA_69,rank08,TL,0.889030612244898
sgRNA_69,rank08,spacer,1.4768404423380728
sgRNA_69,rank09,SL1,1.3292825112107625
sgRNA_69,rank09,SL2,2.391347150259067
sgRNA_69,rank09,SL3,0.8820618556701031
sgRNA_69,rank09,TL,0.889030612244898
sgRNA_69,rank09,spacer,1.4768404423380728
sgRNA_7,rank01,SL1,1.3960538116591927
sgRNA_7,rank01,SL2,1.5323316062176167
sgRNA_7,rank01,SL3,0.28938144329896903
sgRNA_7,rank01,TL,2.114744897959184
sgRNA_7,rank01,spacer,1.6818652037617554
sgRNA_7,rank02,SL1,1.3960538116591927
sgRNA_7,rank02,SL2,1.5323316062176167
sgRNA_7,rank02,SL3,0.28938144329896903
sgRNA_7,rank02,TL,2.114744897959184
sgRNA_7,rank02,spacer,1.6818652037617554
sgRNA_7,rank03,SL1,1.3960538116591927
sgRNA_7,rank03,SL2,1.5323316062176167
sgRNA_7,rank03,SL3,0.28938144329896903
sgRNA_7,rank03,TL,2.114744897959184
sgRNA_7,rank03,spacer,1.6818652037617554
sgRNA_7,rank04,SL1,1.3960538116591927
sgRNA_7,rank04,SL2,1.5323316062176167
sgRNA_7,rank04,SL3,0.28938144329896903
sgRNA_7,rank04,TL,2.114744897959184
sgRNA_7,rank04,spacer,1.6818652037617554
sgRNA_7,rank05,SL1,1.3960538116591927
sgRNA_7,rank05,SL2,1.5323316062176167
sgRNA_7,rank05,SL3,0.28938144329896903
sgRNA_7,rank05,TL,2.114744897959184
sgRNA_7,rank05,spacer,1.6818652037617554
sgRNA_7,rank06,SL1,1.3960538116591927
sgRNA_7,rank06,SL2,1.5323316062176167
sgRNA_7,rank06,SL3,0.28938144329896903
sgRNA_7,rank06,TL,2.114744897959184
sgRNA_7,rank06,spacer,1.6818652037617554
sgRNA_7,rank07,SL1,1.3960538116591927
sgRNA_7,rank07,SL2,1.5323316062176167
sgRNA_7,rank07,SL3,0.28938144329896903
sgRNA_7,rank07,TL,2.114744897959184
sgRNA_7,rank07,spacer,1.6818652037617554
sgRNA_7,rank08,SL1,1.3960538116591927
sgRNA_7,rank08,SL2,1.5323316062176167
sgRNA_7,rank08,SL3,0.28938144329896903
sgRNA_7,rank08,TL,2.114744897959184
sgRNA_7,rank08,spacer,1.6818652037617554
sgRNA_7,rank09,SL1,1.3960538116591927
sgRNA_7,rank09,SL2,1.5323316062176167
sgRNA_7,rank09,SL3,0.28938144329896903
sgRNA_7,rank09,TL,2.114744897959184
sgRNA_7,rank09,spacer,1.6818652037617554
sgRNA_7,rank10,SL1,1.3960538116591927
sgRNA_7,rank10,SL2,1.5323316062176167
sgRNA_7,rank10,SL3,0.28938144329896903
sgRNA_7,rank10,TL,2.114744897959184
sgRNA_7,rank10,spacer,1.6818652037617554
sgRNA_7,rank11,SL1,1.3960538116591927
sgRNA_7,rank11,SL2,1.5323316062176167
sgRNA_7,rank11,SL3,0.28938144329896903
sgRNA_7,rank11,TL,2.114744897959184
sgRNA_7,rank11,spacer,1.6818652037617554
sgRNA_70,rank01,SL1,2.2130941704035876
sgRNA_70,rank01,SL2,1.1117098445595854
sgRNA_70,rank01,SL3,-0.30927835051546393
sgRNA_70,rank01,TL,1.6821428571428572
sgRNA_70,rank01,spacer,1.5507704402515723
sgRNA_70,rank02,SL1,2.2130941704035876
sgRNA_70,rank02,SL2,1.1117098445595854
sgRNA_70,rank02,SL3,-0.30927835051546393
sgRNA_70,rank02,TL,1.6821428571428572
sgRNA_70,rank02,spacer,1.5507704402515723
sgRNA_70,rank03,SL1,2.2130941704035876
sgRNA_70,rank03,SL2,1.1117098445595854
sgRNA_70,rank03,SL3,-0.30927835051546393
sgRNA_70,rank03,TL,1.6821428571428572
sgRNA_70,rank03,spacer,1.5507704402515723
sgRNA_70,rank04,SL1,2.2130941704035876
sgRNA_70,rank04,SL2,1.1117098445595854
sgRNA_70,rank04,SL3,-0.30927835051546393
sgRNA_70,rank04,TL,1.6821428571428572
sgRNA_70,rank04,spacer,1.5507704402515723
sgRNA_70,rank05,SL1,2.2130941704035876
sgRNA_70,rank05,SL2,1.1117098445595854
sgRNA_70,rank05,SL3,-0.30927835051546393
sgRNA_70,rank05,TL,1.6821428571428572
sgRNA_70,rank05,spacer,1.5507704402515723
sgRNA_70,rank06,SL1,2.2130941704035876
sgRNA_70,rank06,SL2,1.1117098445595854
sgRNA_70,rank06,SL3,-0.30927835051546393
sgRNA_70,rank06,TL,1.6821428571428572
sgRNA_70,rank06,spacer,1.5507704402515723
sgRNA_70,rank07,SL1,2.2130941704035876
sgRNA_70,rank07,SL2,1.1117098445595854
sgRNA_70,rank07,SL3,-0.30927835051546393
sgRNA_70,rank07,TL,1.6821428571428572
sgRNA_70,rank07,spacer,1.5507704402515723
sgRNA_70,rank08,SL1,2.2130941704035876
sgRNA_70,rank08,SL2,1.1117098445595854
sgRNA_70,rank08,SL3,-0.30927835051546393
sgRNA_70,rank08,TL,1.6821428571428572
sgRNA_70,rank08,spacer,1.5507704402515723
sgRNA_70,rank09,SL1,2.2130941704035876
sgRNA_70,rank09,SL2,1.1117098445595854
sgRNA_70,rank09,SL3,-0.30927835051546393
sgRNA_70,rank09,TL,1.6821428571428572
sgRNA_70,rank09,spacer,1.5507704402515723
sgRNA_70,rank10,SL1,2.2130941704035876
sgRNA_70,rank10,SL2,1.1117098445595854
sgRNA_70,rank10,SL3,-0.30927835051546393
sgRNA_70,rank10,TL,1.6821428571428572
sgRNA_70,rank10,spacer,1.5507704402515723
sgRNA_70,rank11,SL1,2.2130941704035876
sgRNA_70,rank11,SL2,1.1117098445595854
sgRNA_70,rank11,SL3,-0.30927835051546393
sgRNA_70,rank11,TL,1.6821428571428572
sgRNA_70,rank11,spacer,1.5507704402515723
sgRNA_70,rank12,SL1,2.2130941704035876
sgRNA_70,rank12,SL2,1.1117098445595854
sgRNA_70,rank12,SL3,-0.30927835051546393
sgRNA_70,rank12,TL,1.6821428571428572
sgRNA_70,rank12,spacer,1.5507704402515723
sgRNA_70,rank13,SL1,2.2130941704035876
sgRNA_70,rank13,SL2,1.1117098445595854
sgRNA_70,rank13,SL3,-0.30927835051546393
sgRNA_70,rank13,TL,1.6821428571428572
sgRNA_70,rank13,spacer,1.5507704402515723
sgRNA_70,rank14,SL1,2.2130941704035876
sgRNA_70,rank14,SL2,1.1117098445595854
sgRNA_70,rank14,SL3,-0.30927835051546393
sgRNA_70,rank14,TL,1.6821428571428572
sgRNA_70,rank14,spacer,1.5507704402515723
sgRNA_70,rank15,SL1,2.2130941704035876
sgRNA_70,rank15,SL2,1.1117098445595854
sgRNA_70,rank15,SL3,-0.30927835051546393
sgRNA_70,rank15,TL,1.6821428571428572
sgRNA_70,rank15,spacer,1.5507704402515723
sgRNA_71,rank01,SL1,1.2875784753363229
sgRNA_71,rank01,SL2,1.330880829015544
sgRNA_71,rank01,SL3,0.0
sgRNA_71,rank01,TL,0.17556122448979591
sgRNA_71,rank01,spacer,1.5028188976377952
sgRNA_71,rank02,SL1,1.2875784753363229
sgRNA_71,rank02,SL2,1.330880829015544
sgRNA_71,rank02,SL3,0.0
sgRNA_71,rank02,TL,0.17556122448979591
sgRNA_71,rank02,spacer,1.5028188976377952
sgRNA_71,rank03,SL1,1.2875784753363229
sgRNA_71,rank03,SL2,1.330880829015544
sgRNA_71,rank03,SL3,0.0
sgRNA_71,rank03,TL,0.17556122448979591
sgRNA_71,rank03,spacer,1.5028188976377952
sgRNA_71,rank04,SL1,1.2875784753363229
sgRNA_71,rank04,SL2,1.330880829015544
sgRNA_71,rank04,SL3,0.0
sgRNA_71,rank04,TL,0.17556122448979591
sgRNA_71,rank04,spacer,1.5028188976377952
sgRNA_71,rank05,SL1,1.2875784753363229
sgRNA_71,rank05,SL2,1.330880829015544
sgRNA_71,rank05,SL3,0.0
sgRNA_71,rank05,TL,0.17556122448979591
sgRNA_71,rank05,spacer,1.5028188976377952
sgRNA_71,rank06,SL1,1.2875784753363229
sgRNA_71,rank06,SL2,1.330880829015544
sgRNA_71,rank06,SL3,0.0
sgRNA_71,rank06,TL,0.17556122448979591
sgRNA_71,rank06,spacer,1.5028188976377952
sgRNA_71,rank07,SL1,1.2875784753363229
sgRNA_71,rank07,SL2,1.330880829015544
sgRNA_71,rank07,SL3,0.0
sgRNA_71,rank07,TL,0.17556122448979591
sgRNA_71,rank07,spacer,1.5028188976377952
sgRNA_71,rank08,SL1,1.2875784753363229
sgRNA_71,rank08,SL2,1.330880829015544
sgRNA_71,rank08,SL3,0.0
sgRNA_71,rank08,TL,0.17556122448979591
sgRNA_71,rank08,spacer,1.5028188976377952
sgRNA_72,rank01,SL1,1.2561883408071748
sgRNA_72,rank01,SL2,1.4064766839378238
sgRNA_72,rank01,SL3,0.7546391752577319
sgRNA_72,rank01,TL,-0.336734693877551
sgRNA_72,rank01,spacer,1.55075
sgRNA_72,rank02,SL1,1.2561883408071748
sgRNA_72,rank02,SL2,1.4064766839378238
sgRNA_72,rank02,SL3,0.7546391752577319
sgRNA_72,rank02,TL,-0.336734693877551
sgRNA_72,rank02,spacer,1.55075
sgRNA_72,rank03,SL1,1.2561883408071748
sgRNA_72,rank03,SL2,1.4064766839378238
sgRNA_72,rank03,SL3,0.7546391752577319
sgRNA_72,rank03,TL,-0.336734693877551
sgRNA_72,rank03,spacer,1.55075
sgRNA_72,rank04,SL1,1.2561883408071748
sgRNA_72,rank04,SL2,1.4064766839378238
sgRNA_72,rank04,SL3,0.7546391752577319
sgRNA_72,rank04,TL,-0.336734693877551
sgRNA_72,rank04,spacer,1.55075
sgRNA_72,rank05,SL1,1.2561883408071748
sgRNA_72,rank05,SL2,1.4064766839378238
sgRNA_72,rank05,SL3,0.7546391752577319
sgRNA_72,rank05,TL,-0.336734693877551
sgRNA_72,rank05,spacer,1.55075
sgRNA_72,rank06,SL1,1.2561883408071748
sgRNA_72,rank06,SL2,1.4064766839378238
sgRNA_72,rank06,SL3,0.7546391752577319
sgRNA_72,rank06,TL,-0.336734693877551
sgRNA_72,rank06,spacer,1.55075
sgRNA_72,rank07,SL1,1.2561883408071748
sgRNA_72,rank07,SL2,1.4064766839378238
sgRNA_72,rank07,SL3,0.7546391752577319
sgRNA_72,rank07,TL,-0.336734693877551
sgRNA_72,rank07,spacer,1.55075
sgRNA_72,rank08,SL1,1.2561883408071748
sgRNA_72,rank08,SL2,1.4064766839378238
sgRNA_72,rank08,SL3,0.7546391752577319
sgRNA_72,rank08,TL,-0.336734693877551
sgRNA_72,rank08,spacer,1.55075
sgRNA_73,rank01,SL1,0.847085201793722
sgRNA_73,rank01,SL2,1.1235233160621763
sgRNA_73,rank01,SL3,0.0
sgRNA_73,rank01,TL,1.8489285714285713
sgRNA_73,rank01,spacer,1.812066772655008
sgRNA_73,rank02,SL1,0.847085201793722
sgRNA_73,rank02,SL2,1.1235233160621763
sgRNA_73,rank02,SL3,0.0
sgRNA_73,rank02,TL,1.8489285714285713
sgRNA_73,rank02,spacer,1.812066772655008
sgRNA_73,rank03,SL1,0.847085201793722
sgRNA_73,rank03,SL2,1.1235233160621763
sgRNA_73,rank03,SL3,0.0
sgRNA_73,rank03,TL,1.8489285714285713
sgRNA_73,rank03,spacer,1.812066772655008
sgRNA_73,rank04,SL1,0.847085201793722
sgRNA_73,rank04,SL2,1.1235233160621763
sgRNA_73,rank04,SL3,0.0
sgRNA_73,rank04,TL,1.8489285714285713
sgRNA_73,rank04,spacer,1.812066772655008
sgRNA_73,rank05,SL1,0.847085201793722
sgRNA_73,rank05,SL2,1.1235233160621763
sgRNA_73,rank05,SL3,0.0
sgRNA_73,rank05,TL,1.8489285714285713
sgRNA_73,rank05,spacer,1.812066772655008
sgRNA_73,rank06,SL1,0.847085201793722
sgRNA_73,rank06,SL2,1.1235233160621763
sgRNA_73,rank06,SL3,0.0
sgRNA_73,rank06,TL,1.8489285714285713
sgRNA_73,rank06,spacer,1.812066772655008
sgRNA_73,rank07,SL1,0.847085201793722
sgRNA_73,rank07,SL2,1.1235233160621763
sgRNA_73,rank07,SL3,0.0
sgRNA_73,rank07,TL,1.8489285714285713
sgRNA_73,rank07,spacer,1.812066772655008
sgRNA_73,rank08,SL1,0.847085201793722
sgRNA_73,rank08,SL2,1.1235233160621763
sgRNA_73,rank08,SL3,0.0
sgRNA_73,rank08,TL,1.8489285714285713
sgRNA_73,rank08,spacer,1.812066772655008
sgRNA_73,rank09,SL1,0.847085201793722
sgRNA_73,rank09,SL2,1.1235233160621763
sgRNA_73,rank09,SL3,0.0
sgRNA_73,rank09,TL,1.8489285714285713
sgRNA_73,rank09,spacer,1.812066772655008
sgRNA_73,rank10,SL1,0.847085201793722
sgRNA_73,rank10,SL2,1.1235233160621763
sgRNA_73,rank10,SL3,0.0
sgRNA_73,rank10,TL,1.8489285714285713
sgRNA_73,rank10,spacer,1.812066772655008
sgRNA_74,rank01,SL1,1.4899551569506726
sgRNA_74,rank01,SL2,1.6976165803108807
sgRNA_74,rank01,SL3,0.7581443298969072
sgRNA_74,rank01,TL,1.1993877551020409
sgRNA_74,rank01,spacer,1.0779617834394906
sgRNA_74,rank02,SL1,1.4899551569506726
sgRNA_74,rank02,SL2,1.6976165803108807
sgRNA_74,rank02,SL3,0.7581443298969072
sgRNA_74,rank02,TL,1.1993877551020409
sgRNA_74,rank02,spacer,1.0779617834394906
sgRNA_74,rank03,SL1,1.4899551569506726
sgRNA_74,rank03,SL2,1.6976165803108807
sgRNA_74,rank03,SL3,0.7581443298969072
sgRNA_74,rank03,TL,1.1993877551020409
sgRNA_74,rank03,spacer,1.0779617834394906
sgRNA_74,rank04,SL1,1.4899551569506726
sgRNA_74,rank04,SL2,1.6976165803108807
sgRNA_74,rank04,SL3,0.7581443298969072
sgRNA_74,rank04,TL,1.1993877551020409
sgRNA_74,rank04,spacer,1.0779617834394906
sgRNA_74,rank05,SL1,1.4899551569506726
sgRNA_74,rank05,SL2,1.6976165803108807
sgRNA_74,rank05,SL3,0.7581443298969072
sgRNA_74,rank05,TL,1.1993877551020409
sgRNA_74,rank05,spacer,1.0779617834394906
sgRNA_74,rank06,SL1,1.4899551569506726
sgRNA_74,rank06,SL2,1.6976165803108807
sgRNA_74,rank06,SL3,0.7581443298969072
sgRNA_74,rank06,TL,1.1993877551020409
sgRNA_74,rank06,spacer,1.0779617834394906
sgRNA_74,rank07,SL1,1.4899551569506726
sgRNA_74,rank07,SL2,1.6976165803108807
sgRNA_74,rank07,SL3,0.7581443298969072
sgRNA_74,rank07,TL,1.1993877551020409
sgRNA_74,rank07,spacer,1.0779617834394906
sgRNA_74,rank08,SL1,1.4899551569506726
sgRNA_74,rank08,SL2,1.6976165803108807
sgRNA_74,rank08,SL3,0.7581443298969072
sgRNA_74,rank08,TL,1.1993877551020409
sgRNA_74,rank08,spacer,1.0779617834394906
sgRNA_75,rank01,SL1,1.5517040358744394
sgRNA_75,rank01,SL2,2.1858031088082903
sgRNA_75,rank01,SL3,0.17927835051546392
sgRNA_75,rank01,TL,1.5835204081632652
sgRNA_75,rank01,spacer,1.3171496062992125
sgRNA_75,rank02,SL1,1.5517040358744394
sgRNA_75,rank02,SL2,2.1858031088082903
sgRNA_75,rank02,SL3,0.17927835051546392
sgRNA_75,rank02,TL,1.5835204081632652
sgRNA_75,rank02,spacer,1.3171496062992125
sgRNA_75,rank03,SL1,1.5517040358744394
sgRNA_75,rank03,SL2,2.1858031088082903
sgRNA_75,rank03,SL3,0.17927835051546392
sgRNA_75,rank03,TL,1.5835204081632652
sgRNA_75,rank03,spacer,1.3171496062992125
sgRNA_75,rank04,SL1,1.5517040358744394
sgRNA_75,rank04,SL2,2.1858031088082903
sgRNA_75,rank04,SL3,0.17927835051546392
sgRNA_75,rank04,TL,1.5835204081632652
sgRNA_75,rank04,spacer,1.3171496062992125
sgRNA_75,rank05,SL1,1.5517040358744394
sgRNA_75,rank05,SL2,2.1858031088082903
sgRNA_75,rank05,SL3,0.17927835051546392
sgRNA_75,rank05,TL,1.5835204081632652
sgRNA_75,rank05,spacer,1.3171496062992125
sgRNA_75,rank06,SL1,1.5517040358744394
sgRNA_75,rank06,SL2,2.1858031088082903
sgRNA_75,rank06,SL3,0.17927835051546392
sgRNA_75,rank06,TL,1.5835204081632652
sgRNA_75,rank06,spacer,1.3171496062992125
sgRNA_75,rank07,SL1,1.5517040358744394
sgRNA_75,rank07,SL2,2.1858031088082903
sgRNA_75,rank07,SL3,0.17927835051546392
sgRNA_75,rank07,TL,1.5835204081632652
sgRNA_75,rank07,spacer,1.3171496062992125
sgRNA_75,rank08,SL1,1.5517040358744394
sgRNA_75,rank08,SL2,2.1858031088082903
sgRNA_75,rank08,SL3,0.17927835051546392
sgRNA_75,rank08,TL,1.5835204081632652
sgRNA_75,rank08,spacer,1.3171496062992125
sgRNA_75,rank09,SL1,1.5517040358744394
sgRNA_75,rank09,SL2,2.1858031088082903
sgRNA_75,rank09,SL3,0.17927835051546392
sgRNA_75,rank09,TL,1.5835204081632652
sgRNA_75,rank09,spacer,1.3171496062992125
sgRNA_75,rank10,SL1,1.5517040358744394
sgRNA_75,rank10,SL2,2.1858031088082903
sgRNA_75,rank10,SL3,0.17927835051546392
sgRNA_75,rank10,TL,1.5835204081632652
sgRNA_75,rank10,spacer,1.3171496062992125
sgRNA_76,rank01,SL1,2.126860986547085
sgRNA_76,rank01,SL2,1.4459067357512954
sgRNA_76,rank01,SL3,0.27298969072164947
sgRNA_76,rank01,TL,0.7435204081632653
sgRNA_76,rank01,spacer,1.395968992248062
sgRNA_76,rank02,SL1,2.126860986547085
sgRNA_76,rank02,SL2,1.4459067357512954
sgRNA_76,rank02,SL3,0.27298969072164947
sgRNA_76,rank02,TL,0.7435204081632653
sgRNA_76,rank02,spacer,1.395968992248062
sgRNA_76,rank03,SL1,2.126860986547085
sgRNA_76,rank03,SL2,1.4459067357512954
sgRNA_76,rank03,SL3,0.27298969072164947
sgRNA_76,rank03,TL,0.7435204081632653
sgRNA_76,rank03,spacer,1.395968992248062
sgRNA_76,rank04,SL1,2.126860986547085
sgRNA_76,rank04,SL2,1.4459067357512954
sgRNA_76,rank04,SL3,0.27298969072164947
sgRNA_76,rank04,TL,0.7435204081632653
sgRNA_76,rank04,spacer,1.395968992248062
sgRNA_76,rank05,SL1,2.126860986547085
sgRNA_76,rank05,SL2,1.4459067357512954
sgRNA_76,rank05,SL3,0.27298969072164947
sgRNA_76,rank05,TL,0.7435204081632653
sgRNA_76,rank05,spacer,1.395968992248062
sgRNA_76,rank06,SL1,2.126860986547085
sgRNA_76,rank06,SL2,1.4459067357512954
sgRNA_76,rank06,SL3,0.27298969072164947
sgRNA_76,rank06,TL,0.7435204081632653
sgRNA_76,rank06,spacer,1.395968992248062
sgRNA_76,rank07,SL1,2.126860986547085
sgRNA_76,rank07,SL2,1.4459067357512954
sgRNA_76,rank07,SL3,0.27298969072164947
sgRNA_76,rank07,TL,0.7435204081632653
sgRNA_76,rank07,spacer,1.395968992248062
sgRNA_76,rank08,SL1,2.126860986547085
sgRNA_76,rank08,SL2,1.4459067357512954
sgRNA_76,rank08,SL3,0.27298969072164947
sgRNA_76,rank08,TL,0.7435204081632653
sgRNA_76,rank08,spacer,1.395968992248062
sgRNA_77,rank01,SL1,1.6560986547085201
sgRNA_77,rank01,SL2,1.4991191709844558
sgRNA_77,rank01,SL3,-0.6597938144329897
sgRNA_77,rank01,TL,0.14801020408163265
sgRNA_77,rank01,spacer,1.4229577464788732
sgRNA_77,rank02,SL1,1.6560986547085201
sgRNA_77,rank02,SL2,1.4991191709844558
sgRNA_77,rank02,SL3,-0.6597938144329897
sgRNA_77,rank02,TL,0.14801020408163265
sgRNA_77,rank02,spacer,1.4229577464788732
sgRNA_77,rank03,SL1,1.6560986547085201
sgRNA_77,rank03,SL2,1.4991191709844558
sgRNA_77,rank03,SL3,-0.6597938144329897
sgRNA_77,rank03,TL,0.14801020408163265
sgRNA_77,rank03,spacer,1.4229577464788732
sgRNA_77,rank04,SL1,1.6560986547085201
sgRNA_77,rank04,SL2,1.4991191709844558
sgRNA_77,rank04,SL3,-0.6597938144329897
sgRNA_77,rank04,TL,0.14801020408163265
sgRNA_77,rank04,spacer,1.4229577464788732
sgRNA_77,rank05,SL1,1.6560986547085201
sgRNA_77,rank05,SL2,1.4991191709844558
sgRNA_77,rank05,SL3,-0.6597938144329897
sgRNA_77,rank05,TL,0.14801020408163265
sgRNA_77,rank05,spacer,1.4229577464788732
sgRNA_77,rank06,SL1,1.6560986547085201
sgRNA_77,rank06,SL2,1.4991191709844558
sgRNA_77,rank06,SL3,-0.6597938144329897
sgRNA_77,rank06,TL,0.14801020408163265
sgRNA_77,rank06,spacer,1.4229577464788732
sgRNA_78,rank01,SL1,1.7037219730941704
sgRNA_78,rank01,SL2,1.361865284974093
sgRNA_78,rank01,SL3,1.4859793814432989
sgRNA_78,rank01,TL,0.8823979591836734
sgRNA_78,rank01,spacer,1.2944620253164558
sgRNA_78,rank02,SL1,1.7037219730941704
sgRNA_78,rank02,SL2,1.361865284974093
sgRNA_78,rank02,SL3,1.4859793814432989
sgRNA_78,rank02,TL,0.8823979591836734
sgRNA_78,rank02,spacer,1.2944620253164558
sgRNA_78,rank03,SL1,1.7037219730941704
sgRNA_78,rank03,SL2,1.361865284974093
sgRNA_78,rank03,SL3,1.4859793814432989
sgRNA_78,rank03,TL,0.8823979591836734
sgRNA_78,rank03,spacer,1.2944620253164558
sgRNA_78,rank04,SL1,1.7037219730941704
sgRNA_78,rank04,SL2,1.361865284974093
sgRNA_78,rank04,SL3,1.4859793814432989
sgRNA_78,rank04,TL,0.8823979591836734
sgRNA_78,rank04,spacer,1.2944620253164558
sgRNA_78,rank05,SL1,1.7037219730941704
sgRNA_78,rank05,SL2,1.361865284974093
sgRNA_78,rank05,SL3,1.4859793814432989
sgRNA_78,rank05,TL,0.8823979591836734
sgRNA_78,rank05,spacer,1.2944620253164558
sgRNA_78,rank06,SL1,1.7037219730941704
sgRNA_78,rank06,SL2,1.361865284974093
sgRNA_78,rank06,SL3,1.4859793814432989
sgRNA_78,rank06,TL,0.8823979591836734
sgRNA_78,rank06,spacer,1.2944620253164558
sgRNA_79,rank01,SL1,2.5814798206278025
sgRNA_79,rank01,SL2,1.7703108808290156
sgRNA_79,rank01,SL3,-0.6907216494845361
sgRNA_79,rank01,TL,0.4409183673469388
sgRNA_79,rank01,spacer,2.10860248447205
sgRNA_79,rank02,SL1,2.5814798206278025
sgRNA_79,rank02,SL2,1.7703108808290156
sgRNA_79,rank02,SL3,-0.6907216494845361
sgRNA_79,rank02,TL,0.4409183673469388
sgRNA_79,rank02,spacer,2.10860248447205
sgRNA_79,rank03,SL1,2.5814798206278025
sgRNA_79,rank03,SL2,1.7703108808290156
sgRNA_79,rank03,SL3,-0.6907216494845361
sgRNA_79,rank03,TL,0.4409183673469388
sgRNA_79,rank03,spacer,2.10860248447205
sgRNA_79,rank04,SL1,2.5814798206278025
sgRNA_79,rank04,SL2,1.7703108808290156
sgRNA_79,rank04,SL3,-0.6907216494845361
sgRNA_79,rank04,TL,0.4409183673469388
sgRNA_79,rank04,spacer,2.10860248447205
sgRNA_79,rank05,SL1,2.5814798206278025
sgRNA_79,rank05,SL2,1.7703108808290156
sgRNA_79,rank05,SL3,-0.6907216494845361
sgRNA_79,rank05,TL,0.4409183673469388
sgRNA_79,rank05,spacer,2.10860248447205
sgRNA_79,rank06,SL1,2.5814798206278025
sgRNA_79,rank06,SL2,1.7703108808290156
sgRNA_79,rank06,SL3,-0.6907216494845361
sgRNA_79,rank06,TL,0.4409183673469388
sgRNA_79,rank06,spacer,2.10860248447205
sgRNA_79,rank07,SL1,2.5814798206278025
sgRNA_79,rank07,SL2,1.7703108808290156
sgRNA_79,rank07,SL3,-0.6907216494845361
sgRNA_79,rank07,TL,0.4409183673469388
sgRNA_79,rank07,spacer,2.10860248447205
sgRNA_79,rank08,SL1,2.5814798206278025
sgRNA_79,rank08,SL2,1.7703108808290156
sgRNA_79,rank08,SL3,-0.6907216494845361
sgRNA_79,rank08,TL,0.4409183673469388
sgRNA_79,rank08,spacer,2.10860248447205
sgRNA_79,rank09,SL1,2.5814798206278025
sgRNA_79,rank09,SL2,1.7703108808290156
sgRNA_79,rank09,SL3,-0.6907216494845361
sgRNA_79,rank09,TL,0.4409183673469388
sgRNA_79,rank09,spacer,2.10860248447205
sgRNA_8,rank01,SL1,1.8573991031390134
sgRNA_8,rank01,SL2,1.2247668393782383
sgRNA_8,rank01,SL3,-1.0
sgRNA_8,rank01,TL,2.4749489795918365
sgRNA_8,rank01,spacer,2.17896875
sgRNA_8,rank02,SL1,1.8573991031390134
sgRNA_8,rank02,SL2,1.2247668393782383
sgRNA_8,rank02,SL3,-1.0
sgRNA_8,rank02,TL,2.4749489795918365
sgRNA_8,rank02,spacer,2.17896875
sgRNA_8,rank03,SL1,1.8573991031390134
sgRNA_8,rank03,SL2,1.2247668393782383
sgRNA_8,rank03,SL3,-1.0
sgRNA_8,rank03,TL,2.4749489795918365
sgRNA_8,rank03,spacer,2.17896875
sgRNA_8,rank04,SL1,1.8573991031390134
sgRNA_8,rank04,SL2,1.2247668393782383
sgRNA_8,rank04,SL3,-1.0
sgRNA_8,rank04,TL,2.4749489795918365
sgRNA_8,rank04,spacer,2.17896875
sgRNA_8,rank05,SL1,1.8573991031390134
sgRNA_8,rank05,SL2,1.2247668393782383
sgRNA_8,rank05,SL3,-1.0
sgRNA_8,rank05,TL,2.4749489795918365
sgRNA_8,rank05,spacer,2.17896875
sgRNA_8,rank06,SL1,1.8573991031390134
sgRNA_8,rank06,SL2,1.2247668393782383
sgRNA_8,rank06,SL3,-1.0
sgRNA_8,rank06,TL,2.4749489795918365
sgRNA_8,rank06,spacer,2.17896875
sgRNA_8,rank07,SL1,1.8573991031390134
sgRNA_8,rank07,SL2,1.2247668393782383
sgRNA_8,rank07,SL3,-1.0
sgRNA_8,rank07,TL,2.4749489795918365
sgRNA_8,rank07,spacer,2.17896875
sgRNA_8,rank08,SL1,1.8573991031390134
sgRNA_8,rank08,SL2,1.2247668393782383
sgRNA_8,rank08,SL3,-1.0
sgRNA_8,rank08,TL,2.4749489795918365
sgRNA_8,rank08,spacer,2.17896875
sgRNA_80,rank01,SL1,2.467488789237668
sgRNA_80,rank01,SL2,1.8391709844559585
sgRNA_80,rank01,SL3,0.5304123711340206
sgRNA_80,rank01,TL,0.6255102040816327
sgRNA_80,rank01,spacer,1.9166401273885352
sgRNA_80,rank02,SL1,2.467488789237668
sgRNA_80,rank02,SL2,1.8391709844559585
sgRNA_80,rank02,SL3,0.5304123711340206
sgRNA_80,rank02,TL,0.6255102040816327
sgRNA_80,rank02,spacer,1.9166401273885352
sgRNA_80,rank03,SL1,2.467488789237668
sgRNA_80,rank03,SL2,1.8391709844559585
sgRNA_80,rank03,SL3,0.5304123711340206
sgRNA_80,rank03,TL,0.6255102040816327
sgRNA_80,rank03,spacer,1.9166401273885352
sgRNA_80,rank04,SL1,2.467488789237668
sgRNA_80,rank04,SL2,1.8391709844559585
sgRNA_80,rank04,SL3,0.5304123711340206
sgRNA_80,rank04,TL,0.6255102040816327
sgRNA_80,rank04,spacer,1.9166401273885352
sgRNA_80,rank05,SL1,2.467488789237668
sgRNA_80,rank05,SL2,1.8391709844559585
sgRNA_80,rank05,SL3,0.5304123711340206
sgRNA_80,rank05,TL,0.6255102040816327
sgRNA_80,rank05,spacer,1.9166401273885352
sgRNA_80,rank06,SL1,2.467488789237668
sgRNA_80,rank06,SL2,1.8391709844559585
sgRNA_80,rank06,SL3,0.5304123711340206
sgRNA_80,rank06,TL,0.6255102040816327
sgRNA_80,rank06,spacer,1.9166401273885352
sgRNA_80,rank07,SL1,2.467488789237668
sgRNA_80,rank07,SL2,1.8391709844559585
sgRNA_80,rank07,SL3,0.5304123711340206
sgRNA_80,rank07,TL,0.6255102040816327
sgRNA_80,rank07,spacer,1.9166401273885352
sgRNA_80,rank08,SL1,2.467488789237668
sgRNA_80,rank08,SL2,1.8391709844559585
sgRNA_80,rank08,SL3,0.5304123711340206
sgRNA_80,rank08,TL,0.6255102040816327
sgRNA_80,rank08,spacer,1.9166401273885352
sgRNA_80,rank09,SL1,2.467488789237668
sgRNA_80,rank09,SL2,1.8391709844559585
sgRNA_80,rank09,SL3,0.5304123711340206
sgRNA_80,rank09,TL,0.6255102040816327
sgRNA_80,rank09,spacer,1.9166401273885352
sgRNA_80,rank10,SL1,2.467488789237668
sgRNA_80,rank10,SL2,1.8391709844559585
sgRNA_80,rank10,SL3,0.5304123711340206
sgRNA_80,rank10,TL,0.6255102040816327
sgRNA_80,rank10,spacer,1.9166401273885352
sgRNA_80,rank11,SL1,2.467488789237668
sgRNA_80,rank11,SL2,1.8391709844559585
sgRNA_80,rank11,SL3,0.5304123711340206
sgRNA_80,rank11,TL,0.6255102040816327
sgRNA_80,rank11,spacer,1.9166401273885352
sgRNA_80,rank12,SL1,2.467488789237668
sgRNA_80,rank12,SL2,1.8391709844559585
sgRNA_80,rank12,SL3,0.5304123711340206
sgRNA_80,rank12,TL,0.6255102040816327
sgRNA_80,rank12,spacer,1.9166401273885352
sgRNA_81,rank01,SL1,1.2338565022421524
sgRNA_81,rank01,SL2,1.7304663212435234
sgRNA_81,rank01,SL3,1.3643298969072166
sgRNA_81,rank01,TL,0.9906632653061225
sgRNA_81,rank01,spacer,1.9006656346749224
sgRNA_81,rank02,SL1,1.2338565022421524
sgRNA_81,rank02,SL2,1.7304663212435234
sgRNA_81,rank02,SL3,1.3643298969072166
sgRNA_81,rank02,TL,0.9906632653061225
sgRNA_81,rank02,spacer,1.9006656346749224
sgRNA_81,rank03,SL1,1.2338565022421524
sgRNA_81,rank03,SL2,1.7304663212435234
sgRNA_81,rank03,SL3,1.3643298969072166
sgRNA_81,rank03,TL,0.9906632653061225
sgRNA_81,rank03,spacer,1.9006656346749224
sgRNA_81,rank04,SL1,1.2338565022421524
sgRNA_81,rank04,SL2,1.7304663212435234
sgRNA_81,rank04,SL3,1.3643298969072166
sgRNA_81,rank04,TL,0.9906632653061225
sgRNA_81,rank04,spacer,1.9006656346749224
sgRNA_81,rank05,SL1,1.2338565022421524
sgRNA_81,rank05,SL2,1.7304663212435234
sgRNA_81,rank05,SL3,1.3643298969072166
sgRNA_81,rank05,TL,0.9906632653061225
sgRNA_81,rank05,spacer,1.9006656346749224
sgRNA_81,rank06,SL1,1.2338565022421524
sgRNA_81,rank06,SL2,1.7304663212435234
sgRNA_81,rank06,SL3,1.3643298969072166
sgRNA_81,rank06,TL,0.9906632653061225
sgRNA_81,rank06,spacer,1.9006656346749224
sgRNA_81,rank07,SL1,1.2338565022421524
sgRNA_81,rank07,SL2,1.7304663212435234
sgRNA_81,rank07,SL3,1.3643298969072166
sgRNA_81,rank07,TL,0.9906632653061225
sgRNA_81,rank07,spacer,1.9006656346749224
sgRNA_81,rank08,SL1,1.2338565022421524
sgRNA_81,rank08,SL2,1.7304663212435234
sgRNA_81,rank08,SL3,1.3643298969072166
sgRNA_81,rank08,TL,0.9906632653061225
sgRNA_81,rank08,spacer,1.9006656346749224
sgRNA_81,rank09,SL1,1.2338565022421524
sgRNA_81,rank09,SL2,1.7304663212435234
sgRNA_81,rank09,SL3,1.3643298969072166
sgRNA_81,rank09,TL,0.9906632653061225
sgRNA_81,rank09,spacer,1.9006656346749224
sgRNA_81,rank10,SL1,1.2338565022421524
sgRNA_81,rank10,SL2,1.7304663212435234
sgRNA_81,rank10,SL3,1.3643298969072166
sgRNA_81,rank10,TL,0.9906632653061225
sgRNA_81,rank10,spacer,1.9006656346749224
sgRNA_81,rank11,SL1,1.2338565022421524
sgRNA_81,rank11,SL2,1.7304663212435234
sgRNA_81,rank11,SL3,1.3643298969072166
sgRNA_81,rank11,TL,0.9906632653061225
sgRNA_81,rank11,spacer,1.9006656346749224
sgRNA_82,rank01,SL1,2.1049327354260092
sgRNA_82,rank01,SL2,1.8508290155440414
sgRNA_82,rank01,SL3,-0.3402061855670103
sgRNA_82,rank01,TL,1.009795918367347
sgRNA_82,rank01,spacer,2.103984496124031
sgRNA_82,rank02,SL1,2.1049327354260092
sgRNA_82,rank02,SL2,1.8508290155440414
sgRNA_82,rank02,SL3,-0.3402061855670103
sgRNA_82,rank02,TL,1.009795918367347
sgRNA_82,rank02,spacer,2.103984496124031
sgRNA_82,rank03,SL1,2.1049327354260092
sgRNA_82,rank03,SL2,1.8508290155440414
sgRNA_82,rank03,SL3,-0.3402061855670103
sgRNA_82,rank03,TL,1.009795918367347
sgRNA_82,rank03,spacer,2.103984496124031
sgRNA_82,rank04,SL1,2.1049327354260092
sgRNA_82,rank04,SL2,1.8508290155440414
sgRNA_82,rank04,SL3,-0.3402061855670103
sgRNA_82,rank04,TL,1.009795918367347
sgRNA_82,rank04,spacer,2.103984496124031
sgRNA_82,rank05,SL1,2.1049327354260092
sgRNA_82,rank05,SL2,1.8508290155440414
sgRNA_82,rank05,SL3,-0.3402061855670103
sgRNA_82,rank05,TL,1.009795918367347
sgRNA_82,rank05,spacer,2.103984496124031
sgRNA_82,rank06,SL1,2.1049327354260092
sgRNA_82,rank06,SL2,1.8508290155440414
sgRNA_82,rank06,SL3,-0.3402061855670103
sgRNA_82,rank06,TL,1.009795918367347
sgRNA_82,rank06,spacer,2.103984496124031
sgRNA_82,rank07,SL1,2.1049327354260092
sgRNA_82,rank07,SL2,1.8508290155440414
sgRNA_82,rank07,SL3,-0.3402061855670103
sgRNA_82,rank07,TL,1.009795918367347
sgRNA_82,rank07,spacer,2.103984496124031
sgRNA_82,rank08,SL1,2.1049327354260092
sgRNA_82,rank08,SL2,1.8508290155440414
sgRNA_82,rank08,SL3,-0.3402061855670103
sgRNA_82,rank08,TL,1.009795918367347
sgRNA_82,rank08,spacer,2.103984496124031
sgRNA_82,rank09,SL1,2.1049327354260092
sgRNA_82,rank09,SL2,1.8508290155440414
sgRNA_82,rank09,SL3,-0.3402061855670103
sgRNA_82,rank09,TL,1.009795918367347
sgRNA_82,rank09,spacer,2.103984496124031
sgRNA_82,rank10,SL1,2.1049327354260092
sgRNA_82,rank10,SL2,1.8508290155440414
sgRNA_82,rank10,SL3,-0.3402061855670103
sgRNA_82,rank10,TL,1.009795918367347
sgRNA_82,rank10,spacer,2.103984496124031
sgRNA_82,rank11,SL1,2.1049327354260092
sgRNA_82,rank11,SL2,1.8508290155440414
sgRNA_82,rank11,SL3,-0.3402061855670103
sgRNA_82,rank11,TL,1.009795918367347
sgRNA_82,rank11,spacer,2.103984496124031
sgRNA_83,rank01,SL1,1.9681614349775787
sgRNA_83,rank01,SL2,1.5393264248704666
sgRNA_83,rank01,SL3,0.8888659793814433
sgRNA_83,rank01,TL,1.8306632653061226
sgRNA_83,rank01,spacer,1.846359375
sgRNA_83,rank02,SL1,1.9681614349775787
sgRNA_83,rank02,SL2,1.5393264248704666
sgRNA_83,rank02,SL3,0.8888659793814433
sgRNA_83,rank02,TL,1.8306632653061226
sgRNA_83,rank02,spacer,1.846359375
sgRNA_83,rank03,SL1,1.9681614349775787
sgRNA_83,rank03,SL2,1.5393264248704666
sgRNA_83,rank03,SL3,0.8888659793814433
sgRNA_83,rank03,TL,1.8306632653061226
sgRNA_83,rank03,spacer,1.846359375
sgRNA_83,rank04,SL1,1.9681614349775787
sgRNA_83,rank04,SL2,1.5393264248704666
sgRNA_83,rank04,SL3,0.8888659793814433
sgRNA_83,rank04,TL,1.8306632653061226
sgRNA_83,rank04,spacer,1.846359375
sgRNA_83,rank05,SL1,1.9681614349775787
sgRNA_83,rank05,SL2,1.5393264248704666
sgRNA_83,rank05,SL3,0.8888659793814433
sgRNA_83,rank05,TL,1.8306632653061226
sgRNA_83,rank05,spacer,1.846359375
sgRNA_83,rank06,SL1,1.9681614349775787
sgRNA_83,rank06,SL2,1.5393264248704666
sgRNA_83,rank06,SL3,0.8888659793814433
sgRNA_83,rank06,TL,1.8306632653061226
sgRNA_83,rank06,spacer,1.846359375
sgRNA_83,rank07,SL1,1.9681614349775787
sgRNA_83,rank07,SL2,1.5393264248704666
sgRNA_83,rank07,SL3,0.8888659793814433
sgRNA_83,rank07,TL,1.8306632653061226
sgRNA_83,rank07,spacer,1.846359375
sgRNA_83,rank08,SL1,1.9681614349775787
sgRNA_83,rank08,SL2,1.5393264248704666
sgRNA_83,rank08,SL3,0.8888659793814433
sgRNA_83,rank08,TL,1.8306632653061226
sgRNA_83,rank08,spacer,1.846359375
sgRNA_83,rank09,SL1,1.9681614349775787
sgRNA_83,rank09,SL2,1.5393264248704666
sgRNA_83,rank09,SL3,0.8888659793814433
sgRNA_83,rank09,TL,1.8306632653061226
sgRNA_83,rank09,spacer,1.846359375
sgRNA_83,rank10,SL1,1.9681614349775787
sgRNA_83,rank10,SL2,1.5393264248704666
sgRNA_83,rank10,SL3,0.8888659793814433
sgRNA_83,rank10,TL,1.8306632653061226
sgRNA_83,rank10,spacer,1.846359375
sgRNA_84,rank01,SL1,1.6247982062780268
sgRNA_84,rank01,SL2,1.8467875647668395
sgRNA_84,rank01,SL3,0.2755670103092784
sgRNA_84,rank01,TL,1.3571428571428572
sgRNA_84,rank01,spacer,2.0636908517350157
sgRNA_84,rank02,SL1,1.6247982062780268
sgRNA_84,rank02,SL2,1.8467875647668395
sgRNA_84,rank02,SL3,0.2755670103092784
sgRNA_84,rank02,TL,1.3571428571428572
sgRNA_84,rank02,spacer,2.0636908517350157
sgRNA_84,rank03,SL1,1.6247982062780268
sgRNA_84,rank03,SL2,1.8467875647668395
sgRNA_84,rank03,SL3,0.2755670103092784
sgRNA_84,rank03,TL,1.3571428571428572
sgRNA_84,rank03,spacer,2.0636908517350157
sgRNA_84,rank04,SL1,1.6247982062780268
sgRNA_84,rank04,SL2,1.8467875647668395
sgRNA_84,rank04,SL3,0.2755670103092784
sgRNA_84,rank04,TL,1.3571428571428572
sgRNA_84,rank04,spacer,2.0636908517350157
sgRNA_84,rank05,SL1,1.6247982062780268
sgRNA_84,rank05,SL2,1.8467875647668395
sgRNA_84,rank05,SL3,0.2755670103092784
sgRNA_84,rank05,TL,1.3571428571428572
sgRNA_84,rank05,spacer,2.0636908517350157
sgRNA_84,rank06,SL1,1.6247982062780268
sgRNA_84,rank06,SL2,1.8467875647668395
sgRNA_84,rank06,SL3,0.2755670103092784
sgRNA_84,rank06,TL,1.3571428571428572
sgRNA_84,rank06,spacer,2.0636908517350157
sgRNA_84,rank07,SL1,1.6247982062780268
sgRNA_84,rank07,SL2,1.8467875647668395
sgRNA_84,rank07,SL3,0.2755670103092784
sgRNA_84,rank07,TL,1.3571428571428572
sgRNA_84,rank07,spacer,2.0636908517350157
sgRNA_84,rank08,SL1,1.6247982062780268
sgRNA_84,rank08,SL2,1.8467875647668395
sgRNA_84,rank08,SL3,0.2755670103092784
sgRNA_84,rank08,TL,1.3571428571428572
sgRNA_84,rank08,spacer,2.0636908517350157
sgRNA_84,rank09,SL1,1.6247982062780268
sgRNA_84,rank09,SL2,1.8467875647668395
sgRNA_84,rank09,SL3,0.2755670103092784
sgRNA_84,rank09,TL,1.3571428571428572
sgRNA_84,rank09,spacer,2.0636908517350157
sgRNA_84,rank10,SL1,1.6247982062780268
sgRNA_84,rank10,SL2,1.8467875647668395
sgRNA_84,rank10,SL3,0.2755670103092784
sgRNA_84,rank10,TL,1.3571428571428572
sgRNA_84,rank10,spacer,2.0636908517350157
sgRNA_85,rank01,SL1,0.7818834080717489
sgRNA_85,rank01,SL2,1.4938341968911917
sgRNA_85,rank01,SL3,0.5604123711340206
sgRNA_85,rank01,TL,0.44545918367346937
sgRNA_85,rank01,spacer,1.7178446909667195
sgRNA_85,rank02,SL1,0.7818834080717489
sgRNA_85,rank02,SL2,1.4938341968911917
sgRNA_85,rank02,SL3,0.5604123711340206
sgRNA_85,rank02,TL,0.44545918367346937
sgRNA_85,rank02,spacer,1.7178446909667195
sgRNA_85,rank03,SL1,0.7818834080717489
sgRNA_85,rank03,SL2,1.4938341968911917
sgRNA_85,rank03,SL3,0.5604123711340206
sgRNA_85,rank03,TL,0.44545918367346937
sgRNA_85,rank03,spacer,1.7178446909667195
sgRNA_85,rank04,SL1,0.7818834080717489
sgRNA_85,rank04,SL2,1.4938341968911917
sgRNA_85,rank04,SL3,0.5604123711340206
sgRNA_85,rank04,TL,0.44545918367346937
sgRNA_85,rank04,spacer,1.7178446909667195
sgRNA_85,rank05,SL1,0.7818834080717489
sgRNA_85,rank05,SL2,1.4938341968911917
sgRNA_85,rank05,SL3,0.5604123711340206
sgRNA_85,rank05,TL,0.44545918367346937
sgRNA_85,rank05,spacer,1.7178446909667195
sgRNA_85,rank06,SL1,0.7818834080717489
sgRNA_85,rank06,SL2,1.4938341968911917
sgRNA_85,rank06,SL3,0.5604123711340206
sgRNA_85,rank06,TL,0.44545918367346937
sgRNA_85,rank06,spacer,1.7178446909667195
sgRNA_85,rank07,SL1,0.7818834080717489
sgRNA_85,rank07,SL2,1.4938341968911917
sgRNA_85,rank07,SL3,0.5604123711340206
sgRNA_85,rank07,TL,0.44545918367346937
sgRNA_85,rank07,spacer,1.7178446909667195
sgRNA_85,rank08,SL1,0.7818834080717489
sgRNA_85,rank08,SL2,1.4938341968911917
sgRNA_85,rank08,SL3,0.5604123711340206
sgRNA_85,rank08,TL,0.44545918367346937
sgRNA_85,rank08,spacer,1.7178446909667195
sgRNA_85,rank09,SL1,0.7818834080717489
sgRNA_85,rank09,SL2,1.4938341968911917
sgRNA_85,rank09,SL3,0.5604123711340206
sgRNA_85,rank09,TL,0.44545918367346937
sgRNA_85,rank09,spacer,1.7178446909667195
sgRNA_86,rank01,SL1,1.655964125560538
sgRNA_86,rank01,SL2,0.5247668393782383
sgRNA_86,rank01,SL3,-0.35051546391752575
sgRNA_86,rank01,TL,0.5779591836734694
sgRNA_86,rank01,spacer,1.4062363919129084
sgRNA_86,rank02,SL1,1.655964125560538
sgRNA_86,rank02,SL2,0.5247668393782383
sgRNA_86,rank02,SL3,-0.35051546391752575
sgRNA_86,rank02,TL,0.5779591836734694
sgRNA_86,rank02,spacer,1.4062363919129084
sgRNA_86,rank03,SL1,1.655964125560538
sgRNA_86,rank03,SL2,0.5247668393782383
sgRNA_86,rank03,SL3,-0.35051546391752575
sgRNA_86,rank03,TL,0.5779591836734694
sgRNA_86,rank03,spacer,1.4062363919129084
sgRNA_86,rank04,SL1,1.655964125560538
sgRNA_86,rank04,SL2,0.5247668393782383
sgRNA_86,rank04,SL3,-0.35051546391752575
sgRNA_86,rank04,TL,0.5779591836734694
sgRNA_86,rank04,spacer,1.4062363919129084
sgRNA_86,rank05,SL1,1.655964125560538
sgRNA_86,rank05,SL2,0.5247668393782383
sgRNA_86,rank05,SL3,-0.35051546391752575
sgRNA_86,rank05,TL,0.5779591836734694
sgRNA_86,rank05,spacer,1.4062363919129084
sgRNA_86,rank06,SL1,1.655964125560538
sgRNA_86,rank06,SL2,0.5247668393782383
sgRNA_86,rank06,SL3,-0.35051546391752575
sgRNA_86,rank06,TL,0.5779591836734694
sgRNA_86,rank06,spacer,1.4062363919129084
sgRNA_86,rank07,SL1,1.655964125560538
sgRNA_86,rank07,SL2,0.5247668393782383
sgRNA_86,rank07,SL3,-0.35051546391752575
sgRNA_86,rank07,TL,0.5779591836734694
sgRNA_86,rank07,spacer,1.4062363919129084
sgRNA_86,rank08,SL1,1.655964125560538
sgRNA_86,rank08,SL2,0.5247668393782383
sgRNA_86,rank08,SL3,-0.35051546391752575
sgRNA_86,rank08,TL,0.5779591836734694
sgRNA_86,rank08,spacer,1.4062363919129084
sgRNA_87,rank01,SL1,1.2996412556053811
sgRNA_87,rank01,SL2,1.9670466321243523
sgRNA_87,rank01,SL3,-0.6597938144329897
sgRNA_87,rank01,TL,0.17214285714285715
sgRNA_87,rank01,spacer,1.6910906298003074
sgRNA_87,rank02,SL1,1.2996412556053811
sgRNA_87,rank02,SL2,1.9670466321243523
sgRNA_87,rank02,SL3,-0.6597938144329897
sgRNA_87,rank02,TL,0.17214285714285715
sgRNA_87,rank02,spacer,1.6910906298003074
sgRNA_87,rank03,SL1,1.2996412556053811
sgRNA_87,rank03,SL2,1.9670466321243523
sgRNA_87,rank03,SL3,-0.6597938144329897
sgRNA_87,rank03,TL,0.17214285714285715
sgRNA_87,rank03,spacer,1.6910906298003074
sgRNA_87,rank04,SL1,1.2996412556053811
sgRNA_87,rank04,SL2,1.9670466321243523
sgRNA_87,rank04,SL3,-0.6597938144329897
sgRNA_87,rank04,TL,0.17214285714285715
sgRNA_87,rank04,spacer,1.6910906298003074
sgRNA_87,rank05,SL1,1.2996412556053811
sgRNA_87,rank05,SL2,1.9670466321243523
sgRNA_87,rank05,SL3,-0.6597938144329897
sgRNA_87,rank05,TL,0.17214285714285715
sgRNA_87,rank05,spacer,1.6910906298003074
sgRNA_87,rank06,SL1,1.2996412556053811
sgRNA_87,rank06,SL2,1.9670466321243523
sgRNA_87,rank06,SL3,-0.6597938144329897
sgRNA_87,rank06,TL,0.17214285714285715
sgRNA_87,rank06,spacer,1.6910906298003074
sgRNA_87,rank07,SL1,1.2996412556053811
sgRNA_87,rank07,SL2,1.9670466321243523
sgRNA_87,rank07,SL3,-0.6597938144329897
sgRNA_87,rank07,TL,0.17214285714285715
sgRNA_87,rank07,spacer,1.6910906298003074
sgRNA_88,rank01,SL1,1.6709417040358745
sgRNA_88,rank01,SL2,2.163523316062176
sgRNA_88,rank01,SL3,1.5218556701030928
sgRNA_88,rank01,TL,1.628061224489796
sgRNA_88,rank01,spacer,2.1410280373831774
sgRNA_88,rank02,SL1,1.6709417040358745
sgRNA_88,rank02,SL2,2.163523316062176
sgRNA_88,rank02,SL3,1.5218556701030928
sgRNA_88,rank02,TL,1.628061224489796
sgRNA_88,rank02,spacer,2.1410280373831774
sgRNA_88,rank03,SL1,1.6709417040358745
sgRNA_88,rank03,SL2,2.163523316062176
sgRNA_88,rank03,SL3,1.5218556701030928
sgRNA_88,rank03,TL,1.628061224489796
sgRNA_88,rank03,spacer,2.1410280373831774
sgRNA_88,rank04,SL1,1.6709417040358745
sgRNA_88,rank04,SL2,2.163523316062176
sgRNA_88,rank04,SL3,1.5218556701030928
sgRNA_88,rank04,TL,1.628061224489796
sgRNA_88,rank04,spacer,2.1410280373831774
sgRNA_88,rank05,SL1,1.6709417040358745
sgRNA_88,rank05,SL2,2.163523316062176
sgRNA_88,rank05,SL3,1.5218556701030928
sgRNA_88,rank05,TL,1.628061224489796
sgRNA_88,rank05,spacer,2.1410280373831774
sgRNA_88,rank06,SL1,1.6709417040358745
sgRNA_88,rank06,SL2,2.163523316062176
sgRNA_88,rank06,SL3,1.5218556701030928
sgRNA_88,rank06,TL,1.628061224489796
sgRNA_88,rank06,spacer,2.1410280373831774
sgRNA_88,rank07,SL1,1.6709417040358745
sgRNA_88,rank07,SL2,2.163523316062176
sgRNA_88,rank07,SL3,1.5218556701030928
sgRNA_88,rank07,TL,1.628061224489796
sgRNA_88,rank07,spacer,2.1410280373831774
sgRNA_88,rank08,SL1,1.6709417040358745
sgRNA_88,rank08,SL2,2.163523316062176
sgRNA_88,rank08,SL3,1.5218556701030928
sgRNA_88,rank08,TL,1.628061224489796
sgRNA_88,rank08,spacer,2.1410280373831774
sgRNA_88,rank09,SL1,1.6709417040358745
sgRNA_88,rank09,SL2,2.163523316062176
sgRNA_88,rank09,SL3,1.5218556701030928
sgRNA_88,rank09,TL,1.628061224489796
sgRNA_88,rank09,spacer,2.1410280373831774
sgRNA_88,rank10,SL1,1.6709417040358745
sgRNA_88,rank10,SL2,2.163523316062176
sgRNA_88,rank10,SL3,1.5218556701030928
sgRNA_88,rank10,TL,1.628061224489796
sgRNA_88,rank10,spacer,2.1410280373831774
sgRNA_88,rank11,SL1,1.6709417040358745
sgRNA_88,rank11,SL2,2.163523316062176
sgRNA_88,rank11,SL3,1.5218556701030928
sgRNA_88,rank11,TL,1.628061224489796
sgRNA_88,rank11,spacer,2.1410280373831774
sgRNA_89,rank01,SL1,1.986188340807175
sgRNA_89,rank01,SL2,1.491658031088083
sgRNA_89,rank01,SL3,-1.0
sgRNA_89,rank01,TL,0.16841836734693877
sgRNA_89,rank01,spacer,1.9812364760432766
sgRNA_89,rank02,SL1,1.986188340807175
sgRNA_89,rank02,SL2,1.491658031088083
sgRNA_89,rank02,SL3,-1.0
sgRNA_89,rank02,TL,0.16841836734693877
sgRNA_89,rank02,spacer,1.9812364760432766
sgRNA_89,rank03,SL1,1.986188340807175
sgRNA_89,rank03,SL2,1.491658031088083
sgRNA_89,rank03,SL3,-1.0
sgRNA_89,rank03,TL,0.16841836734693877
sgRNA_89,rank03,spacer,1.9812364760432766
sgRNA_89,rank04,SL1,1.986188340807175
sgRNA_89,rank04,SL2,1.491658031088083
sgRNA_89,rank04,SL3,-1.0
sgRNA_89,rank04,TL,0.16841836734693877
sgRNA_89,rank04,spacer,1.9812364760432766
sgRNA_89,rank05,SL1,1.986188340807175
sgRNA_89,rank05,SL2,1.491658031088083
sgRNA_89,rank05,SL3,-1.0
sgRNA_89,rank05,TL,0.16841836734693877
sgRNA_89,rank05,spacer,1.9812364760432766
sgRNA_89,rank06,SL1,1.986188340807175
sgRNA_89,rank06,SL2,1.491658031088083
sgRNA_89,rank06,SL3,-1.0
sgRNA_89,rank06,TL,0.16841836734693877
sgRNA_89,rank06,spacer,1.9812364760432766
sgRNA_89,rank07,SL1,1.986188340807175
sgRNA_89,rank07,SL2,1.491658031088083
sgRNA_89,rank07,SL3,-1.0
sgRNA_89,rank07,TL,0.16841836734693877
sgRNA_89,rank07,spacer,1.9812364760432766
sgRNA_89,rank08,SL1,1.986188340807175
sgRNA_89,rank08,SL2,1.491658031088083
sgRNA_89,rank08,SL3,-1.0
sgRNA_89,rank08,TL,0.16841836734693877
sgRNA_89,rank08,spacer,1.9812364760432766
sgRNA_89,rank09,SL1,1.986188340807175
sgRNA_89,rank09,SL2,1.491658031088083
sgRNA_89,rank09,SL3,-1.0
sgRNA_89,rank09,TL,0.16841836734693877
sgRNA_89,rank09,spacer,1.9812364760432766
sgRNA_9,rank01,SL1,1.3218834080717488
sgRNA_9,rank01,SL2,1.3561139896373058
sgRNA_9,rank01,SL3,0.5208247422680413
sgRNA_9,rank01,TL,1.6070408163265306
sgRNA_9,rank01,spacer,0.7307943925233645
sgRNA_9,rank02,SL1,1.3218834080717488
sgRNA_9,rank02,SL2,1.3561139896373058
sgRNA_9,rank02,SL3,0.5208247422680413
sgRNA_9,rank02,TL,1.6070408163265306
sgRNA_9,rank02,spacer,0.7307943925233645
sgRNA_9,rank03,SL1,1.3218834080717488
sgRNA_9,rank03,SL2,1.3561139896373058
sgRNA_9,rank03,SL3,0.5208247422680413
sgRNA_9,rank03,TL,1.6070408163265306
sgRNA_9,rank03,spacer,0.7307943925233645
sgRNA_9,rank04,SL1,1.3218834080717488
sgRNA_9,rank04,SL2,1.3561139896373058
sgRNA_9,rank04,SL3,0.5208247422680413
sgRNA_9,rank04,TL,1.6070408163265306
sgRNA_9,rank04,spacer,0.7307943925233645
sgRNA_9,rank05,SL1,1.3218834080717488
sgRNA_9,rank05,SL2,1.3561139896373058
sgRNA_9,rank05,SL3,0.5208247422680413
sgRNA_9,rank05,TL,1.6070408163265306
sgRNA_9,rank05,spacer,0.7307943925233645
sgRNA_9,rank06,SL1,1.3218834080717488
sgRNA_9,rank06,SL2,1.3561139896373058
sgRNA_9,rank06,SL3,0.5208247422680413
sgRNA_9,rank06,TL,1.6070408163265306
sgRNA_9,rank06,spacer,0.7307943925233645
sgRNA_9,rank07,SL1,1.3218834080717488
sgRNA_9,rank07,SL2,1.3561139896373058
sgRNA_9,rank07,SL3,0.5208247422680413
sgRNA_9,rank07,TL,1.6070408163265306
sgRNA_9,rank07,spacer,0.7307943925233645
sgRNA_9,rank08,SL1,1.3218834080717488
sgRNA_9,rank08,SL2,1.3561139896373058
sgRNA_9,rank08,SL3,0.5208247422680413
sgRNA_9,rank08,TL,1.6070408163265306
sgRNA_9,rank08,spacer,0.7307943925233645
sgRNA_9,rank09,SL1,1.3218834080717488
sgRNA_9,rank09,SL2,1.3561139896373058
sgRNA_9,rank09,SL3,0.5208247422680413
sgRNA_9,rank09,TL,1.6070408163265306
sgRNA_9,rank09,spacer,0.7307943925233645
sgRNA_9,rank10,SL1,1.3218834080717488
sgRNA_9,rank10,SL2,1.3561139896373058
sgRNA_9,rank10,SL3,0.5208247422680413
sgRNA_9,rank10,TL,1.6070408163265306
sgRNA_9,rank10,spacer,0.7307943925233645
sgRNA_90,rank01,SL1,1.7045291479820628
sgRNA_90,rank01,SL2,2.092227979274611
sgRNA_90,rank01,SL3,-1.0
sgRNA_90,rank01,TL,0.945204081632653
sgRNA_90,rank01,spacer,1.9779299363057326
sgRNA_90,rank02,SL1,1.7045291479820628
sgRNA_90,rank02,SL2,2.092227979274611
sgRNA_90,rank02,SL3,-1.0
sgRNA_90,rank02,TL,0.945204081632653
sgRNA_90,rank02,spacer,1.9779299363057326
sgRNA_90,rank03,SL1,1.7045291479820628
sgRNA_90,rank03,SL2,2.092227979274611
sgRNA_90,rank03,SL3,-1.0
sgRNA_90,rank03,TL,0.945204081632653
sgRNA_90,rank03,spacer,1.9779299363057326
sgRNA_90,rank04,SL1,1.7045291479820628
sgRNA_90,rank04,SL2,2.092227979274611
sgRNA_90,rank04,SL3,-1.0
sgRNA_90,rank04,TL,0.945204081632653
sgRNA_90,rank04,spacer,1.9779299363057326
sgRNA_90,rank05,SL1,1.7045291479820628
sgRNA_90,rank05,SL2,2.092227979274611
sgRNA_90,rank05,SL3,-1.0
sgRNA_90,rank05,TL,0.945204081632653
sgRNA_90,rank05,spacer,1.9779299363057326
sgRNA_90,rank06,SL1,1.7045291479820628
sgRNA_90,rank06,SL2,2.092227979274611
sgRNA_90,rank06,SL3,-1.0
sgRNA_90,rank06,TL,0.945204081632653
sgRNA_90,rank06,spacer,1.9779299363057326
sgRNA_90,rank07,SL1,1.7045291479820628
sgRNA_90,rank07,SL2,2.092227979274611
sgRNA_90,rank07,SL3,-1.0
sgRNA_90,rank07,TL,0.945204081632653
sgRNA_90,rank07,spacer,1.9779299363057326
sgRNA_90,rank08,SL1,1.7045291479820628
sgRNA_90,rank08,SL2,2.092227979274611
sgRNA_90,rank08,SL3,-1.0
sgRNA_90,rank08,TL,0.945204081632653
sgRNA_90,rank08,spacer,1.9779299363057326
sgRNA_90,rank09,SL1,1.7045291479820628
sgRNA_90,rank09,SL2,2.092227979274611
sgRNA_90,rank09,SL3,-1.0
sgRNA_90,rank09,TL,0.945204081632653
sgRNA_90,rank09,spacer,1.9779299363057326
sgRNA_90,rank10,SL1,1.7045291479820628
sgRNA_90,rank10,SL2,2.092227979274611
sgRNA_90,rank10,SL3,-1.0
sgRNA_90,rank10,TL,0.945204081632653
sgRNA_90,rank10,spacer,1.9779299363057326
sgRNA_90,rank11,SL1,1.7045291479820628
sgRNA_90,rank11,SL2,2.092227979274611
sgRNA_90,rank11,SL3,-1.0
sgRNA_90,rank11,TL,0.945204081632653
sgRNA_90,rank11,spacer,1.9779299363057326
sgRNA_91,rank01,SL1,1.4147982062780269
sgRNA_91,rank01,SL2,1.5237305699481865
sgRNA_91,rank01,SL3,-0.023917525773195888
sgRNA_91,rank01,TL,-0.04627551020408162
sgRNA_91,rank01,spacer,1.6546226415094338
sgRNA_91,rank02,SL1,1.4147982062780269
sgRNA_91,rank02,SL2,1.5237305699481865
sgRNA_91,rank02,SL3,-0.023917525773195888
sgRNA_91,rank02,TL,-0.04627551020408162
sgRNA_91,rank02,spacer,1.6546226415094338
sgRNA_91,rank03,SL1,1.4147982062780269
sgRNA_91,rank03,SL2,1.5237305699481865
sgRNA_91,rank03,SL3,-0.023917525773195888
sgRNA_91,rank03,TL,-0.04627551020408162
sgRNA_91,rank03,spacer,1.6546226415094338
sgRNA_91,rank04,SL1,1.4147982062780269
sgRNA_91,rank04,SL2,1.5237305699481865
sgRNA_91,rank04,SL3,-0.023917525773195888
sgRNA_91,rank04,TL,-0.04627551020408162
sgRNA_91,rank04,spacer,1.6546226415094338
sgRNA_91,rank05,SL1,1.4147982062780269
sgRNA_91,rank05,SL2,1.5237305699481865
sgRNA_91,rank05,SL3,-0.023917525773195888
sgRNA_91,rank05,TL,-0.04627551020408162
sgRNA_91,rank05,spacer,1.6546226415094338
sgRNA_91,rank06,SL1,1.4147982062780269
sgRNA_91,rank06,SL2,1.5237305699481865
sgRNA_91,rank06,SL3,-0.023917525773195888
sgRNA_91,rank06,TL,-0.04627551020408162
sgRNA_91,rank06,spacer,1.6546226415094338
sgRNA_91,rank07,SL1,1.4147982062780269
sgRNA_91,rank07,SL2,1.5237305699481865
sgRNA_91,rank07,SL3,-0.023917525773195888
sgRNA_91,rank07,TL,-0.04627551020408162
sgRNA_91,rank07,spacer,1.6546226415094338
sgRNA_91,rank08,SL1,1.4147982062780269
sgRNA_91,rank08,SL2,1.5237305699481865
sgRNA_91,rank08,SL3,-0.023917525773195888
sgRNA_91,rank08,TL,-0.04627551020408162
sgRNA_91,rank08,spacer,1.6546226415094338
sgRNA_92,rank01,SL1,1.5648878923766818
sgRNA_92,rank01,SL2,0.9961658031088084
sgRNA_92,rank01,SL3,0.9237113402061856
sgRNA_92,rank01,TL,1.6420408163265305
sgRNA_92,rank01,spacer,1.9264788732394367
sgRNA_92,rank02,SL1,1.5648878923766818
sgRNA_92,rank02,SL2,0.9961658031088084
sgRNA_92,rank02,SL3,0.9237113402061856
sgRNA_92,rank02,TL,1.6420408163265305
sgRNA_92,rank02,spacer,1.9264788732394367
sgRNA_92,rank03,SL1,1.5648878923766818
sgRNA_92,rank03,SL2,0.9961658031088084
sgRNA_92,rank03,SL3,0.9237113402061856
sgRNA_92,rank03,TL,1.6420408163265305
sgRNA_92,rank03,spacer,1.9264788732394367
sgRNA_92,rank04,SL1,1.5648878923766818
sgRNA_92,rank04,SL2,0.9961658031088084
sgRNA_92,rank04,SL3,0.9237113402061856
sgRNA_92,rank04,TL,1.6420408163265305
sgRNA_92,rank04,spacer,1.9264788732394367
sgRNA_92,rank05,SL1,1.5648878923766818
sgRNA_92,rank05,SL2,0.9961658031088084
sgRNA_92,rank05,SL3,0.9237113402061856
sgRNA_92,rank05,TL,1.6420408163265305
sgRNA_92,rank05,spacer,1.9264788732394367
sgRNA_92,rank06,SL1,1.5648878923766818
sgRNA_92,rank06,SL2,0.9961658031088084
sgRNA_92,rank06,SL3,0.9237113402061856
sgRNA_92,rank06,TL,1.6420408163265305
sgRNA_92,rank06,spacer,1.9264788732394367
sgRNA_92,rank07,SL1,1.5648878923766818
sgRNA_92,rank07,SL2,0.9961658031088084
sgRNA_92,rank07,SL3,0.9237113402061856
sgRNA_92,rank07,TL,1.6420408163265305
sgRNA_92,rank07,spacer,1.9264788732394367
sgRNA_92,rank08,SL1,1.5648878923766818
sgRNA_92,rank08,SL2,0.9961658031088084
sgRNA_92,rank08,SL3,0.9237113402061856
sgRNA_92,rank08,TL,1.6420408163265305
sgRNA_92,rank08,spacer,1.9264788732394367
sgRNA_92,rank09,SL1,1.5648878923766818
sgRNA_92,rank09,SL2,0.9961658031088084
sgRNA_92,rank09,SL3,0.9237113402061856
sgRNA_92,rank09,TL,1.6420408163265305
sgRNA_92,rank09,spacer,1.9264788732394367
sgRNA_93,rank01,SL1,1.5352017937219733
sgRNA_93,rank01,SL2,1.8358549222797926
sgRNA_93,rank01,SL3,1.7821649484536084
sgRNA_93,rank01,TL,1.4422448979591838
sgRNA_93,rank01,spacer,1.7475955414012738
sgRNA_93,rank02,SL1,1.5352017937219733
sgRNA_93,rank02,SL2,1.8358549222797926
sgRNA_93,rank02,SL3,1.7821649484536084
sgRNA_93,rank02,TL,1.4422448979591838
sgRNA_93,rank02,spacer,1.7475955414012738
sgRNA_93,rank03,SL1,1.5352017937219733
sgRNA_93,rank03,SL2,1.8358549222797926
sgRNA_93,rank03,SL3,1.7821649484536084
sgRNA_93,rank03,TL,1.4422448979591838
sgRNA_93,rank03,spacer,1.7475955414012738
sgRNA_93,rank04,SL1,1.5352017937219733
sgRNA_93,rank04,SL2,1.8358549222797926
sgRNA_93,rank04,SL3,1.7821649484536084
sgRNA_93,rank04,TL,1.4422448979591838
sgRNA_93,rank04,spacer,1.7475955414012738
sgRNA_93,rank05,SL1,1.5352017937219733
sgRNA_93,rank05,SL2,1.8358549222797926
sgRNA_93,rank05,SL3,1.7821649484536084
sgRNA_93,rank05,TL,1.4422448979591838
sgRNA_93,rank05,spacer,1.7475955414012738
sgRNA_93,rank06,SL1,1.5352017937219733
sgRNA_93,rank06,SL2,1.8358549222797926
sgRNA_93,rank06,SL3,1.7821649484536084
sgRNA_93,rank06,TL,1.4422448979591838
sgRNA_93,rank06,spacer,1.7475955414012738
sgRNA_93,rank07,SL1,1.5352017937219733
sgRNA_93,rank07,SL2,1.8358549222797926
sgRNA_93,rank07,SL3,1.7821649484536084
sgRNA_93,rank07,TL,1.4422448979591838
sgRNA_93,rank07,spacer,1.7475955414012738
sgRNA_93,rank08,SL1,1.5352017937219733
sgRNA_93,rank08,SL2,1.8358549222797926
sgRNA_93,rank08,SL3,1.7821649484536084
sgRNA_93,rank08,TL,1.4422448979591838
sgRNA_93,rank08,spacer,1.7475955414012738
sgRNA_93,rank09,SL1,1.5352017937219733
sgRNA_93,rank09,SL2,1.8358549222797926
sgRNA_93,rank09,SL3,1.7821649484536084
sgRNA_93,rank09,TL,1.4422448979591838
sgRNA_93,rank09,spacer,1.7475955414012738
sgRNA_94,rank01,SL1,1.1541255605381167
sgRNA_94,rank01,SL2,1.6066321243523316
sgRNA_94,rank01,SL3,0.4178350515463918
sgRNA_94,rank01,TL,0.9389285714285714
sgRNA_94,rank01,spacer,1.468250773993808
sgRNA_94,rank02,SL1,1.1541255605381167
sgRNA_94,rank02,SL2,1.6066321243523316
sgRNA_94,rank02,SL3,0.4178350515463918
sgRNA_94,rank02,TL,0.9389285714285714
sgRNA_94,rank02,spacer,1.468250773993808
sgRNA_94,rank03,SL1,1.1541255605381167
sgRNA_94,rank03,SL2,1.6066321243523316
sgRNA_94,rank03,SL3,0.4178350515463918
sgRNA_94,rank03,TL,0.9389285714285714
sgRNA_94,rank03,spacer,1.468250773993808
sgRNA_94,rank04,SL1,1.1541255605381167
sgRNA_94,rank04,SL2,1.6066321243523316
sgRNA_94,rank04,SL3,0.4178350515463918
sgRNA_94,rank04,TL,0.9389285714285714
sgRNA_94,rank04,spacer,1.468250773993808
sgRNA_94,rank05,SL1,1.1541255605381167
sgRNA_94,rank05,SL2,1.6066321243523316
sgRNA_94,rank05,SL3,0.4178350515463918
sgRNA_94,rank05,TL,0.9389285714285714
sgRNA_94,rank05,spacer,1.468250773993808
sgRNA_94,rank06,SL1,1.1541255605381167
sgRNA_94,rank06,SL2,1.6066321243523316
sgRNA_94,rank06,SL3,0.4178350515463918
sgRNA_94,rank06,TL,0.9389285714285714
sgRNA_94,rank06,spacer,1.468250773993808
sgRNA_94,rank07,SL1,1.1541255605381167
sgRNA_94,rank07,SL2,1.6066321243523316
sgRNA_94,rank07,SL3,0.4178350515463918
sgRNA_94,rank07,TL,0.9389285714285714
sgRNA_94,rank07,spacer,1.468250773993808
sgRNA_94,rank08,SL1,1.1541255605381167
sgRNA_94,rank08,SL2,1.6066321243523316
sgRNA_94,rank08,SL3,0.4178350515463918
sgRNA_94,rank08,TL,0.9389285714285714
sgRNA_94,rank08,spacer,1.468250773993808
sgRNA_95,rank01,SL1,1.7816143497757848
sgRNA_95,rank01,SL2,2.0862694300518134
sgRNA_95,rank01,SL3,0.4824742268041238
sgRNA_95,rank01,TL,0.6405612244897959
sgRNA_95,rank01,spacer,2.0410492845786963
sgRNA_95,rank02,SL1,1.7816143497757848
sgRNA_95,rank02,SL2,2.0862694300518134
sgRNA_95,rank02,SL3,0.4824742268041238
sgRNA_95,rank02,TL,0.6405612244897959
sgRNA_95,rank02,spacer,2.0410492845786963
sgRNA_95,rank03,SL1,1.7816143497757848
sgRNA_95,rank03,SL2,2.0862694300518134
sgRNA_95,rank03,SL3,0.4824742268041238
sgRNA_95,rank03,TL,0.6405612244897959
sgRNA_95,rank03,spacer,2.0410492845786963
sgRNA_95,rank04,SL1,1.7816143497757848
sgRNA_95,rank04,SL2,2.0862694300518134
sgRNA_95,rank04,SL3,0.4824742268041238
sgRNA_95,rank04,TL,0.6405612244897959
sgRNA_95,rank04,spacer,2.0410492845786963
sgRNA_95,rank05,SL1,1.7816143497757848
sgRNA_95,rank05,SL2,2.0862694300518134
sgRNA_95,rank05,SL3,0.4824742268041238
sgRNA_95,rank05,TL,0.6405612244897959
sgRNA_95,rank05,spacer,2.0410492845786963
sgRNA_95,rank06,SL1,1.7816143497757848
sgRNA_95,rank06,SL2,2.0862694300518134
sgRNA_95,rank06,SL3,0.4824742268041238
sgRNA_95,rank06,TL,0.6405612244897959
sgRNA_95,rank06,spacer,2.0410492845786963
sgRNA_95,rank07,SL1,1.7816143497757848
sgRNA_95,rank07,SL2,2.0862694300518134
sgRNA_95,rank07,SL3,0.4824742268041238
sgRNA_95,rank07,TL,0.6405612244897959
sgRNA_95,rank07,spacer,2.0410492845786963
sgRNA_95,rank08,SL1,1.7816143497757848
sgRNA_95,rank08,SL2,2.0862694300518134
sgRNA_95,rank08,SL3,0.4824742268041238
sgRNA_95,rank08,TL,0.6405612244897959
sgRNA_95,rank08,spacer,2.0410492845786963
sgRNA_95,rank09,SL1,1.7816143497757848
sgRNA_95,rank09,SL2,2.0862694300518134
sgRNA_95,rank09,SL3,0.4824742268041238
sgRNA_95,rank09,TL,0.6405612244897959
sgRNA_95,rank09,spacer,2.0410492845786963
sgRNA_95,rank10,SL1,1.7816143497757848
sgRNA_95,rank10,SL2,2.0862694300518134
sgRNA_95,rank10,SL3,0.4824742268041238
sgRNA_95,rank10,TL,0.6405612244897959
sgRNA_95,rank10,spacer,2.0410492845786963
sgRNA_95,rank11,SL1,1.7816143497757848
sgRNA_95,rank11,SL2,2.0862694300518134
sgRNA_95,rank11,SL3,0.4824742268041238
sgRNA_95,rank11,TL,0.6405612244897959
sgRNA_95,rank11,spacer,2.0410492845786963
sgRNA_96,rank01,SL1,2.1828699551569506
sgRNA_96,rank01,SL2,2.02139896373057
sgRNA_96,rank01,SL3,1.1546391752577319
sgRNA_96,rank01,TL,1.0196938775510205
sgRNA_96,rank01,spacer,2.4127760252365933
sgRNA_96,rank02,SL1,2.1828699551569506
sgRNA_96,rank02,SL2,2.02139896373057
sgRNA_96,rank02,SL3,1.1546391752577319
sgRNA_96,rank02,TL,1.0196938775510205
sgRNA_96,rank02,spacer,2.4127760252365933
sgRNA_96,rank03,SL1,2.1828699551569506
sgRNA_96,rank03,SL2,2.02139896373057
sgRNA_96,rank03,SL3,1.1546391752577319
sgRNA_96,rank03,TL,1.0196938775510205
sgRNA_96,rank03,spacer,2.4127760252365933
sgRNA_96,rank04,SL1,2.1828699551569506
sgRNA_96,rank04,SL2,2.02139896373057
sgRNA_96,rank04,SL3,1.1546391752577319
sgRNA_96,rank04,TL,1.0196938775510205
sgRNA_96,rank04,spacer,2.4127760252365933
sgRNA_96,rank05,SL1,2.1828699551569506
sgRNA_96,rank05,SL2,2.02139896373057
sgRNA_96,rank05,SL3,1.1546391752577319
sgRNA_96,rank05,TL,1.0196938775510205
sgRNA_96,rank05,spacer,2.4127760252365933
sgRNA_96,rank06,SL1,2.1828699551569506
sgRNA_96,rank06,SL2,2.02139896373057
sgRNA_96,rank06,SL3,1.1546391752577319
sgRNA_96,rank06,TL,1.0196938775510205
sgRNA_96,rank06,spacer,2.4127760252365933
sgRNA_96,rank07,SL1,2.1828699551569506
sgRNA_96,rank07,SL2,2.02139896373057
sgRNA_96,rank07,SL3,1.1546391752577319
sgRNA_96,rank07,TL,1.0196938775510205
sgRNA_96,rank07,spacer,2.4127760252365933
sgRNA_96,rank08,SL1,2.1828699551569506
sgRNA_96,rank08,SL2,2.02139896373057
sgRNA_96,rank08,SL3,1.1546391752577319
sgRNA_96,rank08,TL,1.0196938775510205
sgRNA_96,rank08,spacer,2.4127760252365933
sgRNA_97,rank01,SL1,2.5597757847533633
sgRNA_97,rank01,SL2,2.388445595854922
sgRNA_97,rank01,SL3,1.1813402061855671
sgRNA_97,rank01,TL,1.2700510204081632
sgRNA_97,rank01,spacer,2.000203125
sgRNA_97,rank02,SL1,2.5597757847533633
sgRNA_97,rank02,SL2,2.388445595854922
sgRNA_97,rank02,SL3,1.1813402061855671
sgRNA_97,rank02,TL,1.2700510204081632
sgRNA_97,rank02,spacer,2.000203125
sgRNA_97,rank03,SL1,2.5597757847533633
sgRNA_97,rank03,SL2,2.388445595854922
sgRNA_97,rank03,SL3,1.1813402061855671
sgRNA_97,rank03,TL,1.2700510204081632
sgRNA_97,rank03,spacer,2.000203125
sgRNA_97,rank04,SL1,2.5597757847533633
sgRNA_97,rank04,SL2,2.388445595854922
sgRNA_97,rank04,SL3,1.1813402061855671
sgRNA_97,rank04,TL,1.2700510204081632
sgRNA_97,rank04,spacer,2.000203125
sgRNA_97,rank05,SL1,2.5597757847533633
sgRNA_97,rank05,SL2,2.388445595854922
sgRNA_97,rank05,SL3,1.1813402061855671
sgRNA_97,rank05,TL,1.2700510204081632
sgRNA_97,rank05,spacer,2.000203125
sgRNA_97,rank06,SL1,2.5597757847533633
sgRNA_97,rank06,SL2,2.388445595854922
sgRNA_97,rank06,SL3,1.1813402061855671
sgRNA_97,rank06,TL,1.2700510204081632
sgRNA_97,rank06,spacer,2.000203125
sgRNA_97,rank07,SL1,2.5597757847533633
sgRNA_97,rank07,SL2,2.388445595854922
sgRNA_97,rank07,SL3,1.1813402061855671
sgRNA_97,rank07,TL,1.2700510204081632
sgRNA_97,rank07,spacer,2.000203125
sgRNA_97,rank08,SL1,2.5597757847533633
sgRNA_97,rank08,SL2,2.388445595854922
sgRNA_97,rank08,SL3,1.1813402061855671
sgRNA_97,rank08,TL,1.2700510204081632
sgRNA_97,rank08,spacer,2.000203125
sgRNA_97,rank09,SL1,2.5597757847533633
sgRNA_97,rank09,SL2,2.388445595854922
sgRNA_97,rank09,SL3,1.1813402061855671
sgRNA_97,rank09,TL,1.2700510204081632
sgRNA_97,rank09,spacer,2.000203125
sgRNA_97,rank10,SL1,2.5597757847533633
sgRNA_97,rank10,SL2,2.388445595854922
sgRNA_97,rank10,SL3,1.1813402061855671
sgRNA_97,rank10,TL,1.2700510204081632
sgRNA_97,rank10,spacer,2.000203125
sgRNA_97,rank11,SL1,2.5597757847533633
sgRNA_97,rank11,SL2,2.388445595854922
sgRNA_97,rank11,SL3,1.1813402061855671
sgRNA_97,rank11,TL,1.2700510204081632
sgRNA_97,rank11,spacer,2.000203125
sgRNA_98,rank01,SL1,1.5090134529147983
sgRNA_98,rank01,SL2,2.084559585492228
sgRNA_98,rank01,SL3,1.5989690721649488
sgRNA_98,rank01,TL,1.2204591836734695
sgRNA_98,rank01,spacer,2.277299843014129
sgRNA_98,rank02,SL1,1.5090134529147983
sgRNA_98,rank02,SL2,2.084559585492228
sgRNA_98,rank02,SL3,1.5989690721649488
sgRNA_98,rank02,TL,1.2204591836734695
sgRNA_98,rank02,spacer,2.277299843014129
sgRNA_98,rank03,SL1,1.5090134529147983
sgRNA_98,rank03,SL2,2.084559585492228
sgRNA_98,rank03,SL3,1.5989690721649488
sgRNA_98,rank03,TL,1.2204591836734695
sgRNA_98,rank03,spacer,2.277299843014129
sgRNA_98,rank04,SL1,1.5090134529147983
sgRNA_98,rank04,SL2,2.084559585492228
sgRNA_98,rank04,SL3,1.5989690721649488
sgRNA_98,rank04,TL,1.2204591836734695
sgRNA_98,rank04,spacer,2.277299843014129
sgRNA_98,rank05,SL1,1.5090134529147983
sgRNA_98,rank05,SL2,2.084559585492228
sgRNA_98,rank05,SL3,1.5989690721649488
sgRNA_98,rank05,TL,1.2204591836734695
sgRNA_98,rank05,spacer,2.277299843014129
sgRNA_98,rank06,SL1,1.5090134529147983
sgRNA_98,rank06,SL2,2.084559585492228
sgRNA_98,rank06,SL3,1.5989690721649488
sgRNA_98,rank06,TL,1.2204591836734695
sgRNA_98,rank06,spacer,2.277299843014129
sgRNA_98,rank07,SL1,1.5090134529147983
sgRNA_98,rank07,SL2,2.084559585492228
sgRNA_98,rank07,SL3,1.5989690721649488
sgRNA_98,rank07,TL,1.2204591836734695
sgRNA_98,rank07,spacer,2.277299843014129
sgRNA_98,rank08,SL1,1.5090134529147983
sgRNA_98,rank08,SL2,2.084559585492228
sgRNA_98,rank08,SL3,1.5989690721649488
sgRNA_98,rank08,TL,1.2204591836734695
sgRNA_98,rank08,spacer,2.277299843014129
sgRNA_98,rank09,SL1,1.5090134529147983
sgRNA_98,rank09,SL2,2.084559585492228
sgRNA_98,rank09,SL3,1.5989690721649488
sgRNA_98,rank09,TL,1.2204591836734695
sgRNA_98,rank09,spacer,2.277299843014129
sgRNA_98,rank10,SL1,1.5090134529147983
sgRNA_98,rank10,SL2,2.084559585492228
sgRNA_98,rank10,SL3,1.5989690721649488
sgRNA_98,rank10,TL,1.2204591836734695
sgRNA_98,rank10,spacer,2.277299843014129
sgRNA_98,rank11,SL1,1.5090134529147983
sgRNA_98,rank11,SL2,2.084559585492228
sgRNA_98,rank11,SL3,1.5989690721649488
sgRNA_98,rank11,TL,1.2204591836734695
sgRNA_98,rank11,spacer,2.277299843014129
sgRNA_98,rank12,SL1,1.5090134529147983
sgRNA_98,rank12,SL2,2.084559585492228
sgRNA_98,rank12,SL3,1.5989690721649488
sgRNA_98,rank12,TL,1.2204591836734695
sgRNA_98,rank12,spacer,2.277299843014129
sgRNA_99,rank01,SL1,1.6884753363228697
sgRNA_99,rank01,SL2,1.6736787564766837
sgRNA_99,rank01,SL3,-0.30927835051546393
sgRNA_99,rank01,TL,-0.021887755102040815
sgRNA_99,rank01,spacer,1.8421780604133546
sgRNA_99,rank02,SL1,1.6884753363228697
sgRNA_99,rank02,SL2,1.6736787564766837
sgRNA_99,rank02,SL3,-0.30927835051546393
sgRNA_99,rank02,TL,-0.021887755102040815
sgRNA_99,rank02,spacer,1.8421780604133546
sgRNA_99,rank03,SL1,1.6884753363228697
sgRNA_99,rank03,SL2,1.6736787564766837
sgRNA_99,rank03,SL3,-0.30927835051546393
sgRNA_99,rank03,TL,-0.021887755102040815
sgRNA_99,rank03,spacer,1.8421780604133546
sgRNA_99,rank04,SL1,1.6884753363228697
sgRNA_99,rank04,SL2,1.6736787564766837
sgRNA_99,rank04,SL3,-0.30927835051546393
sgRNA_99,rank04,TL,-0.021887755102040815
sgRNA_99,rank04,spacer,1.8421780604133546
sgRNA_99,rank05,SL1,1.6884753363228697
sgRNA_99,rank05,SL2,1.6736787564766837
sgRNA_99,rank05,SL3,-0.30927835051546393
sgRNA_99,rank05,TL,-0.021887755102040815
sgRNA_99,rank05,spacer,1.8421780604133546
sgRNA_99,rank06,SL1,1.6884753363228697
sgRNA_99,rank06,SL2,1.6736787564766837
sgRNA_99,rank06,SL3,-0.30927835051546393
sgRNA_99,rank06,TL,-0.021887755102040815
sgRNA_99,rank06,spacer,1.8421780604133546
sgRNA_99,rank07,SL1,1.6884753363228697
sgRNA_99,rank07,SL2,1.6736787564766837
sgRNA_99,rank07,SL3,-0.30927835051546393
sgRNA_99,rank07,TL,-0.021887755102040815
sgRNA_99,rank07,spacer,1.8421780604133546
sgRNA_99,rank08,SL1,1.6884753363228697
sgRNA_99,rank08,SL2,1.6736787564766837
sgRNA_99,rank08,SL3,-0.30927835051546393
sgRNA_99,rank08,TL,-0.021887755102040815
sgRNA_99,rank08,spacer,1.8421780604133546
sgRNA_99,rank09,SL1,1.6884753363228697
sgRNA_99,rank09,SL2,1.6736787564766837
sgRNA_99,rank09,SL3,-0.30927835051546393
sgRNA_99,rank09,TL,-0.021887755102040815
sgRNA_99,rank09,spacer,1.8421780604133546
